Crash_Ref_Number,Crash_Severity,Crash_Year,Crash_Month,Crash_Day_Of_Week,Crash_Hour,Crash_Nature,Crash_Type,Crash_Longitude,Crash_Latitude,Crash_Street,Crash_Street_Intersecting,State_Road_Name,Loc_Suburb,Loc_Local_Government_Area,Loc_Post_Code,Loc_Police_Division,Loc_Police_District,Loc_Police_Region,Loc_Queensland_Transport_Region,Loc_Main_Roads_Region,Loc_ABS_Statistical_Area_2,Loc_ABS_Statistical_Area_3,Loc_ABS_Statistical_Area_4,Loc_ABS_Remoteness,Loc_State_Electorate,Loc_Federal_Electorate,Crash_Controlling_Authority,Crash_Roadway_Feature,Crash_Traffic_Control,Crash_Speed_Limit,Crash_Road_Surface_Condition,Crash_Atmospheric_Condition,Crash_Lighting_Condition,Crash_Road_Horiz_Align,Crash_Road_Vert_Align,Crash_DCA_Code,Crash_DCA_Description,Crash_DCA_Group_Description,DCA_Key_Approach_Dir,Count_Casualty_Fatality,Count_Casualty_Hospitalised,Count_Casualty_MedicallyTreated,Count_Casualty_MinorInjury,Count_Casualty_Total,Count_Unit_Car,Count_Unit_Motorcycle_Moped,Count_Unit_Truck,Count_Unit_Bus,Count_Unit_Bicycle,Count_Unit_Pedestrian,Count_Unit_Other
365252,Medical treatment,2018,February,Monday,15,Sideswipe,Multi-Vehicle,153.190887145042,-28.1691444561597,Akoonah Dr,Unknown,,Beechmont,Scenic Rim Region,4211,Canungra,Logan,South Eastern,SEQ South,South Coast,Tamborine - Canungra,Gold Coast Hinterland,Gold Coast,Inner Regional,Scenic Rim,Wright,Locally-controlled,No Roadway Feature,No traffic control,60 km/h,Sealed - Dry,Clear,Daylight,Curved - view obscured,Grade,201.0,Veh'S Opposite Approach: Head On,Head-on,E,0,0,1,0,1,1,0,0,0,1,0,0
365253,Medical treatment,2018,February,Monday,15,Rear-end,Multi-Vehicle,153.124789970741,-27.8848754582601,Beaudesert - Beenleigh Rd,Unknown,Beaudesert - Beenleigh Road,Tamborine,Scenic Rim Region,4270,Canungra,Logan,South Eastern,SEQ South,South Coast,Tamborine - Canungra,Gold Coast Hinterland,Gold Coast,Inner Regional,Scenic Rim,Wright,State-controlled,No Roadway Feature,No traffic control,80 - 90 km/h,Sealed - Dry,Clear,Daylight,Straight,Grade,301.0,Veh'S Same Direction: Rear End,Rear-end,S,0,0,1,0,1,3,0,0,0,0,0,0
365254,Hospitalisation,2018,March,Tuesday,8,Hit object,Single Vehicle,153.120362970869,-27.8876624578358,Beaudesert - Beenleigh Rd,Unknown,Beaudesert - Beenleigh Road,Tamborine,Scenic Rim Region,4270,Canungra,Logan,South Eastern,SEQ South,South Coast,Tamborine - Canungra,Gold Coast Hinterland,Gold Coast,Inner Regional,Scenic Rim,Wright,State-controlled,No Roadway Feature,No traffic control,80 - 90 km/h,Sealed - Wet,Raining,Daylight,Straight,Level,703.0,Off Path-Straight: Left Off Cway Hit Obj,Off carriageway on straight hit object,N,0,1,0,0,1,1,0,0,0,0,0,0
365255,Medical treatment,2018,March,Sunday,12,Hit animal,Other,153.042056948838,-28.1275224518383,Kerry Rd,Unknown,,Kerry,Scenic Rim Region,4285,Beaudesert,Logan,South Eastern,SEQ South,South Coast,Beaudesert,Beaudesert,Logan - Beaudesert,Inner Regional,Scenic Rim,Wright,Locally-controlled,No Roadway Feature,No traffic control,100 - 110 km/h,Sealed - Dry,Clear,Daylight,Straight,Level,609.0,Pass & Misc: Hit Animal,Hit animal,S,0,0,1,0,1,0,1,0,0,0,0,0
365256,Medical treatment,2018,April,Sunday,9,Hit object,Single Vehicle,153.17358494784,-28.0220812642597,Beaudesert - Nerang Rd,Unknown,Beaudesert - Nerang Road,Witheren,Scenic Rim Region,4275,Canungra,Logan,South Eastern,SEQ South,South Coast,Tamborine - Canungra,Gold Coast Hinterland,Gold Coast,Inner Regional,Scenic Rim,Wright,State-controlled,No Roadway Feature,No traffic control,70 km/h,Sealed - Wet,Clear,Daylight,Curved - view obscured,Grade,607.0,Veh'S On Path: Temporary Object On C'Way,Other,E,0,0,1,0,1,1,0,0,0,0,0,0
365257,Hospitalisation,2018,April,Tuesday,8,Hit pedestrian,Hit pedestrian,153.163963949407,-28.0181044632572,Appel St,Kidston St,Lamington National Park Road,Canungra,Scenic Rim Region,4275,Canungra,Logan,South Eastern,SEQ South,South Coast,Tamborine - Canungra,Gold Coast Hinterland,Gold Coast,Inner Regional,Scenic Rim,Wright,State-controlled,Intersection - T-Junction,No traffic control,0 - 50 km/h,Sealed - Dry,Clear,Daylight,Straight,Level,2.0,Ped'N: Hit Emerging Behind Vehicle,Pedestrian,S,0,1,0,0,1,1,0,0,0,0,1,0
365258,Medical treatment,2018,April,Wednesday,9,Hit object,Single Vehicle,153.197185945747,-28.0181774666134,Beaudesert - Nerang Rd,Unknown,Beaudesert - Nerang Road,Witheren,Scenic Rim Region,4275,Canungra,Logan,South Eastern,SEQ South,South Coast,Tamborine - Canungra,Gold Coast Hinterland,Gold Coast,Inner Regional,Scenic Rim,Wright,State-controlled,No Roadway Feature,No traffic control,70 km/h,Sealed - Wet,Clear,Daylight,Curved - view obscured,Grade,803.0,Off Path-Curve: Off Cway Rt Bend Hit Obj,Off carriageway on curve hit object,E,0,0,1,0,1,1,0,0,0,0,0,0
365259,Hospitalisation,2018,April,Sunday,13,Hit object,Single Vehicle,153.118558967088,-27.9188234578989,Mundoolun Connection Rd,Unknown,Mundoolun Connection Road,Boyland,Scenic Rim Region,4275,Canungra,Logan,South Eastern,SEQ South,South Coast,Tamborine - Canungra,Gold Coast Hinterland,Gold Coast,Inner Regional,Scenic Rim,Wright,State-controlled,No Roadway Feature,No traffic control,80 - 90 km/h,Sealed - Dry,Clear,Daylight,Curved - view open,Level,804.0,Off Path-Curve: Off Cway Lt Bend Hit Obj,Off carriageway on curve hit object,S,0,1,0,0,1,1,0,0,0,0,0,0
365260,Hospitalisation,2018,April,Sunday,12,Fall from vehicle,Single Vehicle,153.165757949281,-28.017551463434,Pine St,Unknown,Beaudesert - Nerang Road,Canungra,Scenic Rim Region,4275,Canungra,Logan,South Eastern,SEQ South,South Coast,Tamborine - Canungra,Gold Coast Hinterland,Gold Coast,Inner Regional,Scenic Rim,Wright,State-controlled,No Roadway Feature,No traffic control,60 km/h,Sealed - Dry,Clear,Daylight,Straight,Grade,301.0,Veh'S Same Direction: Rear End,Rear-end,E,0,2,0,0,2,1,1,0,0,0,0,0
365261,Hospitalisation,2018,April,Saturday,14,Hit object,Single Vehicle,153.158522685442,-28.0146923686813,Beaudesert - Nerang Rd,Unknown,Beaudesert - Nerang Road,Canungra,Scenic Rim Region,4275,Canungra,Logan,South Eastern,SEQ South,South Coast,Tamborine - Canungra,Gold Coast Hinterland,Gold Coast,Inner Regional,Scenic Rim,Wright,State-controlled,No Roadway Feature,No traffic control,60 km/h,Sealed - Dry,Clear,Daylight,Straight,Crest,703.0,Off Path-Straight: Left Off Cway Hit Obj,Off carriageway on straight hit object,S,0,2,0,0,2,1,0,0,0,0,0,0
365262,Medical treatment,2018,May,Sunday,17,Hit object,Single Vehicle,153.116598970674,-27.8924144574939,Beaudesert - Beenleigh Rd,Unknown,Beaudesert - Beenleigh Road,Tamborine,Scenic Rim Region,4270,Canungra,Logan,South Eastern,SEQ South,South Coast,Tamborine - Canungra,Gold Coast Hinterland,Gold Coast,Inner Regional,Scenic Rim,Wright,State-controlled,No Roadway Feature,No traffic control,100 - 110 km/h,Sealed - Dry,Clear,Dawn/Dusk,Curved - view open,Level,804.0,Off Path-Curve: Off Cway Lt Bend Hit Obj,Off carriageway on curve hit object,S,0,0,1,0,1,1,0,0,0,0,0,0
365263,Medical treatment,2018,May,Tuesday,7,Overturned,Single Vehicle,153.175035948228,-28.0178074643727,Tamborine Mountain Rd,Unknown,Tamborine Mountain Road,Witheren,Scenic Rim Region,4275,Canungra,Logan,South Eastern,SEQ South,South Coast,Tamborine - Canungra,Gold Coast Hinterland,Gold Coast,Inner Regional,Scenic Rim,Wright,State-controlled,No Roadway Feature,No traffic control,60 km/h,Sealed - Wet,Clear,Daylight,Curved - view obscured,Grade,802.0,Off Path-Curve: Off Cway Left Bend,Off carriageway on curve,N,0,0,1,0,1,1,0,0,0,0,0,0
365264,Hospitalisation,2018,May,Saturday,11,Hit object,Single Vehicle,153.201837073191,-28.0185290450863,Beaudesert - Nerang Rd,Unknown,Beaudesert - Nerang Road,Witheren,Scenic Rim Region,4275,Canungra,Logan,South Eastern,SEQ South,South Coast,Tamborine - Canungra,Gold Coast Hinterland,Gold Coast,Inner Regional,Scenic Rim,Wright,State-controlled,No Roadway Feature,No traffic control,70 km/h,Sealed - Wet,Raining,Daylight,Curved - view obscured,Grade,301.0,Veh'S Same Direction: Rear End,Rear-end,W,0,1,0,0,1,3,0,0,0,0,0,0
365265,Hospitalisation,2018,June,Monday,6,Angle,Multi-Vehicle,153.110638969882,-27.9037214569824,Beaudesert - Beenleigh Rd,Mundoolun Connection Rd,Beaudesert - Beenleigh Road,Tamborine,Scenic Rim Region,4270,Canungra,Logan,South Eastern,SEQ South,South Coast,Tamborine - Canungra,Gold Coast Hinterland,Gold Coast,Inner Regional,Scenic Rim,Wright,State-controlled,Intersection - T-Junction,Police,100 - 110 km/h,Sealed - Dry,Clear,Daylight,Straight,Level,202.0,Veh'S Opposite Approach: Thru-Right,Opposing vehicles turning,N,0,2,0,1,3,4,0,0,0,0,0,0
365266,Hospitalisation,2018,June,Wednesday,21,Fall from vehicle,Single Vehicle,153.194677928453,-28.1004838340051,Beechmont Rd,Unknown,,Beechmont,Scenic Rim Region,4211,Canungra,Logan,South Eastern,SEQ South,South Coast,Tamborine - Canungra,Gold Coast Hinterland,Gold Coast,Inner Regional,Scenic Rim,Wright,Locally-controlled,No Roadway Feature,No traffic control,60 km/h,Sealed - Dry,Clear,Darkness - Not lighted,Curved - view obscured,Grade,805.0,Off Path-Curve: Out Of Control On Cway,Out of control on curve,S,0,1,0,0,1,0,1,0,0,0,0,0
365267,Minor injury,2018,June,Wednesday,19,Hit object,Single Vehicle,153.129738970797,-27.8802004587222,Beaudesert - Beenleigh Rd,Waterford - Tamborine Rd,Waterford - Tamborine Road,Tamborine,Scenic Rim Region,4270,North Tamborine,Logan,South Eastern,SEQ South,South Coast,Tamborine - Canungra,Gold Coast Hinterland,Gold Coast,Inner Regional,Scenic Rim,Wright,State-controlled,Intersection - Roundabout,Give way sign,60 km/h,Sealed - Wet,Raining,Darkness - Lighted,Straight,Level,708.0,Off Path-Straight: Mounts Traffic Island,Off carriageway on straight hit object,N,0,0,0,1,1,1,0,0,0,0,0,0
365268,Hospitalisation,2018,June,Saturday,3,Hit object,Single Vehicle,153.14806696723,-27.8924484606666,Tamborine Mountain Rd,Unknown,Tamborine Mountain Road,Tamborine,Scenic Rim Region,4270,North Tamborine,Logan,South Eastern,SEQ South,South Coast,Tamborine - Canungra,Gold Coast Hinterland,Gold Coast,Inner Regional,Scenic Rim,Wright,State-controlled,No Roadway Feature,No traffic control,80 - 90 km/h,Sealed - Dry,Clear,Darkness - Not lighted,Curved - view open,Grade,803.0,Off Path-Curve: Off Cway Rt Bend Hit Obj,Off carriageway on curve hit object,N,0,1,0,0,1,1,0,0,0,0,0,0
365269,Hospitalisation,2018,July,Sunday,14,Hit object,Single Vehicle,153.028698930681,-28.2809701516963,Christmas Creek Rd,Unknown,,Lamington,Scenic Rim Region,4285,Beaudesert,Logan,South Eastern,SEQ South,South Coast,Beaudesert,Beaudesert,Logan - Beaudesert,Inner Regional,Scenic Rim,Wright,Locally-controlled,No Roadway Feature,No traffic control,100 - 110 km/h,Sealed - Wet,Raining,Daylight,Straight,Level,703.0,Off Path-Straight: Left Off Cway Hit Obj,Off carriageway on straight hit object,E,0,1,0,0,1,1,0,0,0,0,0,0
365270,Hospitalisation,2018,August,Wednesday,5,Hit object,Single Vehicle,153.183449014161,-27.9096645483734,Tamborine Mountain Rd,Unknown,Tamborine Mountain Road,Tamborine Mountain,Scenic Rim Region,4272,North Tamborine,Logan,South Eastern,SEQ South,South Coast,Tamborine - Canungra,Gold Coast Hinterland,Gold Coast,Inner Regional,Scenic Rim,Wright,State-controlled,No Roadway Feature,No traffic control,60 km/h,Sealed - Dry,Clear,Darkness - Not lighted,Curved - view obscured,Dip,803.0,Off Path-Curve: Off Cway Rt Bend Hit Obj,Off carriageway on curve hit object,E,0,1,0,0,1,1,0,0,0,0,0,0
365271,Hospitalisation,2018,August,Thursday,12,Hit object,Single Vehicle,153.154861951843,-28.0068984622507,Beaudesert - Nerang Rd,Unknown,Beaudesert - Nerang Road,Canungra,Scenic Rim Region,4275,Canungra,Logan,South Eastern,SEQ South,South Coast,Tamborine - Canungra,Gold Coast Hinterland,Gold Coast,Inner Regional,Scenic Rim,Wright,State-controlled,No Roadway Feature,No traffic control,80 - 90 km/h,Sealed - Dry,Clear,Daylight,Straight,Level,703.0,Off Path-Straight: Left Off Cway Hit Obj,Off carriageway on straight hit object,N,0,1,0,0,1,1,0,0,0,0,0,0
365272,Minor injury,2018,August,Friday,14,Overturned,Single Vehicle,153.128663970668,-27.882133258629,Beaudesert - Beenleigh Rd,Unknown,Beaudesert - Beenleigh Road,Tamborine,Scenic Rim Region,4270,Canungra,Logan,South Eastern,SEQ South,South Coast,Tamborine - Canungra,Gold Coast Hinterland,Gold Coast,Inner Regional,Scenic Rim,Wright,State-controlled,No Roadway Feature,No traffic control,60 km/h,Sealed - Dry,Clear,Daylight,Straight,Grade,701.0,Off Path-Straight: Left Off Cway,Off carriageway on straight,N,0,0,0,1,1,1,0,0,0,0,0,0
365273,Minor injury,2018,August,Sunday,21,Hit object,Single Vehicle,153.164085964243,-27.902118962359,Tamborine Mountain Rd,Unknown,Tamborine Mountain Road,Tamborine,Scenic Rim Region,4270,North Tamborine,Logan,South Eastern,SEQ South,South Coast,Tamborine - Canungra,Gold Coast Hinterland,Gold Coast,Inner Regional,Scenic Rim,Wright,State-controlled,No Roadway Feature,No traffic control,60 km/h,Sealed - Wet,Clear,Darkness - Not lighted,Straight,Level,703.0,Off Path-Straight: Left Off Cway Hit Obj,Off carriageway on straight hit object,N,0,0,0,1,1,1,0,0,0,0,0,0
365274,Medical treatment,2018,August,Wednesday,19,Hit object,Single Vehicle,153.11886793306,-28.1843424600113,Lamington National Park Rd,Unknown,Lamington National Park Road,Cainbable,Scenic Rim Region,4285,Canungra,Logan,South Eastern,SEQ South,South Coast,Beaudesert,Beaudesert,Logan - Beaudesert,Inner Regional,Scenic Rim,Wright,State-controlled,No Roadway Feature,No traffic control,60 km/h,Sealed - Dry,Clear,Darkness - Not lighted,Curved - view obscured,Grade,804.0,Off Path-Curve: Off Cway Lt Bend Hit Obj,Off carriageway on curve hit object,S,0,0,1,0,1,0,0,1,0,0,0,0
365275,Hospitalisation,2018,August,Friday,20,Hit object,Single Vehicle,153.197452939544,-28.0662654670174,Beechmont Rd,Unknown,,Witheren,Scenic Rim Region,4275,Canungra,Logan,South Eastern,SEQ South,South Coast,Tamborine - Canungra,Gold Coast Hinterland,Gold Coast,Inner Regional,Scenic Rim,Wright,Locally-controlled,No Roadway Feature,No traffic control,80 - 90 km/h,Sealed - Wet,Raining,Darkness - Not lighted,Curved - view open,Grade,804.0,Off Path-Curve: Off Cway Lt Bend Hit Obj,Off carriageway on curve hit object,N,0,1,0,0,1,1,0,0,0,0,0,0
365276,Hospitalisation,2018,September,Sunday,22,Hit object,Single Vehicle,153.1960479508,-27.979767466197,Prospect St,Wilson Rd,Tamborine - Nerang Road,Tamborine Mountain,Scenic Rim Region,4272,North Tamborine,Logan,South Eastern,SEQ South,South Coast,Tamborine - Canungra,Gold Coast Hinterland,Gold Coast,Major Cities,Scenic Rim,Wright,State-controlled,Intersection - T-Junction,No traffic control,60 km/h,Sealed - Dry,Clear,Darkness - Not lighted,Curved - view open,Level,804.0,Off Path-Curve: Off Cway Lt Bend Hit Obj,Off carriageway on curve hit object,E,0,1,0,0,1,1,0,0,0,0,0,0
365277,Hospitalisation,2018,September,Friday,15,Angle,Multi-Vehicle,153.166876949069,-28.0182414635524,Franklin St,Pine St,Beaudesert - Nerang Road,Canungra,Scenic Rim Region,4275,Canungra,Logan,South Eastern,SEQ South,South Coast,Tamborine - Canungra,Gold Coast Hinterland,Gold Coast,Inner Regional,Scenic Rim,Wright,State-controlled,Intersection - T-Junction,No traffic control,0 - 50 km/h,Sealed - Dry,Clear,Daylight,Straight,Grade,202.0,Veh'S Opposite Approach: Thru-Right,Opposing vehicles turning,E,0,1,0,0,1,1,0,0,0,1,0,0
365278,Minor injury,2018,September,Friday,22,Hit object,Single Vehicle,153.154896948909,-28.0297644624336,Lamington National Park Rd,Unknown,Lamington National Park Road,Canungra,Scenic Rim Region,4275,Canungra,Logan,South Eastern,SEQ South,South Coast,Tamborine - Canungra,Gold Coast Hinterland,Gold Coast,Inner Regional,Scenic Rim,Wright,State-controlled,No Roadway Feature,No traffic control,80 - 90 km/h,Sealed - Wet,Raining,Darkness - Not lighted,Curved - view open,Level,804.0,Off Path-Curve: Off Cway Lt Bend Hit Obj,Off carriageway on curve hit object,S,0,0,0,1,1,1,0,0,0,0,0,0
365279,Medical treatment,2018,October,Thursday,10,Fall from vehicle,Single Vehicle,153.178929223825,-27.9005265488451,Tamborine Mountain Rd,Unknown,Tamborine Mountain Road,Tamborine Mountain,Scenic Rim Region,4272,North Tamborine,Logan,South Eastern,SEQ South,South Coast,Tamborine - Canungra,Gold Coast Hinterland,Gold Coast,Inner Regional,Scenic Rim,Wright,State-controlled,No Roadway Feature,No traffic control,0 - 50 km/h,Sealed - Dry,Clear,Daylight,Curved - view obscured,Grade,801.0,Off Path-Curve: Off Cway Right Bend,Off carriageway on curve,N,0,0,1,0,1,0,1,0,0,0,0,0
365280,Hospitalisation,2018,November,Tuesday,14,Hit object,Single Vehicle,153.197097945745,-28.0182734666052,Beaudesert - Nerang Rd,Unknown,Beaudesert - Nerang Road,Witheren,Scenic Rim Region,4275,Canungra,Logan,South Eastern,SEQ South,South Coast,Tamborine - Canungra,Gold Coast Hinterland,Gold Coast,Inner Regional,Scenic Rim,Wright,State-controlled,No Roadway Feature,No traffic control,70 km/h,Sealed - Dry,Clear,Daylight,Curved - view obscured,Grade,804.0,Off Path-Curve: Off Cway Lt Bend Hit Obj,Off carriageway on curve hit object,W,0,1,0,0,1,1,0,0,0,0,0,0
365281,Hospitalisation,2018,November,Sunday,7,Head-on,Multi-Vehicle,153.202412945166,-28.0182322671421,Beaudesert - Nerang Rd,Unknown,Beaudesert - Nerang Road,Witheren,Scenic Rim Region,4275,Canungra,Logan,South Eastern,SEQ South,South Coast,Tamborine - Canungra,Gold Coast Hinterland,Gold Coast,Inner Regional,Scenic Rim,Wright,State-controlled,No Roadway Feature,No traffic control,70 km/h,Sealed - Wet,Clear,Daylight,Curved - view obscured,Grade,201.0,Veh'S Opposite Approach: Head On,Head-on,W,0,1,0,0,1,2,0,0,0,0,0,0
365282,Hospitalisation,2018,December,Sunday,13,Hit object,Single Vehicle,153.121612970829,-27.8869084579559,Beaudesert - Beenleigh Rd,Unknown,Beaudesert - Beenleigh Road,Tamborine,Scenic Rim Region,4270,Canungra,Logan,South Eastern,SEQ South,South Coast,Tamborine - Canungra,Gold Coast Hinterland,Gold Coast,Inner Regional,Scenic Rim,Wright,State-controlled,No Roadway Feature,No traffic control,80 - 90 km/h,Sealed - Wet,Clear,Daylight,Straight,Grade,704.0,Off Path-Straight:Right Off Cway Hit Obj,Off carriageway on straight hit object,N,0,1,0,0,1,1,0,0,0,0,0,0
365283,Hospitalisation,2018,December,Saturday,11,Hit object,Single Vehicle,153.114560969883,-27.900359457351,Beaudesert - Beenleigh Rd,Palomino Rd,Beaudesert - Beenleigh Road,Tamborine,Scenic Rim Region,4270,Canungra,Logan,South Eastern,SEQ South,South Coast,Tamborine - Canungra,Gold Coast Hinterland,Gold Coast,Inner Regional,Scenic Rim,Wright,State-controlled,Intersection - T-Junction,No traffic control,100 - 110 km/h,Sealed - Dry,Clear,Daylight,Straight,Grade,703.0,Off Path-Straight: Left Off Cway Hit Obj,Off carriageway on straight hit object,N,0,2,0,0,2,1,0,0,0,0,0,0
365284,Hospitalisation,2018,December,Wednesday,5,Hit object,Single Vehicle,153.116213970959,-27.8905094574402,Bullock Team Wy,Old Coach Rd,,Tamborine,Scenic Rim Region,4270,Canungra,Logan,South Eastern,SEQ South,South Coast,Tamborine - Canungra,Gold Coast Hinterland,Gold Coast,Inner Regional,Scenic Rim,Wright,Locally-controlled,Intersection - T-Junction,No traffic control,0 - 50 km/h,Sealed - Dry,Clear,Daylight,Straight,Dip,704.0,Off Path-Straight:Right Off Cway Hit Obj,Off carriageway on straight hit object,S,0,1,0,0,1,1,0,0,0,0,0,0
365285,Hospitalisation,2021,May,Wednesday,13,Sideswipe,Multi-Vehicle,152.781025042479,-27.6132644217097,Barrett St,Brisbane Rd,Ipswich - Cunningham Hwy Connection Road,East Ipswich,Ipswich City,4305,Ipswich,Ipswich,Southern,SEQ South,Metropolitan,Ipswich - East,Ipswich Inner,Ipswich,Major Cities,Ipswich,Blair,State-controlled,Intersection - T-Junction,No traffic control,60 km/h,Sealed - Dry,Clear,Daylight,Straight,Level,307.0,Veh'S Same Direction: Lane Change Left,Lane changes,W,0,1,0,0,1,2,0,0,0,0,0,0
365286,Medical treatment,2021,May,Thursday,10,Angle,Multi-Vehicle,152.764441042329,-27.6287924201837,Briggs Rd,Turner St,,Ipswich,Ipswich City,4305,Yamanto,Ipswich,Southern,SEQ South,Metropolitan,Ipswich - Central,Ipswich Inner,Ipswich,Major Cities,Ipswich,Blair,Locally-controlled,Intersection - Cross,No traffic control,60 km/h,Sealed - Dry,Clear,Daylight,Straight,Grade,102.0,Veh'S Adjacent Approach: Right-Thru,Intersection from adjacent approaches,E,0,0,1,0,1,1,0,1,0,0,0,0
365287,Hospitalisation,2021,May,Friday,18,Hit pedestrian,Hit pedestrian,152.826687004058,-27.6011461881583,Brisbane Rd,Unknown,Ipswich - Cunningham Hwy Connection Road,Ebbw Vale,Ipswich City,4304,Booval,Ipswich,Southern,SEQ South,Metropolitan,Bundamba,Ipswich Inner,Ipswich,Major Cities,Bundamba,Blair,State-controlled,No Roadway Feature,No traffic control,70 km/h,Sealed - Dry,Clear,Darkness - Lighted,Straight,Level,4.0,Ped'N: Play; Work; Stand; Lie On C'Way,Pedestrian,S,0,1,0,0,1,1,0,0,0,0,1,0
365288,Minor injury,2021,May,Friday,15,Rear-end,Multi-Vehicle,152.790900041975,-27.6087534226562,Bergin St,Wattle St,,Booval,Ipswich City,4304,Booval,Ipswich,Southern,SEQ South,Metropolitan,Ipswich - East,Ipswich Inner,Ipswich,Major Cities,Ipswich,Blair,Locally-controlled,Intersection - T-Junction,Give way sign,0 - 50 km/h,Sealed - Dry,Clear,Daylight,Straight,Level,302.0,Veh'S Same Direction: Left Rear,Rear-end,N,0,0,0,1,1,2,0,0,0,0,0,0
365289,Hospitalisation,2021,May,Saturday,9,Hit object,Single Vehicle,152.806587038226,-27.6251154243459,Mary St,Unknown,,Blackstone,Ipswich City,4304,Booval,Ipswich,Southern,SEQ South,Metropolitan,Bundamba,Ipswich Inner,Ipswich,Major Cities,Bundamba,Blair,Locally-controlled,No Roadway Feature,No traffic control,60 km/h,Sealed - Dry,Clear,Daylight,Curved - view open,Grade,804.0,Off Path-Curve: Off Cway Lt Bend Hit Obj,Off carriageway on curve hit object,E,0,1,0,0,1,1,0,0,0,0,0,0
365290,Minor injury,2021,May,Tuesday,7,Sideswipe,Multi-Vehicle,152.795213036681,-27.6472474233886,Swanbank Rd,Unknown,Swanbank Road,Flinders View,Ipswich City,4305,Yamanto,Ipswich,Southern,SEQ South,Metropolitan,Ripley,Ipswich Inner,Ipswich,Major Cities,Ipswich,Blair,State-controlled,No Roadway Feature,No traffic control,60 km/h,Sealed - Dry,Clear,Daylight,Straight,Level,309.0,Veh'S Same Direction: Left Turn S/Swipe,Parallel lanes turning,E,0,0,0,1,1,1,1,0,0,0,0,0
365291,Hospitalisation,2021,May,Thursday,5,Angle,Multi-Vehicle,152.749486045225,-27.6186024186179,Brisbane St,Tiger St,,West Ipswich,Ipswich City,4305,Ipswich,Ipswich,Southern,SEQ South,Metropolitan,Ipswich - Central,Ipswich Inner,Ipswich,Major Cities,Ipswich,Blair,Locally-controlled,Intersection - Cross,Operating traffic lights,60 km/h,Sealed - Dry,Clear,Darkness - Lighted,Straight,Level,104.0,Veh'S Adjacent Approach: Thru-Right,Intersection from adjacent approaches,S,0,2,0,0,2,2,0,0,0,0,0,0
365292,Minor injury,2021,May,Thursday,6,Angle,Multi-Vehicle,152.763480042574,-27.6276724200794,Quarry La,Salisbury Rd,,Ipswich,Ipswich City,4305,Yamanto,Ipswich,Southern,SEQ South,Metropolitan,Ipswich - Central,Ipswich Inner,Ipswich,Major Cities,Ipswich,Blair,Locally-controlled,Intersection - T-Junction,Give way sign,60 km/h,Sealed - Dry,Clear,Daylight,Straight,Level,107.0,Veh'S Adjacent Approach: Thru-Left,Intersection from adjacent approaches,W,0,0,0,2,2,2,0,0,0,0,0,0
365293,Minor injury,2021,May,Friday,11,Rear-end,Multi-Vehicle,152.747047046988,-27.6066294182814,Harlin Rd,Macrae St,,Coalfalls,Ipswich City,4305,Ipswich,Ipswich,Southern,SEQ South,Metropolitan,Ipswich - Central,Ipswich Inner,Ipswich,Major Cities,Ipswich,Blair,Locally-controlled,Intersection - T-Junction,No traffic control,60 km/h,Sealed - Dry,Clear,Daylight,Straight,Level,302.0,Veh'S Same Direction: Left Rear,Rear-end,N,0,0,0,1,1,2,0,0,0,0,0,0
365294,Hospitalisation,2021,May,Saturday,14,Sideswipe,Multi-Vehicle,152.80794003676,-27.6356284245635,Cunningham Hwy,Unknown,Cunningham Highway (Ipswich - Warwick),Swanbank,Ipswich City,4306,Booval,Ipswich,Southern,SEQ South,Metropolitan,Ripley,Ipswich Inner,Ipswich,Major Cities,Bundamba,Blair,State-controlled,No Roadway Feature,No traffic control,100 - 110 km/h,Sealed - Dry,Clear,Daylight,Straight,Level,306.0,Veh'S Same Direction: Lane Change Right,Lane changes,S,0,1,0,0,1,3,0,0,0,0,0,0
365295,Medical treatment,2021,May,Monday,16,Angle,Multi-Vehicle,152.760989532547,-27.6140678437248,East St,Unknown,Ipswich - Warrego Hwy Connection Road,Ipswich,Ipswich City,4305,Ipswich,Ipswich,Southern,SEQ South,Metropolitan,Ipswich - Central,Ipswich Inner,Ipswich,Major Cities,Ipswich,Blair,State-controlled,No Roadway Feature,No traffic control,0 - 50 km/h,Sealed - Dry,Clear,Daylight,Straight,Level,400.0,Veh'S Manoeuvring: Other,Other,E,0,0,1,0,1,1,0,0,0,1,0,0
365296,Medical treatment,2021,May,Tuesday,11,Angle,Multi-Vehicle,152.778035040913,-27.6283424215313,Grange Rd,Robertson Rd,,Raceview,Ipswich City,4305,Ipswich,Ipswich,Southern,SEQ South,Metropolitan,Raceview,Ipswich Inner,Ipswich,Major Cities,Ipswich,Blair,Locally-controlled,Intersection - T-Junction,Operating traffic lights,60 km/h,Sealed - Dry,Clear,Daylight,Straight,Level,202.0,Veh'S Opposite Approach: Thru-Right,Opposing vehicles turning,W,0,0,1,0,1,2,0,0,0,0,0,0
365297,Medical treatment,2021,May,Tuesday,15,Hit pedestrian,Hit pedestrian,152.758055044475,-27.6171794194578,Nicholas St,Roderick St,,Ipswich,Ipswich City,4305,Ipswich,Ipswich,Southern,SEQ South,Metropolitan,Ipswich - Central,Ipswich Inner,Ipswich,Major Cities,Ipswich,Blair,Locally-controlled,Intersection - Cross,Give way sign,0 - 50 km/h,Unsealed - Dry,Clear,Daylight,Straight,Level,1.0,Ped'N: Near Side Vehicle Hit From Right,Pedestrian,E,0,0,1,0,1,1,0,0,0,0,1,0