Crash_Ref_Number,Crash_Severity,Crash_Year,Crash_Month,Crash_Day_Of_Week,Crash_Hour,Crash_Nature,Crash_Type,Crash_Longitude,Crash_Latitude,Crash_Street,Crash_Street_Intersecting,State_Road_Name,Loc_Suburb,Loc_Local_Government_Area,Loc_Post_Code,Loc_Police_Division,Loc_Police_District,Loc_Police_Region,Loc_Queensland_Transport_Region,Loc_Main_Roads_Region,Loc_ABS_Statistical_Area_2,Loc_ABS_Statistical_Area_3,Loc_ABS_Statistical_Area_4,Loc_ABS_Remoteness,Loc_State_Electorate,Loc_Federal_Electorate,Crash_Controlling_Authority,Crash_Roadway_Feature,Crash_Traffic_Control,Crash_Speed_Limit,Crash_Road_Surface_Condition,Crash_Atmospheric_Condition,Crash_Lighting_Condition,Crash_Road_Horiz_Align,Crash_Road_Vert_Align,Crash_DCA_Code,Crash_DCA_Description,Crash_DCA_Group_Description,DCA_Key_Approach_Dir,Count_Casualty_Fatality,Count_Casualty_Hospitalised,Count_Casualty_MedicallyTreated,Count_Casualty_MinorInjury,Count_Casualty_Total,Count_Unit_Car,Count_Unit_Motorcycle_Moped,Count_Unit_Truck,Count_Unit_Bus,Count_Unit_Bicycle,Count_Unit_Pedestrian,Count_Unit_Other
365347,Medical treatment,2021,August,Friday,10,Angle,Multi-Vehicle,152.74167404916,-27.5939084176476,Haig St,Vogel Rd,,Brassall,Ipswich City,4305,Karana Downs,Ipswich,Southern,SEQ South,Metropolitan,Brassall,Ipswich Inner,Ipswich,Major Cities,Ipswich West,Blair,Locally-controlled,Intersection - Cross,Stop sign,0 - 50 km/h,Sealed - Dry,Clear,Daylight,Straight,Level,101.0,Veh'S Adjacent Approach: Thru-Thru,Intersection from adjacent approaches,S,0,0,1,0,1,2,0,0,0,0,0,0
365348,Medical treatment,2021,August,Monday,8,Rear-end,Multi-Vehicle,152.750856045333,-27.6165524187378,Brisbane St,Unknown,,West Ipswich,Ipswich City,4305,Ipswich,Ipswich,Southern,SEQ South,Metropolitan,Ipswich - Central,Ipswich Inner,Ipswich,Major Cities,Ipswich,Blair,Locally-controlled,No Roadway Feature,No traffic control,60 km/h,Sealed - Dry,Clear,Daylight,Straight,Dip,301.0,Veh'S Same Direction: Rear End,Rear-end,S,0,0,1,0,1,2,0,0,0,0,0,0
365349,Hospitalisation,2021,August,Monday,21,Head-on,Multi-Vehicle,152.715526053826,-27.5792064149373,Warrego Hwy,Unknown,Warrego Highway (Ipswich - Toowoomba),Pine Mountain,Ipswich City,4306,Karana Downs,Ipswich,Southern,SEQ South,Metropolitan,Ipswich - North,Ipswich Inner,Ipswich,Major Cities,Ipswich West,Blair,State-controlled,No Roadway Feature,No traffic control,100 - 110 km/h,Sealed - Dry,Clear,Darkness - Lighted,Straight,Level,201.0,Veh'S Opposite Approach: Head On,Head-on,W,0,2,0,0,2,2,0,0,0,0,0,0
365350,Medical treatment,2021,September,Thursday,10,Rear-end,Multi-Vehicle,152.783176042211,-27.6135464219258,Brisbane Rd,Unknown,Ipswich - Cunningham Hwy Connection Road,Booval,Ipswich City,4304,Ipswich,Ipswich,Southern,SEQ South,Metropolitan,Ipswich - East,Ipswich Inner,Ipswich,Major Cities,Ipswich,Blair,State-controlled,No Roadway Feature,No traffic control,60 km/h,Sealed - Dry,Clear,Daylight,Straight,Level,301.0,Veh'S Same Direction: Rear End,Rear-end,E,0,0,1,0,1,3,0,0,0,0,0,0
365351,Hospitalisation,2021,September,Tuesday,7,Angle,Multi-Vehicle,152.776445042641,-27.6159254212753,Glebe Rd,Lusitania St,,Newtown,Ipswich City,4305,Ipswich,Ipswich,Southern,SEQ South,Metropolitan,Ipswich - East,Ipswich Inner,Ipswich,Major Cities,Ipswich,Blair,Locally-controlled,Intersection - Cross,Stop sign,60 km/h,Sealed - Dry,Clear,Daylight,Straight,Level,101.0,Veh'S Adjacent Approach: Thru-Thru,Intersection from adjacent approaches,N,0,1,0,0,1,2,0,0,0,0,0,0
365352,Medical treatment,2021,September,Tuesday,15,Rear-end,Multi-Vehicle,152.74151304992,-27.5879714175848,Bourke St,Fernvale Rd,Ipswich - Warrego Hwy Connection Road,Brassall,Ipswich City,4305,Karana Downs,Ipswich,Southern,SEQ South,Metropolitan,Brassall,Ipswich Inner,Ipswich,Major Cities,Ipswich West,Blair,State-controlled,Intersection - T-Junction,No traffic control,0 - 50 km/h,Sealed - Dry,Clear,Daylight,Straight,Level,303.0,Veh'S Same Direction: Right Rear,Rear-end,E,0,0,1,1,2,2,0,0,0,0,0,0
365353,Medical treatment,2021,September,Tuesday,20,Hit object,Single Vehicle,152.774991294499,-27.5863768248979,Mount Crosby Rd,Unknown,Mount Crosby Road,Tivoli,Ipswich City,4305,Karana Downs,Ipswich,Southern,SEQ South,Metropolitan,North Ipswich - Tivoli,Ipswich Inner,Ipswich,Major Cities,Ipswich West,Blair,State-controlled,No Roadway Feature,No traffic control,0 - 50 km/h,Sealed - Dry,Clear,Darkness - Lighted,Straight,Level,607.0,Veh'S On Path: Temporary Object On C'Way,Other,S,0,0,1,0,1,0,1,0,0,0,0,0
365354,Medical treatment,2021,September,Wednesday,10,Rear-end,Multi-Vehicle,152.749402032212,-27.618780893611,Brisbane St,Unknown,,West Ipswich,Ipswich City,4305,Ipswich,Ipswich,Southern,SEQ South,Metropolitan,Ipswich - Central,Ipswich Inner,Ipswich,Major Cities,Ipswich,Blair,Locally-controlled,No Roadway Feature,No traffic control,0 - 50 km/h,Sealed - Dry,Clear,Daylight,Curved - view open,Level,301.0,Veh'S Same Direction: Rear End,Rear-end,,0,0,1,1,2,3,0,0,0,0,0,0
365355,Hospitalisation,2021,September,Thursday,20,Angle,Multi-Vehicle,152.760861044495,-27.6145954197162,Brisbane St,East St,Ipswich - Cunningham Hwy Connection Road,Ipswich,Ipswich City,4305,Ipswich,Ipswich,Southern,SEQ South,Metropolitan,Ipswich - Central,Ipswich Inner,Ipswich,Major Cities,Ipswich,Blair,State-controlled,Intersection - Cross,Operating traffic lights,0 - 50 km/h,Sealed - Dry,Clear,Darkness - Lighted,Straight,Level,202.0,Veh'S Opposite Approach: Thru-Right,Opposing vehicles turning,S,0,1,0,0,1,2,0,0,0,0,0,0
365356,Hospitalisation,2021,September,Friday,8,Rear-end,Multi-Vehicle,152.770761043359,-27.615112420704,Ipswich - Cunningham Hwy Connection Rd,Unknown,,Ipswich,Ipswich City,4305,Ipswich,Ipswich,Southern,SEQ South,Metropolitan,Ipswich - Central,Ipswich Inner,Ipswich,Major Cities,Ipswich,Blair,Locally-controlled,No Roadway Feature,No traffic control,60 km/h,Sealed - Dry,Clear,Daylight,Curved - view open,Level,302.0,Veh'S Same Direction: Left Rear,Rear-end,E,0,1,0,0,1,2,0,0,0,0,0,0
365357,Hospitalisation,2021,September,Sunday,14,Angle,Multi-Vehicle,152.784214040141,-27.6291614221521,Robertson Rd,Wildey St,,Raceview,Ipswich City,4305,Ipswich,Ipswich,Southern,SEQ South,Metropolitan,Raceview,Ipswich Inner,Ipswich,Major Cities,Ipswich,Blair,Locally-controlled,Intersection - T-Junction,No traffic control,60 km/h,Sealed - Dry,Clear,Daylight,Straight,Level,202.0,Veh'S Opposite Approach: Thru-Right,Opposing vehicles turning,E,0,1,0,0,1,2,0,0,0,0,0,0
365358,Hospitalisation,2021,September,Monday,5,Sideswipe,Multi-Vehicle,152.757396813992,-27.5816606911124,Warrego Hwy,Unknown,Warrego Highway (Ipswich - Toowoomba),North Ipswich,Ipswich City,4305,Karana Downs,Ipswich,Southern,SEQ South,Metropolitan,North Ipswich - Tivoli,Ipswich Inner,Ipswich,Major Cities,Ipswich West,Blair,State-controlled,No Roadway Feature,No traffic control,100 - 110 km/h,Sealed - Dry,Clear,Dawn/Dusk,Curved - view open,Crest,307.0,Veh'S Same Direction: Lane Change Left,Lane changes,W,0,1,0,0,1,1,0,1,0,0,0,0
365359,Medical treatment,2021,September,Wednesday,10,Rear-end,Multi-Vehicle,152.744581049723,-27.586898417881,Fernvale Rd,Unknown,,Brassall,Ipswich City,4305,Karana Downs,Ipswich,Southern,SEQ South,Metropolitan,Brassall,Ipswich Inner,Ipswich,Major Cities,Ipswich West,Blair,Locally-controlled,No Roadway Feature,No traffic control,0 - 50 km/h,Sealed - Dry,Clear,Daylight,Curved - view open,Grade,302.0,Veh'S Same Direction: Left Rear,Rear-end,W,0,0,1,0,1,2,0,0,0,0,0,0
365360,Medical treatment,2021,September,Thursday,17,Hit pedestrian,Hit pedestrian,152.771346994417,-27.6141357347545,Chermside Rd,Unknown,Ipswich - Cunningham Hwy Connection Road,Ipswich,Ipswich City,4305,Ipswich,Ipswich,Southern,SEQ South,Metropolitan,Ipswich - Central,Ipswich Inner,Ipswich,Major Cities,Ipswich,Blair,State-controlled,No Roadway Feature,No traffic control,0 - 50 km/h,Sealed - Dry,Clear,Dawn/Dusk,Straight,Level,7.0,Ped'N: Hit By Vehicle Enter/Leave D'Way,Pedestrian,W,0,0,1,0,1,1,0,0,0,0,1,0
365361,Medical treatment,2021,September,Monday,7,Rear-end,Multi-Vehicle,152.770960043312,-27.6153124207253,Ipswich - Cunningham Hwy Connection Rd,Queen Victoria Rd,,Ipswich,Ipswich City,4305,Ipswich,Ipswich,Southern,SEQ South,Metropolitan,Ipswich - Central,Ipswich Inner,Ipswich,Major Cities,Ipswich,Blair,Locally-controlled,Intersection - T-Junction,Give way sign,60 km/h,Sealed - Dry,Clear,Daylight,Curved - view open,Level,302.0,Veh'S Same Direction: Left Rear,Rear-end,N,0,0,1,0,1,2,0,0,0,0,0,0
365362,Medical treatment,2021,September,Saturday,5,Hit object,Single Vehicle,152.763751406912,-27.6327247331462,Briggs Rd,Unknown,,Ipswich,Ipswich City,4305,Yamanto,Ipswich,Southern,SEQ South,Metropolitan,Ipswich - Central,Ipswich Inner,Ipswich,Major Cities,Ipswich,Blair,Locally-controlled,No Roadway Feature,No traffic control,60 km/h,Sealed - Dry,Fog,Dawn/Dusk,Straight,Level,705.0,Off Path-Straight:Out Of Control On Cway,Out of control on straight,N,0,0,1,0,1,1,0,0,0,0,0,0
365363,Medical treatment,2021,September,Sunday,14,Fall from vehicle,Single Vehicle,152.814706280027,-27.635630011237,Noblevale Wy,Unknown,,Swanbank,Ipswich City,4306,Springfield,Ipswich,Southern,SEQ South,Metropolitan,Ripley,Ipswich Inner,Ipswich,Major Cities,Bundamba,Blair,Locally-controlled,No Roadway Feature,No traffic control,0 - 50 km/h,Sealed - Dry,Clear,Daylight,Straight,Level,705.0,Off Path-Straight:Out Of Control On Cway,Out of control on straight,E,0,0,1,0,1,0,1,0,0,0,0,0
365364,Hospitalisation,2021,September,Monday,13,Hit pedestrian,Hit pedestrian,152.776343043784,-27.606892421194,Jacaranda St,Unknown,,East Ipswich,Ipswich City,4305,Ipswich,Ipswich,Southern,SEQ South,Metropolitan,Ipswich - East,Ipswich Inner,Ipswich,Major Cities,Ipswich,Blair,Locally-controlled,No Roadway Feature,Pedestrian crossing sign,60 km/h,Sealed - Dry,Clear,Daylight,Straight,Level,3.0,Ped'N: Far Side Vehicle Hit From Left,Pedestrian,W,0,1,0,0,1,1,0,0,0,0,1,0
365365,Medical treatment,2021,September,Wednesday,14,Hit object,Single Vehicle,152.787235037948,-27.6440414225698,Swanbank Rd,Unknown,Swanbank Road,Raceview,Ipswich City,4305,Yamanto,Ipswich,Southern,SEQ South,Metropolitan,Raceview,Ipswich Inner,Ipswich,Major Cities,Ipswich,Blair,State-controlled,No Roadway Feature,No traffic control,60 km/h,Sealed - Dry,Clear,Daylight,Curved - view open,Level,803.0,Off Path-Curve: Off Cway Rt Bend Hit Obj,Off carriageway on curve hit object,W,0,0,1,0,1,1,0,0,0,0,0,0
365366,Medical treatment,2021,October,Friday,10,Hit pedestrian,Hit pedestrian,152.806897040055,-27.6102684242598,Bergins Hill Rd,Brisbane Rd,Ipswich - Cunningham Hwy Connection Road,Bundamba,Ipswich City,4304,Booval,Ipswich,Southern,SEQ South,Metropolitan,Bundamba,Ipswich Inner,Ipswich,Major Cities,Bundamba,Blair,State-controlled,Intersection - Cross,Operating traffic lights,60 km/h,Sealed - Dry,Clear,Daylight,Straight,Level,1.0,Ped'N: Near Side Vehicle Hit From Right,Pedestrian,W,0,0,1,0,1,1,0,0,0,0,1,0
365367,Hospitalisation,2021,October,Sunday,21,Hit object,Single Vehicle,152.776212043801,-27.6068734211808,Jacaranda St,Unknown,,East Ipswich,Ipswich City,4305,Ipswich,Ipswich,Southern,SEQ South,Metropolitan,Ipswich - East,Ipswich Inner,Ipswich,Major Cities,Ipswich,Blair,Locally-controlled,No Roadway Feature,No traffic control,60 km/h,Sealed - Dry,Clear,Darkness - Lighted,Straight,Crest,704.0,Off Path-Straight:Right Off Cway Hit Obj,Off carriageway on straight hit object,W,0,1,0,0,1,1,0,0,0,0,0,0
365368,Medical treatment,2021,October,Monday,11,Fall from vehicle,Single Vehicle,152.704370670397,-27.5762846978083,Warrego Hwy,Unknown,,Blacksoil,Ipswich City,4306,Karana Downs,Ipswich,Southern,SEQ South,Metropolitan,Ipswich - North,Ipswich Inner,Ipswich,Major Cities,Ipswich West,Blair,Locally-controlled,No Roadway Feature,No traffic control,60 km/h,Sealed - Dry,Clear,Daylight,Straight,Level,901.0,Pass & Misc: Fell In/From Vehicle,Other,E,0,0,1,0,1,0,1,0,0,0,0,0
365369,Hospitalisation,2021,October,Tuesday,12,Angle,Multi-Vehicle,152.772769042616,-27.6193054209366,Blackstone Rd,Whitehill Rd,,Newtown,Ipswich City,4305,Ipswich,Ipswich,Southern,SEQ South,Metropolitan,Ipswich - East,Ipswich Inner,Ipswich,Major Cities,Ipswich,Blair,Locally-controlled,Intersection - Cross,Stop sign,60 km/h,Sealed - Dry,Clear,Daylight,Straight,Grade,104.0,Veh'S Adjacent Approach: Thru-Right,Intersection from adjacent approaches,W,0,1,0,0,1,2,0,0,0,0,0,0
365370,Fatal,2021,October,Wednesday,11,Hit pedestrian,Hit pedestrian,152.815613042509,-27.5831834249138,Warrego Hwy,Unknown,Warrego Highway (Ipswich - Toowoomba),Bundamba,Ipswich City,4304,Booval,Ipswich,Southern,SEQ South,Metropolitan,Bundamba,Ipswich Inner,Ipswich,Major Cities,Bundamba,Blair,State-controlled,No Roadway Feature,No traffic control,100 - 110 km/h,Sealed - Dry,Clear,Daylight,Curved - view open,Level,1.0,Ped'N: Near Side Vehicle Hit From Right,Pedestrian,W,1,0,0,0,1,0,0,1,0,0,1,0
365371,Medical treatment,2021,October,Wednesday,8,Sideswipe,Multi-Vehicle,152.778597042783,-27.6129374214657,Brisbane Rd,Newtown St,Ipswich - Cunningham Hwy Connection Road,Newtown,Ipswich City,4305,Ipswich,Ipswich,Southern,SEQ South,Metropolitan,Ipswich - East,Ipswich Inner,Ipswich,Major Cities,Ipswich,Blair,State-controlled,Intersection - T-Junction,No traffic control,60 km/h,Sealed - Wet,Raining,Daylight,Straight,Level,307.0,Veh'S Same Direction: Lane Change Left,Lane changes,W,0,0,1,0,1,3,0,0,0,0,0,0
365372,Hospitalisation,2021,October,Friday,9,Angle,Multi-Vehicle,152.777016042981,-27.6127214213069,Brisbane Rd,Lusitania St,Ipswich - Cunningham Hwy Connection Road,Newtown,Ipswich City,4305,Ipswich,Ipswich,Southern,SEQ South,Metropolitan,Ipswich - East,Ipswich Inner,Ipswich,Major Cities,Ipswich,Blair,State-controlled,Intersection - T-Junction,Give way sign,60 km/h,Sealed - Dry,Clear,Daylight,Straight,Grade,104.0,Veh'S Adjacent Approach: Thru-Right,Intersection from adjacent approaches,W,0,1,2,0,3,2,0,0,0,0,0,0
365373,Hospitalisation,2021,October,Saturday,16,Hit pedestrian,Hit pedestrian,152.763203430091,-27.6078098018954,Lowry St,Unknown,,North Ipswich,Ipswich City,4305,Ipswich,Ipswich,Southern,SEQ South,Metropolitan,North Ipswich - Tivoli,Ipswich Inner,Ipswich,Major Cities,Ipswich West,Blair,Locally-controlled,No Roadway Feature,No traffic control,0 - 50 km/h,Sealed - Dry,Clear,Daylight,Straight,Grade,1.0,Ped'N: Near Side Vehicle Hit From Right,Pedestrian,E,0,2,0,0,2,0,1,0,0,0,1,0
365374,Medical treatment,2021,October,Tuesday,11,Rear-end,Multi-Vehicle,152.762155044202,-27.6158204198544,Limestone St,Unknown,Ipswich - Cunningham Hwy Connection Road,Ipswich,Ipswich City,4305,Ipswich,Ipswich,Southern,SEQ South,Metropolitan,Ipswich - Central,Ipswich Inner,Ipswich,Major Cities,Ipswich,Blair,State-controlled,No Roadway Feature,No traffic control,0 - 50 km/h,Sealed - Dry,Clear,Daylight,Straight,Level,301.0,Veh'S Same Direction: Rear End,Rear-end,W,0,0,2,0,2,3,0,0,0,0,0,0
365375,Hospitalisation,2021,October,Tuesday,14,Rear-end,Multi-Vehicle,152.818661035803,-27.634000425618,Redbank Plains Rd,Unknown,,New Chum,Ipswich City,4303,Goodna,Ipswich,Southern,SEQ South,Metropolitan,New Chum,Springfield - Redbank,Ipswich,Major Cities,Bundamba,Blair,Locally-controlled,No Roadway Feature,No traffic control,60 km/h,Sealed - Dry,Clear,Daylight,Straight,Level,301.0,Veh'S Same Direction: Rear End,Rear-end,W,0,1,0,0,1,1,1,0,0,0,0,0
365376,Medical treatment,2021,October,Friday,7,Angle,Multi-Vehicle,152.81252103682,-27.6311954249845,Cunningham Hwy,Mary St,Cunningham Highway (Ipswich - Warwick),Blackstone,Ipswich City,4304,Booval,Ipswich,Southern,SEQ South,Metropolitan,Bundamba,Ipswich Inner,Ipswich,Major Cities,Bundamba,Blair,State-controlled,Intersection - Interchange,Operating traffic lights,60 km/h,Sealed - Dry,Clear,Daylight,Straight,Level,202.0,Veh'S Opposite Approach: Thru-Right,Opposing vehicles turning,W,0,0,1,1,2,2,0,0,0,0,0,0
365377,Medical treatment,2021,October,Friday,16,Rear-end,Multi-Vehicle,152.806801040075,-27.6101864242496,Brisbane Rd,Mining St,Ipswich - Cunningham Hwy Connection Road,Bundamba,Ipswich City,4304,Booval,Ipswich,Southern,SEQ South,Metropolitan,Bundamba,Ipswich Inner,Ipswich,Major Cities,Bundamba,Blair,State-controlled,Intersection - Cross,Operating traffic lights,60 km/h,Sealed - Dry,Clear,Daylight,Straight,Level,301.0,Veh'S Same Direction: Rear End,Rear-end,E,0,0,1,0,1,2,0,0,0,0,0,0
365378,Hospitalisation,2021,October,Sunday,11,Angle,Multi-Vehicle,152.758979043505,-27.6241304196043,Moffatt St,Unknown,,Ipswich,Ipswich City,4305,Ipswich,Ipswich,Southern,SEQ South,Metropolitan,Ipswich - Central,Ipswich Inner,Ipswich,Major Cities,Ipswich,Blair,Locally-controlled,No Roadway Feature,No traffic control,60 km/h,Sealed - Dry,Clear,Daylight,Straight,Level,309.0,Veh'S Same Direction: Left Turn S/Swipe,Parallel lanes turning,E,0,1,0,0,1,2,1,0,0,0,0,0
365379,Medical treatment,2021,October,Wednesday,17,Angle,Multi-Vehicle,152.793401041357,-27.6115264229268,Clifton St,Dudleigh St,,Booval,Ipswich City,4304,Booval,Ipswich,Southern,SEQ South,Metropolitan,Ipswich - East,Ipswich Inner,Ipswich,Major Cities,Ipswich,Blair,Locally-controlled,Intersection - Cross,Stop sign,0 - 50 km/h,Sealed - Dry,Clear,Dawn/Dusk,Straight,Level,101.0,Veh'S Adjacent Approach: Thru-Thru,Intersection from adjacent approaches,S,0,0,1,0,1,3,0,0,0,0,0,0
365380,Medical treatment,2021,October,Thursday,8,Rear-end,Multi-Vehicle,152.761948045833,-27.6029724197325,Downs St,Unknown,Ipswich - Warrego Hwy Connection Road,North Ipswich,Ipswich City,4305,Ipswich,Ipswich,Southern,SEQ South,Metropolitan,North Ipswich - Tivoli,Ipswich Inner,Ipswich,Major Cities,Ipswich West,Blair,State-controlled,No Roadway Feature,No traffic control,60 km/h,Sealed - Dry,Clear,Daylight,Straight,Level,301.0,Veh'S Same Direction: Rear End,Rear-end,S,0,0,1,0,1,3,0,0,0,0,0,0
365381,Medical treatment,2021,October,Thursday,15,Angle,Multi-Vehicle,152.760620044409,-27.6154894196992,East St,Limestone St,Ipswich - Cunningham Hwy Connection Road,Ipswich,Ipswich City,4305,Ipswich,Ipswich,Southern,SEQ South,Metropolitan,Ipswich - Central,Ipswich Inner,Ipswich,Major Cities,Ipswich,Blair,State-controlled,Intersection - Cross,Operating traffic lights,0 - 50 km/h,Sealed - Dry,Clear,Daylight,Straight,Level,101.0,Veh'S Adjacent Approach: Thru-Thru,Intersection from adjacent approaches,W,0,0,1,1,2,2,0,0,0,0,0,0
365382,Hospitalisation,2021,October,Sunday,5,Hit object,Single Vehicle,152.757990516754,-27.5830516421823,Holdsworth Rd,Unknown,,North Ipswich,Ipswich City,4305,Karana Downs,Ipswich,Southern,SEQ South,Metropolitan,North Ipswich - Tivoli,Ipswich Inner,Ipswich,Major Cities,Ipswich West,Blair,Locally-controlled,No Roadway Feature,No traffic control,60 km/h,Sealed - Wet,Clear,Dawn/Dusk,Curved - view open,Crest,803.0,Off Path-Curve: Off Cway Rt Bend Hit Obj,Off carriageway on curve hit object,W,0,1,0,0,1,1,0,0,0,0,0,0
365383,Minor injury,2021,October,Sunday,11,Hit parked vehicle,Single Vehicle,152.746102048714,-27.5936464180852,Hunter St,Unknown,,Brassall,Ipswich City,4305,Karana Downs,Ipswich,Southern,SEQ South,Metropolitan,Brassall,Ipswich Inner,Ipswich,Major Cities,Ipswich West,Blair,Locally-controlled,No Roadway Feature,No traffic control,60 km/h,Sealed - Dry,Clear,Daylight,Straight,Level,703.0,Off Path-Straight: Left Off Cway Hit Obj,Off carriageway on straight hit object,S,0,0,0,1,1,2,0,0,0,0,0,0
365384,Hospitalisation,2021,October,Sunday,18,Angle,Multi-Vehicle,152.750285045295,-27.6173514186874,Brisbane St,Clay St,,West Ipswich,Ipswich City,4305,Ipswich,Ipswich,Southern,SEQ South,Metropolitan,Ipswich - Central,Ipswich Inner,Ipswich,Major Cities,Ipswich,Blair,Locally-controlled,Intersection - Cross,Operating traffic lights,60 km/h,Sealed - Dry,Clear,Darkness - Lighted,Straight,Level,202.0,Veh'S Opposite Approach: Thru-Right,Opposing vehicles turning,N,0,1,0,0,1,2,0,0,0,0,0,0
365385,Minor injury,2021,November,Monday,14,Rear-end,Multi-Vehicle,152.761988045108,-27.6087244197818,Pine St,The Terrace,Ipswich - Warrego Hwy Connection Road,North Ipswich,Ipswich City,4305,Ipswich,Ipswich,Southern,SEQ South,Metropolitan,North Ipswich - Tivoli,Ipswich Inner,Ipswich,Major Cities,Ipswich West,Blair,State-controlled,Intersection - Roundabout,No traffic control,0 - 50 km/h,Sealed - Wet,Raining,Daylight,Straight,Level,302.0,Veh'S Same Direction: Left Rear,Rear-end,N,0,0,0,1,1,2,0,0,0,0,0,0
365386,Minor injury,2021,November,Friday,8,Rear-end,Multi-Vehicle,152.761668580913,-27.6105614527646,Pine St,Unknown,Ipswich - Warrego Hwy Connection Road,North Ipswich,Ipswich City,4305,Ipswich,Ipswich,Southern,SEQ South,Metropolitan,North Ipswich - Tivoli,Ipswich Inner,Ipswich,Major Cities,Ipswich West,Blair,State-controlled,Bridge/Causeway,No traffic control,0 - 50 km/h,Sealed - Wet,Raining,Daylight,Straight,Level,301.0,Veh'S Same Direction: Rear End,Rear-end,S,0,0,0,1,1,4,0,0,0,0,0,0
365387,Hospitalisation,2021,November,Friday,15,Hit parked vehicle,Single Vehicle,152.82254926031,-27.6186423958841,Cunningham Hwy,Unknown,Cunningham Highway (Ipswich - Warwick),Bundamba,Ipswich City,4304,Booval,Ipswich,Southern,SEQ South,Metropolitan,New Chum,Springfield - Redbank,Ipswich,Major Cities,Bundamba,Blair,State-controlled,No Roadway Feature,No traffic control,100 - 110 km/h,Sealed - Dry,Clear,Daylight,Straight,Level,703.0,Off Path-Straight: Left Off Cway Hit Obj,Off carriageway on straight hit object,N,0,1,0,0,1,2,0,0,0,0,0,0
365388,Hospitalisation,2021,November,Saturday,12,Head-on,Multi-Vehicle,152.761460045793,-27.6037114196899,Downs St,Unknown,Ipswich - Warrego Hwy Connection Road,North Ipswich,Ipswich City,4305,Ipswich,Ipswich,Southern,SEQ South,Metropolitan,North Ipswich - Tivoli,Ipswich Inner,Ipswich,Major Cities,Ipswich West,Blair,State-controlled,No Roadway Feature,No traffic control,60 km/h,Sealed - Dry,Clear,Daylight,Curved - view open,Level,201.0,Veh'S Opposite Approach: Head On,Head-on,S,0,1,0,0,1,2,0,0,0,0,0,0
365389,Hospitalisation,2021,November,Monday,13,Hit object,Single Vehicle,152.820463037696,-27.6173674256663,Weymouth St,Unknown,,Bundamba,Ipswich City,4304,Booval,Ipswich,Southern,SEQ South,Metropolitan,Bundamba,Ipswich Inner,Ipswich,Major Cities,Bundamba,Blair,Locally-controlled,No Roadway Feature,No traffic control,0 - 50 km/h,Sealed - Dry,Clear,Daylight,Curved - view open,Dip,805.0,Off Path-Curve: Out Of Control On Cway,Out of control on curve,S,0,1,0,0,1,1,0,0,0,0,0,0
365390,Medical treatment,2021,November,Monday,15,Rear-end,Multi-Vehicle,152.688094059937,-27.5540024120197,Brisbane Valley Hwy,Unknown,Brisbane Valley Highway (Ipswich - Harlin),Pine Mountain,Ipswich City,4306,Marburg,Ipswich,Southern,SEQ South,Metropolitan,Rosewood,Ipswich Hinterland,Ipswich,Inner Regional,Ipswich West,Blair,State-controlled,No Roadway Feature,No traffic control,100 - 110 km/h,Sealed - Dry,Clear,Daylight,Straight,Grade,303.0,Veh'S Same Direction: Right Rear,Rear-end,N,0,0,2,0,2,2,0,0,0,0,0,0
365391,Medical treatment,2021,November,Friday,8,Rear-end,Multi-Vehicle,152.761492044869,-27.611065419751,East St,Unknown,Ipswich - Warrego Hwy Connection Road,North Ipswich,Ipswich City,4305,Ipswich,Ipswich,Southern,SEQ South,Metropolitan,North Ipswich - Tivoli,Ipswich Inner,Ipswich,Major Cities,Ipswich West,Blair,State-controlled,Bridge/Causeway,No traffic control,60 km/h,Sealed - Dry,Clear,Daylight,Straight,Level,301.0,Veh'S Same Direction: Rear End,Rear-end,N,0,0,2,0,2,2,0,0,0,0,0,0
365392,Hospitalisation,2021,November,Friday,21,Angle,Multi-Vehicle,152.750285045295,-27.6173514186874,Brisbane St,Clay St,,West Ipswich,Ipswich City,4305,Ipswich,Ipswich,Southern,SEQ South,Metropolitan,Ipswich - Central,Ipswich Inner,Ipswich,Major Cities,Ipswich,Blair,Locally-controlled,Intersection - Cross,Operating traffic lights,60 km/h,Sealed - Dry,Clear,Darkness - Lighted,Straight,Level,101.0,Veh'S Adjacent Approach: Thru-Thru,Intersection from adjacent approaches,E,0,2,0,0,2,2,0,0,0,0,0,0
365393,Medical treatment,2021,November,Friday,17,Angle,Multi-Vehicle,152.761705045139,-27.6087234197537,Pine St,The Terrace,Ipswich - Warrego Hwy Connection Road,North Ipswich,Ipswich City,4305,Ipswich,Ipswich,Southern,SEQ South,Metropolitan,North Ipswich - Tivoli,Ipswich Inner,Ipswich,Major Cities,Ipswich West,Blair,State-controlled,Intersection - Roundabout,Give way sign,60 km/h,Sealed - Dry,Clear,Daylight,Straight,Level,309.0,Veh'S Same Direction: Left Turn S/Swipe,Parallel lanes turning,N,0,0,1,0,1,1,1,0,0,0,0,0
365394,Hospitalisation,2021,November,Saturday,15,Rear-end,Multi-Vehicle,152.808888184015,-27.6248053665725,Charlotte St,Unknown,,Blackstone,Ipswich City,4304,Booval,Ipswich,Southern,SEQ South,Metropolitan,Bundamba,Ipswich Inner,Ipswich,Major Cities,Bundamba,Blair,Locally-controlled,No Roadway Feature,No traffic control,0 - 50 km/h,Sealed - Dry,Clear,Daylight,Straight,Grade,302.0,Veh'S Same Direction: Left Rear,Rear-end,E,0,1,0,0,1,2,0,0,0,0,0,0
365395,Medical treatment,2021,November,Saturday,10,Rear-end,Multi-Vehicle,152.761664044937,-27.6103744197627,East St,Unknown,Ipswich - Warrego Hwy Connection Road,North Ipswich,Ipswich City,4305,Ipswich,Ipswich,Southern,SEQ South,Metropolitan,North Ipswich - Tivoli,Ipswich Inner,Ipswich,Major Cities,Ipswich West,Blair,State-controlled,Bridge/Causeway,No traffic control,60 km/h,Sealed - Dry,Clear,Daylight,Straight,Level,301.0,Veh'S Same Direction: Rear End,Rear-end,N,0,0,1,0,1,3,0,0,0,0,0,0