Crash_Ref_Number,Crash_Severity,Crash_Year,Crash_Month,Crash_Day_Of_Week,Crash_Hour,Crash_Nature,Crash_Type,Crash_Longitude,Crash_Latitude,Crash_Street,Crash_Street_Intersecting,State_Road_Name,Loc_Suburb,Loc_Local_Government_Area,Loc_Post_Code,Loc_Police_Division,Loc_Police_District,Loc_Police_Region,Loc_Queensland_Transport_Region,Loc_Main_Roads_Region,Loc_ABS_Statistical_Area_2,Loc_ABS_Statistical_Area_3,Loc_ABS_Statistical_Area_4,Loc_ABS_Remoteness,Loc_State_Electorate,Loc_Federal_Electorate,Crash_Controlling_Authority,Crash_Roadway_Feature,Crash_Traffic_Control,Crash_Speed_Limit,Crash_Road_Surface_Condition,Crash_Atmospheric_Condition,Crash_Lighting_Condition,Crash_Road_Horiz_Align,Crash_Road_Vert_Align,Crash_DCA_Code,Crash_DCA_Description,Crash_DCA_Group_Description,DCA_Key_Approach_Dir,Count_Casualty_Fatality,Count_Casualty_Hospitalised,Count_Casualty_MedicallyTreated,Count_Casualty_MinorInjury,Count_Casualty_Total,Count_Unit_Car,Count_Unit_Motorcycle_Moped,Count_Unit_Truck,Count_Unit_Bus,Count_Unit_Bicycle,Count_Unit_Pedestrian,Count_Unit_Other
365396,Medical treatment,2021,November,Sunday,13,Rear-end,Multi-Vehicle,152.774946040611,-27.6334214212642,Raceview St,Unknown,,Raceview,Ipswich City,4305,Yamanto,Ipswich,Southern,SEQ South,Metropolitan,Raceview,Ipswich Inner,Ipswich,Major Cities,Ipswich,Blair,Locally-controlled,No Roadway Feature,No traffic control,0 - 50 km/h,Sealed - Dry,Clear,Daylight,Straight,Level,301.0,Veh'S Same Direction: Rear End,Rear-end,N,0,0,1,0,1,3,0,0,0,0,0,0
365397,Medical treatment,2021,November,Monday,15,Hit pedestrian,Hit pedestrian,152.760056042677,-27.6298124197561,Carr St,Warwick Rd,Ipswich - Cunningham Hwy Connection Road,Ipswich,Ipswich City,4305,Yamanto,Ipswich,Southern,SEQ South,Metropolitan,Ipswich - Central,Ipswich Inner,Ipswich,Major Cities,Ipswich,Blair,State-controlled,Intersection - T-Junction,Operating traffic lights,60 km/h,Sealed - Dry,Clear,Daylight,Curved - view open,Level,1.0,Ped'N: Near Side Vehicle Hit From Right,Pedestrian,N,0,0,1,0,1,1,0,0,0,0,1,0
365398,Hospitalisation,2021,November,Tuesday,9,Head-on,Multi-Vehicle,152.745190048229,-27.5983114180314,Hunter St,Workshops St,,Brassall,Ipswich City,4305,Karana Downs,Ipswich,Southern,SEQ South,Metropolitan,Brassall,Ipswich Inner,Ipswich,Major Cities,Ipswich West,Blair,Locally-controlled,Intersection - Cross,Operating traffic lights,60 km/h,Sealed - Wet,Raining,Daylight,Curved - view open,Level,202.0,Veh'S Opposite Approach: Thru-Right,Opposing vehicles turning,N,0,4,0,0,4,2,0,0,0,0,0,0
365399,Hospitalisation,2021,November,Tuesday,9,Angle,Multi-Vehicle,152.761197044339,-27.6155544197571,Limestone St,Unknown,Ipswich - Cunningham Hwy Connection Road,Ipswich,Ipswich City,4305,Ipswich,Ipswich,Southern,SEQ South,Metropolitan,Ipswich - Central,Ipswich Inner,Ipswich,Major Cities,Ipswich,Blair,State-controlled,No Roadway Feature,No traffic control,0 - 50 km/h,Sealed - Wet,Raining,Daylight,Straight,Level,300.0,Veh'S Same Direction: Other,Other,W,0,1,0,0,1,2,0,0,0,0,0,0
365400,Hospitalisation,2021,November,Tuesday,9,Hit object,Single Vehicle,152.749325050051,-27.5801684182989,Kholo Rd,Warrego Hwy,Warrego Highway (Ipswich - Toowoomba),Brassall,Ipswich City,4305,Karana Downs,Ipswich,Southern,SEQ South,Metropolitan,Brassall,Ipswich Inner,Ipswich,Major Cities,Ipswich West,Blair,State-controlled,Intersection - Interchange,No traffic control,100 - 110 km/h,Sealed - Wet,Raining,Daylight,Curved - view open,Level,803.0,Off Path-Curve: Off Cway Rt Bend Hit Obj,Off carriageway on curve hit object,W,0,1,0,0,1,1,0,0,0,0,0,0
365401,Medical treatment,2021,November,Tuesday,8,Angle,Multi-Vehicle,152.740938049576,-27.5912184175534,Bourke St,Hayes St,,Brassall,Ipswich City,4305,Karana Downs,Ipswich,Southern,SEQ South,Metropolitan,Brassall,Ipswich Inner,Ipswich,Major Cities,Ipswich West,Blair,Locally-controlled,Intersection - Cross,Stop sign,0 - 50 km/h,Sealed - Dry,Raining,Daylight,Straight,Level,202.0,Veh'S Opposite Approach: Thru-Right,Opposing vehicles turning,E,0,0,1,0,1,2,0,0,0,0,0,0
365402,Medical treatment,2021,March,Saturday,6,Hit object,Single Vehicle,152.868235034207,-27.6040054303226,Ipswich Mwy,Unknown,Cunningham Highway (Ipswich Motorway),Redbank,Ipswich City,4301,Goodna,Ipswich,Southern,SEQ South,Metropolitan,Collingwood Park - Redbank,Springfield - Redbank,Ipswich,Major Cities,Bundamba,Oxley,State-controlled,No Roadway Feature,No traffic control,100 - 110 km/h,Sealed - Dry,Clear,Daylight,Straight,Level,703.0,Off Path-Straight: Left Off Cway Hit Obj,Off carriageway on straight hit object,W,0,0,1,0,1,1,0,0,0,0,0,0
365403,Minor injury,2021,March,Saturday,18,Rear-end,Multi-Vehicle,152.832193038891,-27.5977324266798,Brisbane Rd,Unknown,Ipswich - Cunningham Hwy Connection Road,Dinmore,Ipswich City,4303,Goodna,Ipswich,Southern,SEQ South,Metropolitan,Bundamba,Ipswich Inner,Ipswich,Major Cities,Bundamba,Blair,State-controlled,No Roadway Feature,No traffic control,0 - 50 km/h,Sealed - Dry,Clear,Darkness - Lighted,Straight,Level,400.0,Veh'S Manoeuvring: Other,Other,S,0,0,0,1,1,1,0,0,0,0,0,1
365404,Minor injury,2021,March,Sunday,22,Angle,Multi-Vehicle,152.871646948481,-27.6465914409988,Jones Rd,Keidges Rd,,Redbank Plains,Ipswich City,4301,Goodna,Ipswich,Southern,SEQ South,Metropolitan,Bellbird Park - Brookwater,Springfield - Redbank,Ipswich,Major Cities,Bundamba,Oxley,Locally-controlled,Intersection - Cross,Operating traffic lights,60 km/h,Sealed - Dry,Clear,Darkness - Lighted,Straight,Level,101.0,Veh'S Adjacent Approach: Thru-Thru,Intersection from adjacent approaches,S,0,0,0,2,2,2,0,0,0,0,0,0
365405,Medical treatment,2021,March,Thursday,9,Rear-end,Multi-Vehicle,152.857829634211,-27.6208770504177,Collingwood Dr,Unknown,,Collingwood Park,Ipswich City,4301,Goodna,Ipswich,Southern,SEQ South,Metropolitan,Collingwood Park - Redbank,Springfield - Redbank,Ipswich,Major Cities,Bundamba,Blair,Locally-controlled,No Roadway Feature,No traffic control,60 km/h,Sealed - Dry,Clear,Daylight,Straight,Dip,301.0,Veh'S Same Direction: Rear End,Rear-end,N,0,0,1,0,1,3,0,0,0,0,0,0
365406,Medical treatment,2021,March,Sunday,23,Hit parked vehicle,Single Vehicle,152.92382802421,-27.6356494361247,Mikkelsen Rd,Unknown,,Camira,Ipswich City,4300,Goodna,Ipswich,Southern,SEQ South,Metropolitan,Camira - Gailes,Springfield - Redbank,Ipswich,Major Cities,Jordan,Oxley,Locally-controlled,No Roadway Feature,No traffic control,0 - 50 km/h,Sealed - Wet,Raining,Darkness - Lighted,Straight,Crest,601.0,Veh'S On Path: Parked,Hit parked vehicle,W,0,0,1,0,1,2,0,0,0,0,0,0
365407,Minor injury,2021,March,Monday,21,Sideswipe,Multi-Vehicle,152.849175037116,-27.5972464283684,Ipswich Mwy,Unknown,Cunningham Highway (Ipswich Motorway),Riverview,Ipswich City,4303,Goodna,Ipswich,Southern,SEQ South,Metropolitan,Riverview,Ipswich Inner,Ipswich,Major Cities,Bundamba,Blair,State-controlled,Intersection - Interchange,No traffic control,100 - 110 km/h,Sealed - Wet,Raining,Darkness - Lighted,Straight,Level,307.0,Veh'S Same Direction: Lane Change Left,Lane changes,W,0,0,0,1,1,2,0,0,0,0,0,0
365408,Medical treatment,2021,March,Monday,23,Hit object,Single Vehicle,152.871737032803,-27.6121584307363,Duncan St,Unknown,,Collingwood Park,Ipswich City,4301,Goodna,Ipswich,Southern,SEQ South,Metropolitan,Collingwood Park - Redbank,Springfield - Redbank,Ipswich,Major Cities,Bundamba,Oxley,Locally-controlled,No Roadway Feature,No traffic control,60 km/h,Sealed - Wet,Raining,Darkness - Lighted,Curved - view open,Grade,803.0,Off Path-Curve: Off Cway Rt Bend Hit Obj,Off carriageway on curve hit object,E,0,0,1,0,1,1,0,0,0,0,0,0
365409,Hospitalisation,2021,March,Tuesday,10,Hit parked vehicle,Single Vehicle,152.936621025167,-27.6170784372577,Logan Mwy,Unknown,Logan Motorway (Gailes - Loganholme),Carole Park,Ipswich City,4300,Goodna,Ipswich,Southern,SEQ South,Metropolitan,Carole Park,Springfield - Redbank,Ipswich,Major Cities,Jordan,Oxley,State-controlled,No Roadway Feature,No traffic control,100 - 110 km/h,Sealed - Wet,Raining,Daylight,Straight,Level,305.0,Veh'S Same Direction: Lane Side Swipe,Lane changes,W,0,1,0,0,1,1,0,1,1,0,0,0
365410,Hospitalisation,2021,March,Tuesday,21,Angle,Multi-Vehicle,152.87882503275,-27.606485431399,Cross St,Dowden St,,Redbank,Ipswich City,4301,Goodna,Ipswich,Southern,SEQ South,Metropolitan,Collingwood Park - Redbank,Springfield - Redbank,Ipswich,Major Cities,Bundamba,Oxley,Locally-controlled,No Roadway Feature,No traffic control,0 - 50 km/h,Sealed - Wet,Raining,Darkness - Lighted,Curved - view open,Level,804.0,Off Path-Curve: Off Cway Lt Bend Hit Obj,Off carriageway on curve hit object,W,0,1,0,0,1,1,0,0,0,0,0,0
365411,Minor injury,2021,March,Thursday,17,Rear-end,Multi-Vehicle,152.931292021538,-27.6504284369876,Centenary Hwy,Unknown,Centenary Motorway (Yamanto - Ellen Grove),Greenbank,Logan City,4124,Goodna,Ipswich,Southern,SEQ South,South Coast,Camira - Gailes,Springfield - Redbank,Ipswich,Major Cities,Jordan,Oxley,State-controlled,No Roadway Feature,No traffic control,100 - 110 km/h,Sealed - Dry,Clear,Daylight,Straight,Level,301.0,Veh'S Same Direction: Rear End,Rear-end,S,0,0,0,1,1,3,0,0,0,0,0,0
365412,Hospitalisation,2021,March,Friday,15,Hit pedestrian,Hit pedestrian,152.871859028569,-27.645712431013,Redbank Plains Rd,Unknown,,Bellbird Park,Ipswich City,4300,Goodna,Ipswich,Southern,SEQ South,Metropolitan,Bellbird Park - Brookwater,Springfield - Redbank,Ipswich,Major Cities,Bundamba,Oxley,Locally-controlled,No Roadway Feature,No traffic control,60 km/h,Sealed - Dry,Clear,Daylight,Straight,Grade,2.0,Ped'N: Hit Emerging Behind Vehicle,Pedestrian,S,0,1,0,0,1,0,0,0,1,0,1,0
365413,Medical treatment,2021,March,Saturday,10,Rear-end,Multi-Vehicle,152.899358855096,-27.6099362254765,Queen St,Smiths Rd,,Goodna,Ipswich City,4300,Goodna,Ipswich,Southern,SEQ South,Metropolitan,Goodna,Springfield - Redbank,Ipswich,Major Cities,Bundamba,Oxley,Locally-controlled,Intersection - Roundabout,Give way sign,60 km/h,Sealed - Dry,Clear,Daylight,Straight,Level,301.0,Veh'S Same Direction: Rear End,Rear-end,W,0,0,1,0,1,1,0,0,0,0,0,0
365414,Fatal,2021,March,Saturday,19,Fall from vehicle,Single Vehicle,152.940208024055,-27.6228184376618,Logan Mwy,Unknown,Logan Motorway (Gailes - Loganholme),Carole Park,Ipswich City,4300,Goodna,Ipswich,Southern,SEQ South,Metropolitan,Carole Park,Springfield - Redbank,Ipswich,Major Cities,Inala,Oxley,State-controlled,No Roadway Feature,No traffic control,100 - 110 km/h,Sealed - Dry,Clear,Darkness - Lighted,Straight,Level,301.0,Veh'S Same Direction: Rear End,Rear-end,W,1,1,0,1,3,1,1,0,0,0,0,0
365415,Medical treatment,2021,March,Monday,15,Rear-end,Multi-Vehicle,152.857563263085,-27.6221138424009,Collingwood Dr,Unknown,,Collingwood Park,Ipswich City,4301,Goodna,Ipswich,Southern,SEQ South,Metropolitan,Collingwood Park - Redbank,Springfield - Redbank,Ipswich,Major Cities,Bundamba,Blair,Locally-controlled,No Roadway Feature,No traffic control,60 km/h,Sealed - Dry,Clear,Daylight,Straight,Crest,301.0,Veh'S Same Direction: Rear End,Rear-end,S,0,0,1,0,1,3,0,0,0,0,0,0
365416,Minor injury,2021,March,Wednesday,21,Angle,Multi-Vehicle,152.930519026433,-27.6122714366095,Boundary Rd,Unknown,Logan Motorway (Gailes - Loganholme),Carole Park,Ipswich City,4300,Goodna,Ipswich,Southern,SEQ South,Metropolitan,Carole Park,Springfield - Redbank,Ipswich,Major Cities,Jordan,Oxley,State-controlled,Intersection - Interchange,No traffic control,60 km/h,Sealed - Dry,Clear,Darkness - Lighted,Straight,Level,104.0,Veh'S Adjacent Approach: Thru-Right,Intersection from adjacent approaches,S,0,0,0,1,1,2,0,0,0,0,0,0
365417,Medical treatment,2021,April,Monday,17,Rear-end,Multi-Vehicle,152.871583028491,-27.6465674309922,Jones Rd,Redbank Plains Rd,,Redbank Plains,Ipswich City,4301,Goodna,Ipswich,Southern,SEQ South,Metropolitan,Redbank Plains,Springfield - Redbank,Ipswich,Major Cities,Bundamba,Oxley,Locally-controlled,Intersection - Cross,Operating traffic lights,60 km/h,Sealed - Dry,Clear,Dawn/Dusk,Straight,Level,302.0,Veh'S Same Direction: Left Rear,Rear-end,S,0,0,1,1,2,2,0,0,0,0,0,0
365418,Minor injury,2021,April,Friday,9,Angle,Multi-Vehicle,152.879114027577,-27.64734843175,Augusta Pkwy,Jones Rd,,Augustine Heights,Ipswich City,4300,Goodna,Ipswich,Southern,SEQ South,Metropolitan,Bellbird Park - Brookwater,Springfield - Redbank,Ipswich,Major Cities,Bundamba,Oxley,Locally-controlled,Merge Lane,Operating traffic lights,60 km/h,Sealed - Dry,Clear,Daylight,Straight,Crest,202.0,Veh'S Opposite Approach: Thru-Right,Opposing vehicles turning,W,0,0,0,1,1,2,0,0,0,0,0,0
365419,Hospitalisation,2021,April,Friday,12,Fall from vehicle,Single Vehicle,152.870359585436,-27.6003520335058,Brisbane Rd,Unknown,,Redbank,Ipswich City,4301,Goodna,Ipswich,Southern,SEQ South,Metropolitan,Collingwood Park - Redbank,Springfield - Redbank,Ipswich,Major Cities,Bundamba,Oxley,Locally-controlled,No Roadway Feature,No traffic control,60 km/h,Sealed - Dry,Clear,Daylight,Straight,Level,705.0,Off Path-Straight:Out Of Control On Cway,Out of control on straight,E,0,1,0,0,1,1,1,0,0,0,0,0
365420,Medical treatment,2021,April,Sunday,15,Angle,Multi-Vehicle,152.866968034622,-27.6017884301787,Brisbane Rd,Tile St,,Redbank,Ipswich City,4301,Goodna,Ipswich,Southern,SEQ South,Metropolitan,Collingwood Park - Redbank,Springfield - Redbank,Ipswich,Major Cities,Bundamba,Oxley,Locally-controlled,Intersection - T-Junction,Give way sign,0 - 50 km/h,Sealed - Dry,Clear,Daylight,Straight,Level,102.0,Veh'S Adjacent Approach: Right-Thru,Intersection from adjacent approaches,S,0,0,1,0,1,2,0,0,0,0,0,0
365421,Medical treatment,2021,April,Tuesday,9,Hit object,Single Vehicle,152.848613031269,-27.6442644286831,Christine Cr,Unknown,,Redbank Plains,Ipswich City,4301,Springfield,Ipswich,Southern,SEQ South,Metropolitan,Redbank Plains,Springfield - Redbank,Ipswich,Major Cities,Bundamba,Blair,Locally-controlled,No Roadway Feature,No traffic control,0 - 50 km/h,Sealed - Dry,Clear,Daylight,Curved - view open,Grade,804.0,Off Path-Curve: Off Cway Lt Bend Hit Obj,Off carriageway on curve hit object,S,0,0,4,0,4,1,0,0,0,0,0,0
365422,Hospitalisation,2021,April,Tuesday,19,Rear-end,Multi-Vehicle,152.804447030706,-27.6868724246195,Centenary Hwy,Unknown,Centenary Motorway (Yamanto - Ellen Grove),Ripley,Ipswich City,4306,Yamanto,Ipswich,Southern,SEQ South,Metropolitan,Ripley,Ipswich Inner,Ipswich,Major Cities,Ipswich,Blair,State-controlled,No Roadway Feature,No traffic control,100 - 110 km/h,Sealed - Dry,Clear,Darkness - Not lighted,Curved - view obscured,Level,301.0,Veh'S Same Direction: Rear End,Rear-end,W,0,2,0,1,3,2,0,0,0,0,0,0
365423,Minor injury,2021,April,Wednesday,13,Angle,Multi-Vehicle,152.923032027489,-27.6103154358453,Mica St,Unknown,,Carole Park,Ipswich City,4300,Goodna,Ipswich,Southern,SEQ South,Metropolitan,Carole Park,Springfield - Redbank,Ipswich,Major Cities,Jordan,Oxley,Locally-controlled,No Roadway Feature,No traffic control,0 - 50 km/h,Sealed - Dry,Clear,Daylight,Curved - view open,Level,406.0,Veh'S Manoeuvring: Leaving Driveway,Vehicle leaving driveway,S,0,0,0,1,1,2,0,0,0,0,0,0
365424,Minor injury,2021,April,Wednesday,17,Rear-end,Multi-Vehicle,152.897618030074,-27.6115994333157,Queen St,Unknown,,Goodna,Ipswich City,4300,Goodna,Ipswich,Southern,SEQ South,Metropolitan,Goodna,Springfield - Redbank,Ipswich,Major Cities,Bundamba,Oxley,Locally-controlled,No Roadway Feature,No traffic control,60 km/h,Sealed - Dry,Clear,Dawn/Dusk,Straight,Level,301.0,Veh'S Same Direction: Rear End,Rear-end,S,0,0,0,1,1,2,0,0,0,0,0,0
365425,Hospitalisation,2021,April,Thursday,17,Fall from vehicle,Single Vehicle,152.864926250504,-27.6044865479963,Ipswich Mwy,Unknown,Cunningham Highway (Ipswich Motorway),Redbank,Ipswich City,4301,Goodna,Ipswich,Southern,SEQ South,Metropolitan,Collingwood Park - Redbank,Springfield - Redbank,Ipswich,Major Cities,Bundamba,Oxley,State-controlled,No Roadway Feature,No traffic control,100 - 110 km/h,Sealed - Dry,Clear,Dawn/Dusk,Curved - view open,Level,900.0,Pass & Misc: Other,Other,W,0,1,0,0,1,0,1,1,0,0,0,0
365426,Hospitalisation,2021,April,Thursday,22,Head-on,Multi-Vehicle,152.908597453898,-27.6670722968499,Springfield Greenbank Art Rd,Unknown,,Springfield,Ipswich City,4300,Springfield,Ipswich,Southern,SEQ South,Metropolitan,Springfield,Springfield - Redbank,Ipswich,Major Cities,Jordan,Oxley,Locally-controlled,No Roadway Feature,No traffic control,60 km/h,Sealed - Dry,Clear,Darkness - Lighted,Straight,Level,201.0,Veh'S Opposite Approach: Head On,Head-on,N,0,2,0,0,2,2,0,0,0,0,0,0
365427,Medical treatment,2021,April,Thursday,19,Hit pedestrian,Hit pedestrian,152.901904021307,-27.6775134342634,Main St,North Star Crossing,,Springfield Central,Ipswich City,4300,Springfield,Ipswich,Southern,SEQ South,Metropolitan,Springfield Lakes,Springfield - Redbank,Ipswich,Major Cities,Jordan,Blair,Locally-controlled,No Roadway Feature,Pedestrian crossing sign,0 - 50 km/h,Sealed - Dry,Clear,Darkness - Lighted,Straight,Level,3.0,Ped'N: Far Side Vehicle Hit From Left,Pedestrian,U,0,0,1,0,1,1,0,0,0,0,1,0
365428,Hospitalisation,2021,April,Sunday,4,Hit object,Single Vehicle,152.91608298207,-27.6672053305991,Centenary Hwy,Unknown,Centenary Motorway (Yamanto - Ellen Grove),Springfield Lakes,Ipswich City,4300,Springfield,Ipswich,Southern,SEQ South,Metropolitan,Springfield Lakes,Springfield - Redbank,Ipswich,Major Cities,Jordan,Oxley,State-controlled,No Roadway Feature,No traffic control,100 - 110 km/h,Sealed - Dry,Clear,Darkness - Lighted,Straight,Level,201.0,Veh'S Opposite Approach: Head On,Head-on,N,0,3,0,0,3,2,0,0,0,0,0,0
365429,Medical treatment,2021,April,Monday,17,Rear-end,Multi-Vehicle,152.919532022423,-27.6535064358359,Commercial Dr,Springfield Pky,,Springfield,Ipswich City,4300,Springfield,Ipswich,Southern,SEQ South,Metropolitan,Springfield,Springfield - Redbank,Ipswich,Major Cities,Jordan,Oxley,Locally-controlled,Intersection - T-Junction,Give way sign,0 - 50 km/h,Sealed - Dry,Clear,Daylight,Straight,Level,302.0,Veh'S Same Direction: Left Rear,Rear-end,W,0,0,1,0,1,2,0,0,0,0,0,0
365430,Minor injury,2021,April,Tuesday,9,Angle,Multi-Vehicle,152.89582403005,-27.6133354331502,Alice St,Queen St,,Goodna,Ipswich City,4300,Goodna,Ipswich,Southern,SEQ South,Metropolitan,Goodna,Springfield - Redbank,Ipswich,Major Cities,Bundamba,Oxley,Locally-controlled,Intersection - Cross,Operating traffic lights,60 km/h,Sealed - Dry,Clear,Daylight,Straight,Level,202.0,Veh'S Opposite Approach: Thru-Right,Opposing vehicles turning,W,0,0,0,1,1,2,0,0,0,0,0,0
365431,Hospitalisation,2021,April,Tuesday,15,Rear-end,Multi-Vehicle,152.908731020213,-27.6803234349677,Sinnathamby Blvd,Unknown,,Springfield Central,Ipswich City,4300,Springfield,Ipswich,Southern,SEQ South,Metropolitan,Springfield Lakes,Springfield - Redbank,Ipswich,Major Cities,Jordan,Blair,Locally-controlled,No Roadway Feature,No traffic control,70 km/h,Sealed - Dry,Clear,Daylight,Curved - view open,Grade,301.0,Veh'S Same Direction: Rear End,Rear-end,N,0,2,0,0,2,1,0,1,0,0,0,0
365432,Hospitalisation,2021,April,Wednesday,14,Hit pedestrian,Hit pedestrian,152.910288018782,-27.6903324352021,Parkland Dr,Springfield Central Bvd,,Springfield Lakes,Ipswich City,4300,Springfield,Ipswich,Southern,SEQ South,Metropolitan,Springfield Lakes,Springfield - Redbank,Ipswich,Major Cities,Jordan,Blair,Locally-controlled,Intersection - Cross,Operating traffic lights,60 km/h,Sealed - Dry,Clear,Daylight,Curved - view open,Dip,3.0,Ped'N: Far Side Vehicle Hit From Left,Pedestrian,W,0,1,0,0,1,1,0,0,0,0,1,0
365433,Hospitalisation,2021,April,Wednesday,15,Hit pedestrian,Hit pedestrian,152.872026034001,-27.602377430688,Ipswich Mwy,Unknown,Cunningham Highway (Ipswich Motorway),Redbank,Ipswich City,4301,Goodna,Ipswich,Southern,SEQ South,Metropolitan,Collingwood Park - Redbank,Springfield - Redbank,Ipswich,Major Cities,Bundamba,Oxley,State-controlled,No Roadway Feature,No traffic control,100 - 110 km/h,Sealed - Dry,Clear,Daylight,Straight,Level,4.0,Ped'N: Play; Work; Stand; Lie On C'Way,Pedestrian,E,0,1,0,0,1,1,0,0,0,0,1,0
365434,Medical treatment,2021,April,Wednesday,9,Angle,Multi-Vehicle,152.933465025203,-27.6194984369611,Cobalt St,Emery St,,Carole Park,Ipswich City,4300,Goodna,Ipswich,Southern,SEQ South,Metropolitan,Carole Park,Springfield - Redbank,Ipswich,Major Cities,Jordan,Oxley,Locally-controlled,No Roadway Feature,No traffic control,60 km/h,Sealed - Dry,Clear,Daylight,Straight,Level,202.0,Veh'S Opposite Approach: Thru-Right,Opposing vehicles turning,E,0,0,1,0,1,2,0,0,0,0,0,0
365435,Medical treatment,2021,April,Friday,9,Sideswipe,Multi-Vehicle,152.934051821626,-27.6473644372395,Centenary Hwy,Unknown,Centenary Motorway (Yamanto - Ellen Grove),Greenbank,Logan City,4124,Goodna,Ipswich,Southern,SEQ South,South Coast,Camira - Gailes,Springfield - Redbank,Ipswich,Major Cities,Jordan,Oxley,State-controlled,No Roadway Feature,No traffic control,100 - 110 km/h,Sealed - Dry,Clear,Daylight,Straight,Level,307.0,Veh'S Same Direction: Lane Change Left,Lane changes,N,0,0,1,0,1,1,0,1,0,0,0,0
365436,Hospitalisation,2021,April,Sunday,21,Angle,Multi-Vehicle,152.885646029358,-27.6275794322462,Brennan St,Redbank Plains Rd,,Goodna,Ipswich City,4300,Goodna,Ipswich,Southern,SEQ South,Metropolitan,Goodna,Springfield - Redbank,Ipswich,Major Cities,Bundamba,Oxley,Locally-controlled,Intersection - T-Junction,Operating traffic lights,70 km/h,Sealed - Dry,Clear,Darkness - Lighted,Curved - view open,Level,202.0,Veh'S Opposite Approach: Thru-Right,Opposing vehicles turning,N,0,1,0,0,1,2,0,0,0,0,0,0
365437,Minor injury,2021,April,Monday,13,Hit object,Single Vehicle,152.803241743776,-27.6873523395033,Centenary Hwy,Unknown,Centenary Motorway (Yamanto - Ellen Grove),Ripley,Ipswich City,4306,Yamanto,Ipswich,Southern,SEQ South,Metropolitan,Ripley,Ipswich Inner,Ipswich,Major Cities,Ipswich,Blair,State-controlled,Intersection - Roundabout,No traffic control,60 km/h,Sealed - Dry,Clear,Daylight,Curved - view open,Level,703.0,Off Path-Straight: Left Off Cway Hit Obj,Off carriageway on straight hit object,E,0,0,0,2,2,1,0,0,0,0,0,0
365438,Minor injury,2021,April,Wednesday,7,Rear-end,Multi-Vehicle,152.83387703879,-27.5970924268426,Brisbane Rd,Unknown,Ipswich - Cunningham Hwy Connection Road,Dinmore,Ipswich City,4303,Goodna,Ipswich,Southern,SEQ South,Metropolitan,Bundamba,Ipswich Inner,Ipswich,Major Cities,Bundamba,Blair,State-controlled,No Roadway Feature,No traffic control,70 km/h,Sealed - Dry,Clear,Daylight,Curved - view open,Level,301.0,Veh'S Same Direction: Rear End,Rear-end,S,0,0,0,1,1,2,0,0,0,0,0,0
365439,Minor injury,2021,April,Wednesday,16,Hit parked vehicle,Single Vehicle,152.811984515383,-27.698842599464,Parkway Av,Unknown,,South Ripley,Ipswich City,4306,Yamanto,Ipswich,Southern,SEQ South,Metropolitan,Ripley,Ipswich Inner,Ipswich,Major Cities,Bundamba,Blair,Locally-controlled,No Roadway Feature,No traffic control,60 km/h,Sealed - Dry,Clear,Dawn/Dusk,Straight,Level,703.0,Off Path-Straight: Left Off Cway Hit Obj,Off carriageway on straight hit object,E,0,0,0,1,1,2,0,0,0,0,0,0
365440,Medical treatment,2021,April,Thursday,4,Hit object,Single Vehicle,152.880693000982,-27.5871265694327,Monash St,Unknown,,Redbank,Ipswich City,4301,Goodna,Ipswich,Southern,SEQ South,Metropolitan,Collingwood Park - Redbank,Springfield - Redbank,Ipswich,Major Cities,Bundamba,Oxley,Locally-controlled,No Roadway Feature,No traffic control,60 km/h,Sealed - Dry,Clear,Darkness - Lighted,Curved - view open,Level,803.0,Off Path-Curve: Off Cway Rt Bend Hit Obj,Off carriageway on curve hit object,E,0,0,2,0,2,1,0,1,0,0,0,0
365441,Hospitalisation,2021,April,Friday,6,Head-on,Multi-Vehicle,152.894659030026,-27.6145274330433,Queen St,Unknown,,Goodna,Ipswich City,4300,Goodna,Ipswich,Southern,SEQ South,Metropolitan,Goodna,Springfield - Redbank,Ipswich,Major Cities,Bundamba,Oxley,Locally-controlled,No Roadway Feature,No traffic control,60 km/h,Sealed - Dry,Clear,Daylight,Straight,Grade,201.0,Veh'S Opposite Approach: Head On,Head-on,S,0,1,0,1,2,2,0,0,0,0,0,0
365442,Hospitalisation,2021,April,Friday,10,Head-on,Multi-Vehicle,152.9163100272,-27.6183754352369,Formation St,Old Logan Rd,,Carole Park,Ipswich City,4300,Goodna,Ipswich,Southern,SEQ South,Metropolitan,Carole Park,Springfield - Redbank,Ipswich,Major Cities,Jordan,Oxley,Locally-controlled,Intersection - Cross,Operating traffic lights,60 km/h,Sealed - Dry,Clear,Daylight,Straight,Level,202.0,Veh'S Opposite Approach: Thru-Right,Opposing vehicles turning,S,0,1,0,0,1,3,0,0,0,0,0,0
365443,Hospitalisation,2021,May,Saturday,15,Angle,Multi-Vehicle,152.856558032452,-27.6280104293472,Collingwood Dr,Unknown,,Collingwood Park,Ipswich City,4301,Goodna,Ipswich,Southern,SEQ South,Metropolitan,Collingwood Park - Redbank,Springfield - Redbank,Ipswich,Major Cities,Bundamba,Blair,Locally-controlled,No Roadway Feature,No traffic control,60 km/h,Sealed - Dry,Clear,Daylight,Straight,Grade,408.0,Veh'S Manoeuvring: Entering From Footway,Vehicle leaving driveway,S,0,1,0,0,1,2,0,0,0,0,0,0
365444,Hospitalisation,2021,May,Saturday,19,Hit object,Single Vehicle,152.802957030718,-27.6880644244806,Centenary Hwy,Ripley Rd,Centenary Motorway (Yamanto - Ellen Grove),Ripley,Ipswich City,4306,Yamanto,Ipswich,Southern,SEQ South,Metropolitan,Ripley,Ipswich Inner,Ipswich,Major Cities,Ipswich,Blair,State-controlled,Intersection - Roundabout,Give way sign,60 km/h,Sealed - Wet,Raining,Darkness - Lighted,Curved - view open,Grade,804.0,Off Path-Curve: Off Cway Lt Bend Hit Obj,Off carriageway on curve hit object,S,0,1,0,0,1,1,0,0,0,0,0,0