Crash_Ref_Number,Crash_Severity,Crash_Year,Crash_Month,Crash_Day_Of_Week,Crash_Hour,Crash_Nature,Crash_Type,Crash_Longitude,Crash_Latitude,Crash_Street,Crash_Street_Intersecting,State_Road_Name,Loc_Suburb,Loc_Local_Government_Area,Loc_Post_Code,Loc_Police_Division,Loc_Police_District,Loc_Police_Region,Loc_Queensland_Transport_Region,Loc_Main_Roads_Region,Loc_ABS_Statistical_Area_2,Loc_ABS_Statistical_Area_3,Loc_ABS_Statistical_Area_4,Loc_ABS_Remoteness,Loc_State_Electorate,Loc_Federal_Electorate,Crash_Controlling_Authority,Crash_Roadway_Feature,Crash_Traffic_Control,Crash_Speed_Limit,Crash_Road_Surface_Condition,Crash_Atmospheric_Condition,Crash_Lighting_Condition,Crash_Road_Horiz_Align,Crash_Road_Vert_Align,Crash_DCA_Code,Crash_DCA_Description,Crash_DCA_Group_Description,DCA_Key_Approach_Dir,Count_Casualty_Fatality,Count_Casualty_Hospitalised,Count_Casualty_MedicallyTreated,Count_Casualty_MinorInjury,Count_Casualty_Total,Count_Unit_Car,Count_Unit_Motorcycle_Moped,Count_Unit_Truck,Count_Unit_Bus,Count_Unit_Bicycle,Count_Unit_Pedestrian,Count_Unit_Other
365445,Hospitalisation,2021,May,Saturday,20,Hit object,Single Vehicle,152.887862032097,-27.6039104322808,Whitmore Cres,Unknown,,Goodna,Ipswich City,4300,Goodna,Ipswich,Southern,SEQ South,Metropolitan,Goodna,Springfield - Redbank,Ipswich,Major Cities,Bundamba,Oxley,Locally-controlled,No Roadway Feature,No traffic control,0 - 50 km/h,Sealed - Wet,Raining,Darkness - Lighted,Curved - view open,Dip,803.0,Off Path-Curve: Off Cway Rt Bend Hit Obj,Off carriageway on curve hit object,E,0,2,0,0,2,1,0,0,0,0,0,0
365446,Medical treatment,2021,May,Saturday,19,Angle,Multi-Vehicle,152.88465402941,-27.6280174321506,Eagle St,Redbank Plains Rd,,Bellbird Park,Ipswich City,4300,Goodna,Ipswich,Southern,SEQ South,Metropolitan,Bellbird Park - Brookwater,Springfield - Redbank,Ipswich,Major Cities,Bundamba,Oxley,Locally-controlled,Intersection - T-Junction,No traffic control,70 km/h,Sealed - Dry,Clear,Darkness - Lighted,Straight,Grade,202.0,Veh'S Opposite Approach: Thru-Right,Opposing vehicles turning,S,0,0,1,0,1,2,0,0,0,0,0,0
365447,Hospitalisation,2021,May,Tuesday,20,Angle,Multi-Vehicle,152.908777911898,-27.6827764609917,Sinnathamby Blvd,Unknown,,Springfield Central,Ipswich City,4300,Springfield,Ipswich,Southern,SEQ South,Metropolitan,Springfield Lakes,Springfield - Redbank,Ipswich,Major Cities,Jordan,Blair,Locally-controlled,Intersection - T-Junction,Operating traffic lights,60 km/h,Sealed - Dry,Clear,Darkness - Lighted,Straight,Level,202.0,Veh'S Opposite Approach: Thru-Right,Opposing vehicles turning,S,0,2,0,0,2,2,0,0,0,0,0,0
365448,Minor injury,2021,May,Tuesday,14,Rear-end,Multi-Vehicle,152.901788029934,-27.6091364337129,Cunningham Hwy,Unknown,Cunningham Highway (Ipswich Motorway),Goodna,Ipswich City,4300,Goodna,Ipswich,Southern,SEQ South,Metropolitan,Goodna,Springfield - Redbank,Ipswich,Major Cities,Bundamba,Oxley,State-controlled,No Roadway Feature,No traffic control,100 - 110 km/h,Sealed - Dry,Clear,Daylight,Curved - view open,Level,301.0,Veh'S Same Direction: Rear End,Rear-end,E,0,0,0,1,1,2,0,0,0,0,0,0
365449,Hospitalisation,2021,May,Friday,20,Angle,Multi-Vehicle,152.916464018663,-27.6859584357849,Springfield Greenbank Art Rd,Unknown,,Springfield Lakes,Ipswich City,4300,Springfield,Ipswich,Southern,SEQ South,Metropolitan,Springfield Lakes,Springfield - Redbank,Ipswich,Major Cities,Jordan,Blair,Locally-controlled,No Roadway Feature,No traffic control,60 km/h,Sealed - Dry,Clear,Darkness - Lighted,Curved - view open,Grade,201.0,Veh'S Opposite Approach: Head On,Head-on,E,0,1,0,0,1,2,0,0,0,0,0,0
365450,Hospitalisation,2021,May,Saturday,6,Angle,Multi-Vehicle,152.9163100272,-27.6183754352369,Formation St,Old Logan Rd,,Carole Park,Ipswich City,4300,Goodna,Ipswich,Southern,SEQ South,Metropolitan,Carole Park,Springfield - Redbank,Ipswich,Major Cities,Jordan,Oxley,Locally-controlled,Intersection - T-Junction,Operating traffic lights,70 km/h,Sealed - Dry,Clear,Daylight,Straight,Level,202.0,Veh'S Opposite Approach: Thru-Right,Opposing vehicles turning,S,0,1,0,1,2,2,0,0,0,0,0,0
365451,Hospitalisation,2021,May,Sunday,17,Hit parked vehicle,Single Vehicle,152.91604302846,-27.6086024351331,Old Logan Rd,Unknown,,Gailes,Ipswich City,4300,Goodna,Ipswich,Southern,SEQ South,Metropolitan,Camira - Gailes,Springfield - Redbank,Ipswich,Major Cities,Jordan,Oxley,Locally-controlled,No Roadway Feature,No traffic control,60 km/h,Sealed - Dry,Clear,Darkness - Lighted,Curved - view open,Level,805.0,Off Path-Curve: Out Of Control On Cway,Out of control on curve,S,0,2,0,0,2,2,0,0,0,0,0,0
365452,Minor injury,2021,May,Monday,15,Sideswipe,Multi-Vehicle,152.899204030136,-27.6097514334596,Queen St,Smiths Rd,,Goodna,Ipswich City,4300,Goodna,Ipswich,Southern,SEQ South,Metropolitan,Goodna,Springfield - Redbank,Ipswich,Major Cities,Bundamba,Oxley,Locally-controlled,Intersection - Roundabout,Give way sign,0 - 50 km/h,Sealed - Dry,Clear,Daylight,Straight,Level,308.0,Veh'S Same Direction: Right Turn S/Swipe,Parallel lanes turning,E,0,0,0,2,2,3,0,0,0,0,0,0
365453,Minor injury,2021,May,Wednesday,13,Hit object,Single Vehicle,152.902139021541,-27.6754594342707,Southern Cross Crct,Unknown,,Springfield Central,Ipswich City,4300,Springfield,Ipswich,Southern,SEQ South,Metropolitan,Springfield Lakes,Springfield - Redbank,Ipswich,Major Cities,Jordan,Blair,Locally-controlled,No Roadway Feature,No traffic control,0 - 50 km/h,Sealed - Dry,Clear,Daylight,Straight,Level,703.0,Off Path-Straight: Left Off Cway Hit Obj,Off carriageway on straight hit object,E,0,0,0,1,1,1,0,0,0,0,0,0
365454,Minor injury,2021,May,Wednesday,12,Hit pedestrian,Hit pedestrian,152.898210030277,-27.6094834333582,Smiths Rd,Unknown,,Goodna,Ipswich City,4300,Goodna,Ipswich,Southern,SEQ South,Metropolitan,Goodna,Springfield - Redbank,Ipswich,Major Cities,Bundamba,Oxley,Locally-controlled,No Roadway Feature,Give way sign,0 - 50 km/h,Sealed - Dry,Clear,Daylight,Straight,Level,7.0,Ped'N: Hit By Vehicle Enter/Leave D'Way,Pedestrian,N,0,0,0,1,1,1,0,0,0,0,1,0
365455,Medical treatment,2021,May,Thursday,12,Angle,Multi-Vehicle,152.851882036585,-27.5991444286533,Ipswich St,Unknown,,Riverview,Ipswich City,4303,Goodna,Ipswich,Southern,SEQ South,Metropolitan,Riverview,Ipswich Inner,Ipswich,Major Cities,Bundamba,Blair,Locally-controlled,No Roadway Feature,No traffic control,0 - 50 km/h,Sealed - Dry,Clear,Daylight,Straight,Level,308.0,Veh'S Same Direction: Right Turn S/Swipe,Parallel lanes turning,S,0,0,1,1,2,2,0,0,0,0,0,0
365456,Hospitalisation,2021,May,Friday,16,Angle,Multi-Vehicle,152.918954022443,-27.6538474357808,Springfield Pky,Unknown,,Springfield,Ipswich City,4300,Springfield,Ipswich,Southern,SEQ South,Metropolitan,Springfield,Springfield - Redbank,Ipswich,Major Cities,Jordan,Oxley,Locally-controlled,No Roadway Feature,No traffic control,60 km/h,Sealed - Dry,Clear,Daylight,Curved - view open,Level,408.0,Veh'S Manoeuvring: Entering From Footway,Vehicle leaving driveway,S,0,1,0,0,1,1,0,0,0,1,0,0
365457,Hospitalisation,2021,May,Friday,20,Angle,Multi-Vehicle,152.898308029736,-27.6136984334012,Alice St,Church St,,Goodna,Ipswich City,4300,Goodna,Ipswich,Southern,SEQ South,Metropolitan,Goodna,Springfield - Redbank,Ipswich,Major Cities,Bundamba,Oxley,Locally-controlled,Intersection - Cross,Operating traffic lights,60 km/h,Sealed - Dry,Clear,Darkness - Lighted,Straight,Grade,101.0,Veh'S Adjacent Approach: Thru-Thru,Intersection from adjacent approaches,W,0,1,0,1,2,2,0,0,0,0,0,0
365458,Hospitalisation,2021,May,Friday,22,Angle,Multi-Vehicle,152.936216324522,-27.6225432242603,Cobalt St,Unknown,,Carole Park,Ipswich City,4300,Goodna,Ipswich,Southern,SEQ South,Metropolitan,Carole Park,Springfield - Redbank,Ipswich,Major Cities,Jordan,Oxley,Locally-controlled,No Roadway Feature,No traffic control,60 km/h,Sealed - Dry,Clear,Dawn/Dusk,Straight,Level,408.0,Veh'S Manoeuvring: Entering From Footway,Vehicle leaving driveway,S,0,1,0,0,1,1,1,0,0,0,0,0
365459,Medical treatment,2021,May,Friday,20,Angle,Multi-Vehicle,152.850497029515,-27.656589428968,Alawoona St,School Rd,,Redbank Plains,Ipswich City,4301,Springfield,Ipswich,Southern,SEQ South,Metropolitan,Redbank Plains,Springfield - Redbank,Ipswich,Major Cities,Bundamba,Blair,Locally-controlled,Intersection - Cross,Operating traffic lights,60 km/h,Sealed - Dry,Clear,Darkness - Lighted,Straight,Level,101.0,Veh'S Adjacent Approach: Thru-Thru,Intersection from adjacent approaches,E,0,0,1,0,1,2,0,0,0,0,0,0
365460,Hospitalisation,2021,May,Wednesday,22,Hit object,Single Vehicle,152.884512012455,-27.6277831531346,Eagle St,Unknown,,Bellbird Park,Ipswich City,4300,Goodna,Ipswich,Southern,SEQ South,Metropolitan,Bellbird Park - Brookwater,Springfield - Redbank,Ipswich,Major Cities,Bundamba,Oxley,Locally-controlled,No Roadway Feature,No traffic control,60 km/h,Sealed - Dry,Clear,Darkness - Lighted,Curved - view open,Level,803.0,Off Path-Curve: Off Cway Rt Bend Hit Obj,Off carriageway on curve hit object,E,0,1,0,0,1,1,0,0,0,0,0,0
365461,Hospitalisation,2021,May,Friday,3,Hit parked vehicle,Single Vehicle,152.877391035444,-27.5862944310966,Monash St,Unknown,,Redbank,Ipswich City,4301,Goodna,Ipswich,Southern,SEQ South,Metropolitan,Collingwood Park - Redbank,Springfield - Redbank,Ipswich,Major Cities,Bundamba,Oxley,Locally-controlled,No Roadway Feature,No traffic control,60 km/h,Sealed - Dry,Clear,Darkness - Lighted,Curved - view open,Level,803.0,Off Path-Curve: Off Cway Rt Bend Hit Obj,Off carriageway on curve hit object,W,0,1,0,0,1,1,0,1,0,0,0,0
365462,Medical treatment,2021,May,Friday,16,Angle,Multi-Vehicle,152.899097030177,-27.609512433447,Queen St,Smiths Rd,,Goodna,Ipswich City,4300,Goodna,Ipswich,Southern,SEQ South,Metropolitan,Goodna,Springfield - Redbank,Ipswich,Major Cities,Bundamba,Oxley,Locally-controlled,Intersection - Roundabout,Give way sign,0 - 50 km/h,Sealed - Dry,Clear,Daylight,Straight,Level,101.0,Veh'S Adjacent Approach: Thru-Thru,Intersection from adjacent approaches,N,0,0,1,0,1,1,1,0,0,0,0,0
365463,Medical treatment,2021,May,Friday,13,Rear-end,Multi-Vehicle,152.87308702933,-27.6386064310795,Redbank Plains Rd,Unknown,,Bellbird Park,Ipswich City,4300,Goodna,Ipswich,Southern,SEQ South,Metropolitan,Bellbird Park - Brookwater,Springfield - Redbank,Ipswich,Major Cities,Bundamba,Oxley,Locally-controlled,No Roadway Feature,No traffic control,60 km/h,Sealed - Dry,Clear,Daylight,Straight,Crest,301.0,Veh'S Same Direction: Rear End,Rear-end,S,0,0,1,0,1,2,0,0,0,0,0,0
365464,Hospitalisation,2021,May,Monday,18,Angle,Multi-Vehicle,152.897330021802,-27.6775284338066,Sinnathamby Blvd,South West Art Rd On Ramp,,Springfield Central,Ipswich City,4300,Springfield,Ipswich,Southern,SEQ South,Metropolitan,Springfield Lakes,Springfield - Redbank,Ipswich,Major Cities,Jordan,Blair,Locally-controlled,Intersection - Interchange,Operating traffic lights,70 km/h,Sealed - Dry,Clear,Darkness - Lighted,Straight,Level,202.0,Veh'S Opposite Approach: Thru-Right,Opposing vehicles turning,N,0,2,0,0,2,2,0,0,0,0,0,0
365465,Medical treatment,2021,May,Tuesday,18,Sideswipe,Multi-Vehicle,152.899204030136,-27.6097514334596,Queen St,Smiths Rd,,Goodna,Ipswich City,4300,Goodna,Ipswich,Southern,SEQ South,Metropolitan,Goodna,Springfield - Redbank,Ipswich,Major Cities,Bundamba,Oxley,Locally-controlled,Intersection - Roundabout,No traffic control,60 km/h,Sealed - Dry,Clear,Darkness - Lighted,Curved - view open,Grade,309.0,Veh'S Same Direction: Left Turn S/Swipe,Parallel lanes turning,S,0,0,1,0,1,2,0,0,0,0,0,0
365466,Hospitalisation,2021,May,Wednesday,11,Hit pedestrian,Hit pedestrian,152.871583028491,-27.6465674309922,Jones Rd,Redbank Plains Rd,,Redbank Plains,Ipswich City,4301,Goodna,Ipswich,Southern,SEQ South,Metropolitan,Redbank Plains,Springfield - Redbank,Ipswich,Major Cities,Bundamba,Oxley,Locally-controlled,Intersection - Cross,Operating traffic lights,70 km/h,Sealed - Dry,Clear,Daylight,Straight,Level,1.0,Ped'N: Near Side Vehicle Hit From Right,Pedestrian,E,0,1,0,0,1,1,0,0,0,0,1,0
365467,Minor injury,2021,May,Wednesday,5,Rear-end,Multi-Vehicle,152.906094747482,-27.6090279541423,Ipswich Mwy,Unknown,Cunningham Highway (Ipswich Motorway),Goodna,Ipswich City,4300,Goodna,Ipswich,Southern,SEQ South,Metropolitan,Goodna,Springfield - Redbank,Ipswich,Major Cities,Bundamba,Oxley,State-controlled,No Roadway Feature,No traffic control,100 - 110 km/h,Sealed - Dry,Clear,Darkness - Lighted,Straight,Level,301.0,Veh'S Same Direction: Rear End,Rear-end,N,0,0,0,2,2,3,0,0,0,0,0,0
365468,Medical treatment,2021,May,Thursday,15,Rear-end,Multi-Vehicle,152.897378021837,-27.6772044338088,Main St,Sinnathamby Blvd,Centenary Motorway (Yamanto - Ellen Grove),Springfield Central,Ipswich City,4300,Springfield,Ipswich,Southern,SEQ South,Metropolitan,Springfield Lakes,Springfield - Redbank,Ipswich,Major Cities,Jordan,Blair,State-controlled,Intersection - Interchange,No traffic control,100 - 110 km/h,Sealed - Dry,Clear,Daylight,Straight,Level,302.0,Veh'S Same Direction: Left Rear,Rear-end,E,0,0,1,0,1,2,0,0,0,0,0,0
365469,Minor injury,2021,May,Saturday,6,Hit object,Single Vehicle,152.901160030188,-27.6076544336384,Woogaroo St,Unknown,,Goodna,Ipswich City,4300,Goodna,Ipswich,Southern,SEQ South,Metropolitan,Goodna,Springfield - Redbank,Ipswich,Major Cities,Bundamba,Oxley,Locally-controlled,No Roadway Feature,No traffic control,60 km/h,Sealed - Dry,Clear,Daylight,Straight,Level,703.0,Off Path-Straight: Left Off Cway Hit Obj,Off carriageway on straight hit object,E,0,0,0,1,1,1,0,0,0,0,0,0
365470,Medical treatment,2021,May,Sunday,0,Hit object,Single Vehicle,152.913632021275,-27.6676814353579,Springfield Lakes Blvd,Springfield Pky,Centenary Motorway (Yamanto - Ellen Grove),Springfield,Ipswich City,4300,Springfield,Ipswich,Southern,SEQ South,Metropolitan,Springfield,Springfield - Redbank,Ipswich,Major Cities,Jordan,Oxley,State-controlled,Intersection - Interchange,Give way sign,70 km/h,Sealed - Dry,Clear,Darkness - Lighted,Straight,Dip,703.0,Off Path-Straight: Left Off Cway Hit Obj,Off carriageway on straight hit object,N,0,0,2,0,2,1,0,0,0,0,0,0
365471,Hospitalisation,2021,June,Tuesday,8,Hit object,Single Vehicle,152.836604029166,-27.6713504276996,Mt Juillerat Dr,Unknown,,Redbank Plains,Ipswich City,4301,Springfield,Ipswich,Southern,SEQ South,Metropolitan,Redbank Plains,Springfield - Redbank,Ipswich,Major Cities,Bundamba,Blair,Locally-controlled,No Roadway Feature,No traffic control,60 km/h,Sealed - Dry,Clear,Daylight,Curved - view open,Grade,803.0,Off Path-Curve: Off Cway Rt Bend Hit Obj,Off carriageway on curve hit object,N,0,2,0,0,2,1,0,0,0,0,0,0
365472,Hospitalisation,2021,June,Wednesday,16,Angle,Multi-Vehicle,152.856061032178,-27.6306204293182,Collingwood Dr,Palaszczuk Av,,Collingwood Park,Ipswich City,4301,Goodna,Ipswich,Southern,SEQ South,Metropolitan,Collingwood Park - Redbank,Springfield - Redbank,Ipswich,Major Cities,Bundamba,Blair,Locally-controlled,Intersection - T-Junction,No traffic control,60 km/h,Sealed - Dry,Clear,Daylight,Curved - view open,Crest,408.0,Veh'S Manoeuvring: Entering From Footway,Vehicle leaving driveway,N,0,1,0,0,1,0,0,0,0,1,0,1
365473,Medical treatment,2021,June,Tuesday,16,Angle,Multi-Vehicle,152.851496030088,-27.651173429025,Halletts Rd,School Rd,,Redbank Plains,Ipswich City,4301,Springfield,Ipswich,Southern,SEQ South,Metropolitan,Redbank Plains,Springfield - Redbank,Ipswich,Major Cities,Bundamba,Blair,Locally-controlled,Intersection - Cross,Stop sign,60 km/h,Sealed - Dry,Clear,Daylight,Straight,Level,202.0,Veh'S Opposite Approach: Thru-Right,Opposing vehicles turning,E,0,0,3,0,3,2,0,0,0,0,0,0
365474,Medical treatment,2021,June,Friday,14,Angle,Multi-Vehicle,152.899204030136,-27.6097514334596,Church St,Mill St,,Goodna,Ipswich City,4300,Goodna,Ipswich,Southern,SEQ South,Metropolitan,Goodna,Springfield - Redbank,Ipswich,Major Cities,Bundamba,Oxley,Locally-controlled,Intersection - Roundabout,Give way sign,60 km/h,Sealed - Dry,Clear,Daylight,Straight,Grade,100.0,Veh'S Adjacent Approach: Other,Intersection from adjacent approaches,E,0,0,1,0,1,2,0,0,0,0,0,0
365475,Hospitalisation,2021,June,Friday,23,Hit object,Single Vehicle,152.91242402531,-27.6367114349931,Meier Rd,Unknown,,Camira,Ipswich City,4300,Goodna,Ipswich,Southern,SEQ South,Metropolitan,Camira - Gailes,Springfield - Redbank,Ipswich,Major Cities,Jordan,Oxley,Locally-controlled,No Roadway Feature,No traffic control,60 km/h,Sealed - Dry,Clear,Darkness - Lighted,Curved - view open,Level,804.0,Off Path-Curve: Off Cway Lt Bend Hit Obj,Off carriageway on curve hit object,W,0,1,0,0,1,1,0,0,0,0,0,0
365476,Medical treatment,2021,June,Friday,17,Rear-end,Multi-Vehicle,152.910765021001,-27.6723224351079,Centenary Hwy,Unknown,Centenary Motorway (Yamanto - Ellen Grove),Springfield Lakes,Ipswich City,4300,Springfield,Ipswich,Southern,SEQ South,Metropolitan,Springfield Lakes,Springfield - Redbank,Ipswich,Major Cities,Jordan,Oxley,State-controlled,No Roadway Feature,No traffic control,100 - 110 km/h,Sealed - Dry,Clear,Daylight,Straight,Level,301.0,Veh'S Same Direction: Rear End,Rear-end,S,0,0,1,0,1,1,0,1,0,0,0,0
365477,Minor injury,2021,June,Monday,12,Rear-end,Multi-Vehicle,152.900024086929,-27.682132375112,David Henry Way,Unknown,,Springfield Central,Ipswich City,4300,Springfield,Ipswich,Southern,SEQ South,Metropolitan,Springfield Lakes,Springfield - Redbank,Ipswich,Major Cities,Jordan,Blair,Locally-controlled,No Roadway Feature,No traffic control,0 - 50 km/h,Sealed - Dry,Clear,Daylight,Straight,Level,402.0,Veh'S Manoeuvring: Parking,Hit parked vehicle,N,0,0,0,1,1,2,0,0,0,0,0,0
365478,Medical treatment,2021,June,Tuesday,18,Angle,Multi-Vehicle,152.919763018366,-27.685481436111,Grande Ave,Springfield Greenbank Art Rd,,Springfield Lakes,Ipswich City,4300,Springfield,Ipswich,Southern,SEQ South,Metropolitan,Springfield Lakes,Springfield - Redbank,Ipswich,Major Cities,Jordan,Blair,Locally-controlled,Intersection - Cross,Operating traffic lights,70 km/h,Sealed - Dry,Clear,Darkness - Lighted,Straight,Level,202.0,Veh'S Opposite Approach: Thru-Right,Opposing vehicles turning,W,0,0,1,1,2,2,0,0,0,0,0,0
365479,Hospitalisation,2021,June,Thursday,7,Angle,Multi-Vehicle,152.913651021265,-27.6677464353603,Centenary Hwy,Springfield Pky,Centenary Motorway (Yamanto - Ellen Grove),Springfield,Ipswich City,4300,Springfield,Ipswich,Southern,SEQ South,Metropolitan,Springfield,Springfield - Redbank,Ipswich,Major Cities,Jordan,Oxley,State-controlled,Intersection - Interchange,Give way sign,60 km/h,Sealed - Dry,Clear,Daylight,Curved - view open,Level,309.0,Veh'S Same Direction: Left Turn S/Swipe,Parallel lanes turning,E,0,1,0,0,1,1,1,0,0,0,0,0
365480,Hospitalisation,2021,June,Friday,6,Angle,Multi-Vehicle,152.867160027299,-27.6598484306556,Barkala St,Goondoola St,,Redbank Plains,Ipswich City,4301,Springfield,Ipswich,Southern,SEQ South,Metropolitan,Redbank Plains,Springfield - Redbank,Ipswich,Major Cities,Bundamba,Blair,Locally-controlled,Intersection - Cross,Give way sign,0 - 50 km/h,Sealed - Dry,Clear,Daylight,Straight,Dip,101.0,Veh'S Adjacent Approach: Thru-Thru,Intersection from adjacent approaches,N,0,1,0,0,1,1,0,0,0,1,0,0
365481,Medical treatment,2021,June,Friday,10,Hit object,Single Vehicle,152.833679039223,-27.5938064267969,King St,Unknown,,Dinmore,Ipswich City,4303,Goodna,Ipswich,Southern,SEQ South,Metropolitan,Bundamba,Ipswich Inner,Ipswich,Major Cities,Bundamba,Blair,Locally-controlled,No Roadway Feature,No traffic control,0 - 50 km/h,Sealed - Dry,Clear,Daylight,Straight,Level,703.0,Off Path-Straight: Left Off Cway Hit Obj,Off carriageway on straight hit object,W,0,0,1,0,1,1,0,0,0,0,0,0
365482,Medical treatment,2021,June,Friday,17,Angle,Multi-Vehicle,152.889518029977,-27.6193344325678,Albert St,Redbank Plains Rd,,Goodna,Ipswich City,4300,Goodna,Ipswich,Southern,SEQ South,Metropolitan,Goodna,Springfield - Redbank,Ipswich,Major Cities,Bundamba,Oxley,Locally-controlled,Intersection - T-Junction,Give way sign,60 km/h,Sealed - Dry,Clear,Daylight,Curved - view open,Level,104.0,Veh'S Adjacent Approach: Thru-Right,Intersection from adjacent approaches,N,0,0,1,1,2,2,0,0,0,0,0,0
365483,Minor injury,2021,June,Friday,15,Rear-end,Multi-Vehicle,152.872302133845,-27.6431345790369,Redbank Plains Rd,Unknown,,Bellbird Park,Ipswich City,4300,Goodna,Ipswich,Southern,SEQ South,Metropolitan,Bellbird Park - Brookwater,Springfield - Redbank,Ipswich,Major Cities,Bundamba,Oxley,Locally-controlled,No Roadway Feature,No traffic control,60 km/h,Sealed - Dry,Clear,Daylight,Straight,Level,301.0,Veh'S Same Direction: Rear End,Rear-end,S,0,0,0,1,1,2,0,0,0,0,0,0
365484,Hospitalisation,2021,June,Sunday,14,Hit object,Single Vehicle,152.935961025344,-27.6162414371851,Logan Mwy,Unknown,Logan Motorway (Gailes - Loganholme),Carole Park,Ipswich City,4300,Goodna,Ipswich,Southern,SEQ South,Metropolitan,Carole Park,Springfield - Redbank,Ipswich,Major Cities,Inala,Oxley,State-controlled,No Roadway Feature,No traffic control,100 - 110 km/h,Sealed - Dry,Clear,Daylight,Straight,Level,305.0,Veh'S Same Direction: Lane Side Swipe,Lane changes,W,0,1,0,0,1,2,0,0,0,0,0,0
365485,Medical treatment,2021,June,Tuesday,1,Rear-end,Multi-Vehicle,152.865497025375,-27.6765684306214,Centenary Hwy,Unknown,Centenary Motorway (Yamanto - Ellen Grove),Redbank Plains,Ipswich City,4301,Springfield,Ipswich,Southern,SEQ South,Metropolitan,Redbank Plains,Springfield - Redbank,Ipswich,Major Cities,Bundamba,Blair,State-controlled,No Roadway Feature,No traffic control,80 - 90 km/h,Sealed - Dry,Clear,Darkness - Lighted,Straight,Grade,301.0,Veh'S Same Direction: Rear End,Rear-end,E,0,0,2,0,2,3,0,0,0,0,0,0
365486,Hospitalisation,2021,June,Tuesday,18,Hit object,Single Vehicle,152.876990030409,-27.626669431375,Eagle St,Unknown,,Bellbird Park,Ipswich City,4300,Goodna,Ipswich,Southern,SEQ South,Metropolitan,Bellbird Park - Brookwater,Springfield - Redbank,Ipswich,Major Cities,Bundamba,Oxley,Locally-controlled,No Roadway Feature,No traffic control,60 km/h,Sealed - Dry,Clear,Darkness - Lighted,Straight,Level,704.0,Off Path-Straight:Right Off Cway Hit Obj,Off carriageway on straight hit object,E,0,1,0,0,1,1,0,0,0,0,0,0
365487,Medical treatment,2021,June,Tuesday,13,Hit object,Single Vehicle,152.91952501977,-27.6745534360011,The Promenade,Unknown,,Springfield Lakes,Ipswich City,4300,Springfield,Ipswich,Southern,SEQ South,Metropolitan,Springfield Lakes,Springfield - Redbank,Ipswich,Major Cities,Jordan,Oxley,Locally-controlled,No Roadway Feature,No traffic control,0 - 50 km/h,Sealed - Dry,Clear,Daylight,Curved - view open,Crest,804.0,Off Path-Curve: Off Cway Lt Bend Hit Obj,Off carriageway on curve hit object,S,0,0,1,0,1,1,0,0,0,0,0,0
365488,Hospitalisation,2021,June,Wednesday,17,Angle,Multi-Vehicle,152.904664028923,-27.614689434044,Alice St,Parker St,,Goodna,Ipswich City,4300,Goodna,Ipswich,Southern,SEQ South,Metropolitan,Goodna,Springfield - Redbank,Ipswich,Major Cities,Bundamba,Oxley,Locally-controlled,Intersection - Cross,Stop sign,60 km/h,Sealed - Dry,Clear,Darkness - Lighted,Straight,Grade,101.0,Veh'S Adjacent Approach: Thru-Thru,Intersection from adjacent approaches,N,0,1,0,0,1,3,0,0,0,0,0,0
365489,Minor injury,2021,June,Wednesday,6,Rear-end,Multi-Vehicle,152.904072849629,-27.6095922299447,Brisbane Rd,Unknown,Cunningham Highway (Ipswich Motorway),Goodna,Ipswich City,4300,Goodna,Ipswich,Southern,SEQ South,Metropolitan,Goodna,Springfield - Redbank,Ipswich,Major Cities,Bundamba,Oxley,State-controlled,No Roadway Feature,No traffic control,60 km/h,Sealed - Dry,Clear,Daylight,Straight,Level,301.0,Veh'S Same Direction: Rear End,Rear-end,W,0,0,0,1,1,1,0,0,0,0,0,1
365490,Hospitalisation,2021,July,Saturday,17,Rear-end,Multi-Vehicle,152.834581503498,-27.6545395883656,Blackheath Rd,Unknown,,Redbank Plains,Ipswich City,4301,Springfield,Ipswich,Southern,SEQ South,Metropolitan,Redbank Plains,Springfield - Redbank,Ipswich,Major Cities,Bundamba,Blair,Locally-controlled,No Roadway Feature,No traffic control,60 km/h,Unsealed - Wet,Raining,Daylight,Straight,Crest,305.0,Veh'S Same Direction: Lane Side Swipe,Lane changes,W,0,1,0,0,1,0,2,0,0,0,0,0
365491,Medical treatment,2021,July,Saturday,14,Hit object,Single Vehicle,152.918898145921,-27.6738943129332,Springfield Lakes Blvd,Unknown,,Springfield Lakes,Ipswich City,4300,Springfield,Ipswich,Southern,SEQ South,Metropolitan,Springfield Lakes,Springfield - Redbank,Ipswich,Major Cities,Jordan,Oxley,Locally-controlled,No Roadway Feature,No traffic control,60 km/h,Sealed - Wet,Raining,Daylight,Curved - view open,Level,804.0,Off Path-Curve: Off Cway Lt Bend Hit Obj,Off carriageway on curve hit object,S,0,0,1,0,1,1,0,0,0,0,0,0
365492,Medical treatment,2021,July,Thursday,12,Rear-end,Multi-Vehicle,152.912838019255,-27.6843854354101,Springfield Central Bvd,Springfield Greenbank Art Rd,,Springfield Central,Ipswich City,4300,Springfield,Ipswich,Southern,SEQ South,Metropolitan,Springfield Lakes,Springfield - Redbank,Ipswich,Major Cities,Jordan,Blair,Locally-controlled,Merge Lane,No traffic control,60 km/h,Sealed - Dry,Clear,Daylight,Straight,Dip,301.0,Veh'S Same Direction: Rear End,Rear-end,S,0,0,1,0,1,2,0,0,0,0,0,0