Crash_Ref_Number,Crash_Severity,Crash_Year,Crash_Month,Crash_Day_Of_Week,Crash_Hour,Crash_Nature,Crash_Type,Crash_Longitude,Crash_Latitude,Crash_Street,Crash_Street_Intersecting,State_Road_Name,Loc_Suburb,Loc_Local_Government_Area,Loc_Post_Code,Loc_Police_Division,Loc_Police_District,Loc_Police_Region,Loc_Queensland_Transport_Region,Loc_Main_Roads_Region,Loc_ABS_Statistical_Area_2,Loc_ABS_Statistical_Area_3,Loc_ABS_Statistical_Area_4,Loc_ABS_Remoteness,Loc_State_Electorate,Loc_Federal_Electorate,Crash_Controlling_Authority,Crash_Roadway_Feature,Crash_Traffic_Control,Crash_Speed_Limit,Crash_Road_Surface_Condition,Crash_Atmospheric_Condition,Crash_Lighting_Condition,Crash_Road_Horiz_Align,Crash_Road_Vert_Align,Crash_DCA_Code,Crash_DCA_Description,Crash_DCA_Group_Description,DCA_Key_Approach_Dir,Count_Casualty_Fatality,Count_Casualty_Hospitalised,Count_Casualty_MedicallyTreated,Count_Casualty_MinorInjury,Count_Casualty_Total,Count_Unit_Car,Count_Unit_Motorcycle_Moped,Count_Unit_Truck,Count_Unit_Bus,Count_Unit_Bicycle,Count_Unit_Pedestrian,Count_Unit_Other
365541,Medical treatment,2018,March,Wednesday,4,Hit object,Single Vehicle,152.369133415532,-24.8828913591739,Aldridge St,Unknown,,Kepnock,Bundaberg Region,4670,Bundaberg,Wide Bay Burnett,North Coast,Southern,Southern Queensland,Walkervale - Avenell Heights,Bundaberg,Wide Bay,Inner Regional,Bundaberg,Hinkler,Locally-controlled,No Roadway Feature,No traffic control,0 - 50 km/h,Sealed - Dry,Clear,Dawn/Dusk,Straight,Level,703.0,Off Path-Straight: Left Off Cway Hit Obj,Off carriageway on straight hit object,N,0,0,1,0,1,1,0,0,0,0,0,0
365542,Hospitalisation,2018,March,Friday,7,Angle,Multi-Vehicle,152.321039419586,-24.8874411545155,Heidke St,Takalvan St,Isis Highway (Bundaberg - Childers),Avoca,Bundaberg Region,4670,Bundaberg,Wide Bay Burnett,North Coast,Southern,Southern Queensland,Millbank - Avoca,Bundaberg,Wide Bay,Inner Regional,Bundaberg,Hinkler,State-controlled,Intersection - T-Junction,No traffic control,60 km/h,Sealed - Dry,Clear,Daylight,Straight,Level,408.0,Veh'S Manoeuvring: Entering From Footway,Vehicle leaving driveway,N,0,1,0,0,1,1,0,0,0,1,0,0
365543,Hospitalisation,2018,March,Thursday,12,Angle,Multi-Vehicle,152.21015341854,-24.9870493445377,Isis Hwy,The Cedars Rd,Isis Highway (Bundaberg - Childers),Elliott,Bundaberg Region,4670,Bundaberg,Wide Bay Burnett,North Coast,Southern,Southern Queensland,Bundaberg Region - South,Bundaberg,Wide Bay,Inner Regional,Burnett,Hinkler,State-controlled,Intersection - T-Junction,Give way sign,100 - 110 km/h,Sealed - Dry,Clear,Daylight,Straight,Level,102.0,Veh'S Adjacent Approach: Right-Thru,Intersection from adjacent approaches,W,0,1,0,0,1,1,0,1,0,0,0,0
365544,Medical treatment,2018,April,Tuesday,21,Angle,Multi-Vehicle,152.356681416343,-24.8860953579835,Barolin St,Maynard St,Goodwood Road,Walkervale,Bundaberg Region,4670,Bundaberg,Wide Bay Burnett,North Coast,Southern,Southern Queensland,Walkervale - Avenell Heights,Bundaberg,Wide Bay,Inner Regional,Bundaberg,Hinkler,State-controlled,Intersection - T-Junction,Operating traffic lights,60 km/h,Sealed - Dry,Clear,Darkness - Lighted,Curved - view obscured,Grade,202.0,Veh'S Opposite Approach: Thru-Right,Opposing vehicles turning,S,0,0,1,0,1,2,0,0,0,0,0,0
365545,Hospitalisation,2018,April,Thursday,7,Angle,Multi-Vehicle,152.435419411265,-24.8654503655178,Elliott Heads Rd,Hummock Rd,Elliott Heads Road,Windermere,Bundaberg Region,4670,Bargara,Wide Bay Burnett,North Coast,Southern,Southern Queensland,Bargara - Burnett Heads,Bundaberg,Wide Bay,Inner Regional,Burnett,Hinkler,State-controlled,Intersection - Cross,Stop sign,80 - 90 km/h,Sealed - Wet,Clear,Daylight,Straight,Level,101.0,Veh'S Adjacent Approach: Thru-Thru,Intersection from adjacent approaches,W,0,3,0,0,3,2,0,0,0,0,0,0
365546,Medical treatment,2018,April,Saturday,12,Angle,Multi-Vehicle,152.348516419449,-24.8662663570239,Bourbong St,Unknown,,Bundaberg Central,Bundaberg Region,4670,Bundaberg,Wide Bay Burnett,North Coast,Southern,Southern Queensland,Bundaberg,Bundaberg,Wide Bay,Inner Regional,Bundaberg,Hinkler,Locally-controlled,No Roadway Feature,Pedestrian crossing sign,0 - 50 km/h,Sealed - Dry,Clear,Daylight,Straight,Level,402.0,Veh'S Manoeuvring: Parking,Hit parked vehicle,W,0,0,1,0,1,1,0,0,0,1,0,0
365547,Hospitalisation,2018,April,Tuesday,13,Angle,Multi-Vehicle,152.317704420194,-24.8849703541701,Heidke St,Johnston St,,Avoca,Bundaberg Region,4670,Bundaberg,Wide Bay Burnett,North Coast,Southern,Southern Queensland,Millbank - Avoca,Bundaberg,Wide Bay,Inner Regional,Bundaberg,Hinkler,Locally-controlled,Intersection - T-Junction,No traffic control,60 km/h,Sealed - Dry,Clear,Daylight,Straight,Level,104.0,Veh'S Adjacent Approach: Thru-Right,Intersection from adjacent approaches,S,0,1,0,0,1,1,1,0,0,0,0,0
365548,Medical treatment,2018,April,Wednesday,20,Hit parked vehicle,Single Vehicle,152.356524417623,-24.87532335788,Water St,Unknown,,Bundaberg South,Bundaberg Region,4670,Bundaberg,Wide Bay Burnett,North Coast,Southern,Southern Queensland,Bundaberg,Bundaberg,Wide Bay,Inner Regional,Bundaberg,Hinkler,Locally-controlled,No Roadway Feature,No traffic control,0 - 50 km/h,Sealed - Dry,Clear,Darkness - Not lighted,Straight,Level,200.0,Veh'S Opposite Approach: Other,Other,W,0,0,1,0,1,1,1,0,0,0,0,0
365549,Medical treatment,2018,April,Thursday,15,Angle,Multi-Vehicle,152.328216423182,-24.8509243549171,Bundaberg - Gin Gin Rd,Rae St,Bundaberg - Gin Gin Road,Bundaberg North,Bundaberg Region,4670,Bundaberg,Wide Bay Burnett,North Coast,Southern,Southern Queensland,Bundaberg North - Gooburrum,Bundaberg,Wide Bay,Inner Regional,Bundaberg,Hinkler,State-controlled,Intersection - T-Junction,No traffic control,60 km/h,Sealed - Dry,Clear,Daylight,Straight,Level,104.0,Veh'S Adjacent Approach: Thru-Right,Intersection from adjacent approaches,W,0,0,1,1,2,2,0,0,0,0,0,0
365550,Medical treatment,2018,April,Friday,16,Head-on,Multi-Vehicle,152.36405641712,-24.8734833586008,Ford St,Spear St,,Bundaberg South,Bundaberg Region,4670,Bundaberg,Wide Bay Burnett,North Coast,Southern,Southern Queensland,Bundaberg,Bundaberg,Wide Bay,Inner Regional,Bundaberg,Hinkler,Locally-controlled,Intersection - T-Junction,No traffic control,0 - 50 km/h,Sealed - Dry,Clear,Daylight,Curved - view open,Crest,201.0,Veh'S Opposite Approach: Head On,Head-on,E,0,0,1,1,2,2,0,0,0,0,0,0
365551,Medical treatment,2018,April,Friday,8,Angle,Multi-Vehicle,152.353812417477,-24.8787633576433,Barolin St,Walker St,Bundaberg - Port Road,Bundaberg South,Bundaberg Region,4670,Bundaberg,Wide Bay Burnett,North Coast,Southern,Southern Queensland,Bundaberg,Bundaberg,Wide Bay,Inner Regional,Bundaberg,Hinkler,State-controlled,Intersection - Cross,Operating traffic lights,60 km/h,Sealed - Dry,Clear,Daylight,Straight,Level,101.0,Veh'S Adjacent Approach: Thru-Thru,Intersection from adjacent approaches,W,0,0,1,0,1,2,0,0,0,0,0,0
365552,Medical treatment,2018,April,Monday,8,Rear-end,Multi-Vehicle,152.353735416528,-24.8869184577024,Maynard St,Unknown,,Avenell Heights,Bundaberg Region,4670,Bundaberg,Wide Bay Burnett,North Coast,Southern,Southern Queensland,Walkervale - Avenell Heights,Bundaberg,Wide Bay,Inner Regional,Bundaberg,Hinkler,Locally-controlled,No Roadway Feature,No traffic control,60 km/h,Sealed - Dry,Clear,Daylight,Straight,Level,301.0,Veh'S Same Direction: Rear End,Rear-end,W,0,0,1,0,1,2,0,0,1,0,0,0
365553,Medical treatment,2018,April,Thursday,18,Angle,Multi-Vehicle,152.363402416866,-24.876182358559,Boundary St,Walker St,Bundaberg - Port Road,Kepnock,Bundaberg Region,4670,Bundaberg,Wide Bay Burnett,North Coast,Southern,Southern Queensland,Ashfield - Kepnock,Bundaberg,Wide Bay,Inner Regional,Bundaberg,Hinkler,State-controlled,Intersection - Cross,Operating traffic lights,60 km/h,Sealed - Dry,Clear,Dawn/Dusk,Straight,Level,306.0,Veh'S Same Direction: Lane Change Right,Lane changes,W,0,0,1,0,1,2,0,0,0,0,0,0
365554,Hospitalisation,2018,April,Saturday,9,Angle,Multi-Vehicle,152.314782418969,-24.89780135399,Isis Hwy,University Dr,Isis Highway (Bundaberg - Childers),Kensington,Bundaberg Region,4670,Bundaberg,Wide Bay Burnett,North Coast,Southern,Southern Queensland,Branyan - Kensington,Bundaberg,Wide Bay,Inner Regional,Bundaberg,Hinkler,State-controlled,Intersection - T-Junction,No traffic control,80 - 90 km/h,Sealed - Dry,Clear,Daylight,Straight,Level,202.0,Veh'S Opposite Approach: Thru-Right,Opposing vehicles turning,S,0,1,0,0,1,2,0,0,0,0,0,0
365555,Hospitalisation,2018,May,Wednesday,16,Hit object,Single Vehicle,152.382624414096,-24.8841623605031,Robertson St,Unknown,,Kepnock,Bundaberg Region,4670,Bundaberg,Wide Bay Burnett,North Coast,Southern,Southern Queensland,Ashfield - Kepnock,Bundaberg,Wide Bay,Inner Regional,Bundaberg,Hinkler,Locally-controlled,No Roadway Feature,No traffic control,60 km/h,Sealed - Dry,Clear,Daylight,Straight,Level,703.0,Off Path-Straight: Left Off Cway Hit Obj,Off carriageway on straight hit object,S,0,1,0,0,1,1,0,0,0,0,0,0
365556,Minor injury,2018,May,Friday,11,Rear-end,Multi-Vehicle,152.365315416775,-24.8754063587396,Elliott Heads Rd,Fe Walker St,Bundaberg - Port Road,Kepnock,Bundaberg Region,4670,Bundaberg,Wide Bay Burnett,North Coast,Southern,Southern Queensland,Bundaberg,Bundaberg,Wide Bay,Inner Regional,Bundaberg,Hinkler,State-controlled,Intersection - T-Junction,Operating traffic lights,60 km/h,Sealed - Dry,Clear,Daylight,Straight,Level,202.0,Veh'S Opposite Approach: Thru-Right,Opposing vehicles turning,E,0,0,0,1,1,2,0,0,0,0,0,0
365557,Hospitalisation,2018,May,Thursday,0,Head-on,Multi-Vehicle,152.349016418518,-24.8737921571343,Maryborough St,Unknown,,Bundaberg South,Bundaberg Region,4670,Bundaberg,Wide Bay Burnett,North Coast,Southern,Southern Queensland,Bundaberg,Bundaberg,Wide Bay,Inner Regional,Bundaberg,Hinkler,Locally-controlled,No Roadway Feature,No traffic control,60 km/h,Sealed - Dry,Clear,Darkness - Not lighted,Straight,Level,201.0,Veh'S Opposite Approach: Head On,Head-on,W,0,1,0,0,1,1,0,0,0,1,0,0
365558,Hospitalisation,2018,May,Friday,14,Angle,Multi-Vehicle,152.315173420107,-24.8877733539462,Dittmann Rd,Johnston St,,Avoca,Bundaberg Region,4670,Bundaberg,Wide Bay Burnett,North Coast,Southern,Southern Queensland,Millbank - Avoca,Bundaberg,Wide Bay,Inner Regional,Bundaberg,Hinkler,Locally-controlled,Intersection - Roundabout,Give way sign,60 km/h,Sealed - Dry,Clear,Daylight,Straight,Level,101.0,Veh'S Adjacent Approach: Thru-Thru,Intersection from adjacent approaches,N,0,1,0,0,1,2,0,0,0,0,0,0
365559,Medical treatment,2018,May,Saturday,10,Fall from vehicle,Single Vehicle,152.33202541705,-24.900124355691,Johanna Blvd,Unknown,,Kensington,Bundaberg Region,4670,Bundaberg,Wide Bay Burnett,North Coast,Southern,Southern Queensland,Branyan - Kensington,Bundaberg,Wide Bay,Inner Regional,Bundaberg,Hinkler,Locally-controlled,No Roadway Feature,No traffic control,60 km/h,Sealed - Dry,Clear,Daylight,Curved - view open,Level,805.0,Off Path-Curve: Out Of Control On Cway,Out of control on curve,N,0,0,1,0,1,0,1,0,0,0,0,0
365560,Medical treatment,2018,May,Thursday,8,Angle,Multi-Vehicle,152.342454416882,-24.8930733566512,Brother Hogan Dr,Fitzgerald St,,Norville,Bundaberg Region,4670,Bundaberg,Wide Bay Burnett,North Coast,Southern,Southern Queensland,Svensson Heights - Norville,Bundaberg,Wide Bay,Inner Regional,Bundaberg,Hinkler,Locally-controlled,Intersection - T-Junction,Give way sign,0 - 50 km/h,Sealed - Dry,Clear,Daylight,Straight,Level,104.0,Veh'S Adjacent Approach: Thru-Right,Intersection from adjacent approaches,N,0,0,1,0,1,2,0,0,0,0,0,0
365561,Hospitalisation,2018,May,Thursday,13,Angle,Multi-Vehicle,152.366220413383,-24.9035533590581,Bundaberg Ring Rd,Goodwood Rd,Goodwood Road,Thabeban,Bundaberg Region,4670,Bundaberg,Wide Bay Burnett,North Coast,Southern,Southern Queensland,Walkervale - Avenell Heights,Bundaberg,Wide Bay,Inner Regional,Bundaberg,Hinkler,State-controlled,Intersection - Cross,Operating traffic lights,60 km/h,Sealed - Dry,Clear,Daylight,Straight,Level,202.0,Veh'S Opposite Approach: Thru-Right,Opposing vehicles turning,W,0,2,0,0,2,2,0,0,0,0,0,0
365562,Hospitalisation,2018,June,Saturday,14,Hit object,Single Vehicle,152.345391419647,-24.8671163567257,Bourbong St,Mclean St,Bundaberg - Bargara Road,Bundaberg Central,Bundaberg Region,4670,Bundaberg,Wide Bay Burnett,North Coast,Southern,Southern Queensland,Bundaberg,Bundaberg,Wide Bay,Inner Regional,Bundaberg,Hinkler,State-controlled,No Roadway Feature,No traffic control,60 km/h,Sealed - Dry,Clear,Daylight,Straight,Level,0.0,Ped'N: Hit Other,Other,S,0,1,0,0,1,1,0,0,0,0,1,0
365563,Minor injury,2018,June,Saturday,16,Angle,Multi-Vehicle,152.337485421502,-24.8577203558771,Donald St,Wilmot St,,Bundaberg North,Bundaberg Region,4670,Bundaberg,Wide Bay Burnett,North Coast,Southern,Southern Queensland,Bundaberg North - Gooburrum,Bundaberg,Wide Bay,Inner Regional,Bundaberg,Hinkler,Locally-controlled,Intersection - Cross,Give way sign,0 - 50 km/h,Sealed - Dry,Clear,Daylight,Straight,Level,101.0,Veh'S Adjacent Approach: Thru-Thru,Intersection from adjacent approaches,N,0,0,0,3,3,2,0,0,0,0,0,0
365564,Medical treatment,2018,June,Thursday,17,Hit pedestrian,Hit pedestrian,152.35356674914,-24.8647945515051,Bourbong St,Unknown,,Bundaberg Central,Bundaberg Region,4670,Bundaberg,Wide Bay Burnett,North Coast,Southern,Southern Queensland,Bundaberg,Bundaberg,Wide Bay,Inner Regional,Bundaberg,Hinkler,Locally-controlled,No Roadway Feature,No traffic control,0 - 50 km/h,Sealed - Wet,Raining,Dawn/Dusk,Straight,Level,1.0,Ped'N: Near Side Vehicle Hit From Right,Pedestrian,S,0,0,2,0,2,1,0,0,0,0,2,0
365565,Minor injury,2018,June,Wednesday,15,Rear-end,Multi-Vehicle,152.344607923624,-24.8594204405863,Queen St,Unknown,Bundaberg - Gin Gin Road,Bundaberg North,Bundaberg Region,4670,Bundaberg,Wide Bay Burnett,North Coast,Southern,Southern Queensland,Bundaberg North - Gooburrum,Bundaberg,Wide Bay,Inner Regional,Bundaberg,Hinkler,State-controlled,No Roadway Feature,No traffic control,60 km/h,Sealed - Dry,Clear,Daylight,Straight,Level,301.0,Veh'S Same Direction: Rear End,Rear-end,N,0,0,0,1,1,2,0,0,0,0,0,0
365566,Minor injury,2018,June,Sunday,13,Rear-end,Multi-Vehicle,152.34879541886,-24.8710563570903,Electra St,Unknown,,Bundaberg Central,Bundaberg Region,4670,Bundaberg,Wide Bay Burnett,North Coast,Southern,Southern Queensland,Bundaberg,Bundaberg,Wide Bay,Inner Regional,Bundaberg,Hinkler,Locally-controlled,No Roadway Feature,No traffic control,60 km/h,Sealed - Dry,Clear,Daylight,Straight,Level,402.0,Veh'S Manoeuvring: Parking,Hit parked vehicle,N,0,0,0,2,2,3,0,0,0,0,0,0
365567,Minor injury,2018,June,Tuesday,7,Rear-end,Multi-Vehicle,152.361924417537,-24.8716683583777,Boundary St,Burnett St,,Bundaberg South,Bundaberg Region,4670,Bundaberg,Wide Bay Burnett,North Coast,Southern,Southern Queensland,Bundaberg,Bundaberg,Wide Bay,Inner Regional,Bundaberg,Hinkler,Locally-controlled,Intersection - Roundabout,Give way sign,60 km/h,Sealed - Dry,Clear,Daylight,Straight,Level,301.0,Veh'S Same Direction: Rear End,Rear-end,S,0,0,0,1,1,2,0,0,0,0,0,0
365568,Hospitalisation,2018,June,Wednesday,14,Sideswipe,Multi-Vehicle,152.341186921409,-24.8725589553598,Branyan St,Unknown,,Bundaberg West,Bundaberg Region,4670,Bundaberg,Wide Bay Burnett,North Coast,Southern,Southern Queensland,Bundaberg,Bundaberg,Wide Bay,Inner Regional,Bundaberg,Hinkler,Locally-controlled,No Roadway Feature,No traffic control,60 km/h,Sealed - Dry,Clear,Daylight,Straight,Level,401.0,Veh'S Manoeuvring: Leaving Parking,Vehicle leaving driveway,E,0,1,0,0,1,2,0,0,0,0,0,0
365569,Hospitalisation,2018,July,Sunday,17,Hit object,Single Vehicle,152.276376439979,-24.7494402490342,Moore Park Rd,Unknown,Moore Park Road,Welcome Creek,Bundaberg Region,4670,Bundaberg,Wide Bay Burnett,North Coast,Southern,Southern Queensland,Bundaberg Region - North,Bundaberg,Wide Bay,Inner Regional,Burnett,Flynn,State-controlled,No Roadway Feature,No traffic control,80 - 90 km/h,Sealed - Wet,Clear,Dawn/Dusk,Curved - view open,Level,803.0,Off Path-Curve: Off Cway Rt Bend Hit Obj,Off carriageway on curve hit object,E,0,1,0,0,1,1,0,0,0,0,0,0
365570,Hospitalisation,2018,July,Wednesday,16,Fall from vehicle,Single Vehicle,152.334750932329,-24.8699464217102,Bourbong St,Unknown,,Bundaberg West,Bundaberg Region,4670,Bundaberg,Wide Bay Burnett,North Coast,Southern,Southern Queensland,Bundaberg,Bundaberg,Wide Bay,Inner Regional,Bundaberg,Hinkler,Locally-controlled,No Roadway Feature,No traffic control,60 km/h,Sealed - Dry,Clear,Daylight,Straight,Level,705.0,Off Path-Straight:Out Of Control On Cway,Out of control on straight,W,0,1,0,0,1,0,1,0,0,0,0,0
365571,Minor injury,2018,July,Thursday,14,Rear-end,Multi-Vehicle,152.302471425838,-24.8491883523924,Bundaberg - Gin Gin Rd,Rosedale Rd,Bundaberg - Miriam Vale Road,Oakwood,Bundaberg Region,4670,Bundaberg,Wide Bay Burnett,North Coast,Southern,Southern Queensland,Bundaberg North - Gooburrum,Bundaberg,Wide Bay,Inner Regional,Burnett,Flynn,State-controlled,Intersection - T-Junction,No traffic control,80 - 90 km/h,Sealed - Dry,Clear,Daylight,Curved - view open,Level,302.0,Veh'S Same Direction: Left Rear,Rear-end,E,0,0,0,1,1,2,0,0,0,0,0,0
365572,Hospitalisation,2018,July,Tuesday,21,Overturned,Single Vehicle,152.270360423057,-24.899121349673,Branyan Dr,Strathavon La,,Branyan,Bundaberg Region,4670,Bundaberg,Wide Bay Burnett,North Coast,Southern,Southern Queensland,Branyan - Kensington,Bundaberg,Wide Bay,Inner Regional,Bundaberg,Hinkler,Locally-controlled,Intersection - T-Junction,No traffic control,80 - 90 km/h,Sealed - Dry,Clear,Darkness - Not lighted,Curved - view open,Level,805.0,Off Path-Curve: Out Of Control On Cway,Out of control on curve,W,0,1,0,0,1,1,0,0,0,0,0,0
365573,Hospitalisation,2018,July,Wednesday,13,Angle,Multi-Vehicle,152.346797418654,-24.8744363569229,Boreham St,Burrum St,,Bundaberg West,Bundaberg Region,4670,Bundaberg,Wide Bay Burnett,North Coast,Southern,Southern Queensland,Bundaberg,Bundaberg,Wide Bay,Inner Regional,Bundaberg,Hinkler,Locally-controlled,Intersection - T-Junction,Give way sign,60 km/h,Sealed - Dry,Clear,Daylight,Straight,Crest,105.0,Veh'S Adjacent Approach: Right-Right,Intersection from adjacent approaches,W,0,1,1,0,2,2,0,0,0,0,0,0
365574,Hospitalisation,2018,July,Tuesday,15,Sideswipe,Multi-Vehicle,152.320004607748,-24.8869047474102,Heidke St,Unknown,,Avoca,Bundaberg Region,4670,Bundaberg,Wide Bay Burnett,North Coast,Southern,Southern Queensland,Millbank - Avoca,Bundaberg,Wide Bay,Inner Regional,Bundaberg,Hinkler,Locally-controlled,No Roadway Feature,No traffic control,0 - 50 km/h,Sealed - Dry,Clear,Daylight,Straight,Level,305.0,Veh'S Same Direction: Lane Side Swipe,Lane changes,W,0,1,0,0,1,3,0,0,0,1,0,0
365575,Minor injury,2018,July,Wednesday,14,Angle,Multi-Vehicle,152.353858418007,-24.8742123576106,Burnett St,Targo St,,Bundaberg South,Bundaberg Region,4670,Bundaberg,Wide Bay Burnett,North Coast,Southern,Southern Queensland,Bundaberg,Bundaberg,Wide Bay,Inner Regional,Bundaberg,Hinkler,Locally-controlled,Intersection - Cross,Stop sign,60 km/h,Sealed - Dry,Clear,Daylight,Straight,Level,101.0,Veh'S Adjacent Approach: Thru-Thru,Intersection from adjacent approaches,W,0,0,0,1,1,3,0,0,0,0,0,0
365576,Medical treatment,2018,July,Saturday,16,Hit object,Single Vehicle,152.412948414693,-24.8545053632274,Windermere Rd,Unknown,,Qunaba,Bundaberg Region,4670,Bundaberg,Wide Bay Burnett,North Coast,Southern,Southern Queensland,Bargara - Burnett Heads,Bundaberg,Wide Bay,Inner Regional,Burnett,Hinkler,Locally-controlled,No Roadway Feature,No traffic control,80 - 90 km/h,Sealed - Dry,Clear,Daylight,Straight,Grade,700.0,Off Path-Straight: Other,Other,W,0,0,1,0,1,1,0,0,0,0,0,0
365577,Medical treatment,2018,July,Tuesday,1,Rear-end,Multi-Vehicle,152.401060402734,-24.9657703629734,Mccormacks Rd,Unknown,,Alloway,Bundaberg Region,4670,Bundaberg,Wide Bay Burnett,North Coast,Southern,Southern Queensland,Bundaberg Region - South,Bundaberg,Wide Bay,Inner Regional,Burnett,Hinkler,Locally-controlled,No Roadway Feature,No traffic control,60 km/h,Sealed - Dry,Clear,Daylight,Curved - view open,Grade,301.0,Veh'S Same Direction: Rear End,Rear-end,W,0,0,6,0,6,2,0,0,0,0,0,0
365578,Medical treatment,2018,August,Friday,9,Rear-end,Multi-Vehicle,152.312600418456,-24.9039593538276,Isis Hwy,Samuels Rd,Isis Highway (Bundaberg - Childers),Kensington,Bundaberg Region,4670,Bundaberg,Wide Bay Burnett,North Coast,Southern,Southern Queensland,Branyan - Kensington,Bundaberg,Wide Bay,Inner Regional,Bundaberg,Hinkler,State-controlled,Intersection - T-Junction,No traffic control,80 - 90 km/h,Sealed - Dry,Clear,Daylight,Straight,Level,303.0,Veh'S Same Direction: Right Rear,Rear-end,S,0,0,1,0,1,2,0,0,0,0,0,0
365579,Medical treatment,2018,August,Tuesday,10,Angle,Multi-Vehicle,152.345668419634,-24.8670043567519,Bourbong St,Unknown,Bundaberg - Bargara Road,Bundaberg Central,Bundaberg Region,4670,Bundaberg,Wide Bay Burnett,North Coast,Southern,Southern Queensland,Bundaberg,Bundaberg,Wide Bay,Inner Regional,Bundaberg,Hinkler,State-controlled,No Roadway Feature,No traffic control,60 km/h,Sealed - Dry,Clear,Daylight,Straight,Level,308.0,Veh'S Same Direction: Right Turn S/Swipe,Parallel lanes turning,W,0,0,1,0,1,2,0,0,0,0,0,0
365580,Medical treatment,2018,August,Thursday,0,Hit object,Single Vehicle,152.355837414722,-24.9005916580195,Wilmington St,Unknown,,Thabeban,Bundaberg Region,4670,Bundaberg,Wide Bay Burnett,North Coast,Southern,Southern Queensland,Walkervale - Avenell Heights,Bundaberg,Wide Bay,Inner Regional,Bundaberg,Hinkler,Locally-controlled,No Roadway Feature,No traffic control,60 km/h,Sealed - Dry,Clear,Darkness - Not lighted,Straight,Grade,703.0,Off Path-Straight: Left Off Cway Hit Obj,Off carriageway on straight hit object,S,0,0,1,0,1,1,0,0,0,0,0,0
365581,Hospitalisation,2018,August,Thursday,7,Head-on,Multi-Vehicle,152.292205426371,-24.8529932514231,Bundaberg - Gin Gin Rd,Unknown,Bundaberg - Gin Gin Road,Oakwood,Bundaberg Region,4670,Bundaberg,Wide Bay Burnett,North Coast,Southern,Southern Queensland,Bundaberg North - Gooburrum,Bundaberg,Wide Bay,Inner Regional,Burnett,Flynn,State-controlled,No Roadway Feature,No traffic control,80 - 90 km/h,Sealed - Dry,Fog,Dawn/Dusk,Curved - view open,Level,201.0,Veh'S Opposite Approach: Head On,Head-on,E,0,1,0,0,1,1,0,1,0,0,0,0
365582,Medical treatment,2018,August,Wednesday,17,Rear-end,Multi-Vehicle,152.340413418765,-24.8786821563344,Walker St,Unknown,Bundaberg - Port Road,Svensson Heights,Bundaberg Region,4670,Bundaberg,Wide Bay Burnett,North Coast,Southern,Southern Queensland,Svensson Heights - Norville,Bundaberg,Wide Bay,Inner Regional,Bundaberg,Hinkler,State-controlled,No Roadway Feature,No traffic control,60 km/h,Sealed - Dry,Clear,Daylight,Straight,Level,301.0,Veh'S Same Direction: Rear End,Rear-end,W,0,0,1,0,1,2,0,0,0,0,0,0
365583,Medical treatment,2018,August,Friday,8,Angle,Multi-Vehicle,152.349299418825,-24.8709443571386,Electra St,Unknown,,Bundaberg Central,Bundaberg Region,4670,Bundaberg,Wide Bay Burnett,North Coast,Southern,Southern Queensland,Bundaberg,Bundaberg,Wide Bay,Inner Regional,Bundaberg,Hinkler,Locally-controlled,No Roadway Feature,No traffic control,60 km/h,Sealed - Dry,Clear,Daylight,Straight,Level,408.0,Veh'S Manoeuvring: Entering From Footway,Vehicle leaving driveway,N,0,0,1,0,1,2,0,0,0,0,0,0
365584,Medical treatment,2018,August,Friday,15,Angle,Multi-Vehicle,152.344507420545,-24.8601793565827,Perry St,Queen St,Bundaberg - Gin Gin Road,Bundaberg North,Bundaberg Region,4670,Bundaberg,Wide Bay Burnett,North Coast,Southern,Southern Queensland,Bundaberg North - Gooburrum,Bundaberg,Wide Bay,Inner Regional,Bundaberg,Hinkler,State-controlled,Intersection - Cross,Give way sign,0 - 50 km/h,Sealed - Dry,Clear,Daylight,Curved - view open,Level,102.0,Veh'S Adjacent Approach: Right-Thru,Intersection from adjacent approaches,E,0,0,1,0,1,2,0,0,0,0,0,0
365585,Minor injury,2018,August,Saturday,10,Rear-end,Multi-Vehicle,152.392294415484,-24.864503361288,Fe Walker St,Unknown,Bundaberg - Port Road,Ashfield,Bundaberg Region,4670,Bundaberg,Wide Bay Burnett,North Coast,Southern,Southern Queensland,Ashfield - Kepnock,Bundaberg,Wide Bay,Inner Regional,Bundaberg,Hinkler,State-controlled,Railway Crossing,Railway - lights only,80 - 90 km/h,Sealed - Dry,Clear,Daylight,Straight,Level,301.0,Veh'S Same Direction: Rear End,Rear-end,N,0,0,0,1,1,2,0,0,0,0,0,0
365586,Hospitalisation,2018,August,Monday,8,Angle,Multi-Vehicle,152.332389944286,-24.8722394474986,Avoca St,Unknown,,Bundaberg West,Bundaberg Region,4670,Bundaberg,Wide Bay Burnett,North Coast,Southern,Southern Queensland,Bundaberg,Bundaberg,Wide Bay,Inner Regional,Bundaberg,Hinkler,Locally-controlled,No Roadway Feature,No traffic control,60 km/h,Sealed - Dry,Clear,Daylight,Straight,Level,408.0,Veh'S Manoeuvring: Entering From Footway,Vehicle leaving driveway,N,0,2,0,0,2,2,0,0,0,0,0,0
365587,Medical treatment,2018,August,Monday,14,Angle,Multi-Vehicle,152.322322419629,-24.8860293546291,Bolewski St,Takalvan St,Isis Highway (Bundaberg - Childers),Avoca,Bundaberg Region,4670,Bundaberg,Wide Bay Burnett,North Coast,Southern,Southern Queensland,Millbank - Avoca,Bundaberg,Wide Bay,Inner Regional,Bundaberg,Hinkler,State-controlled,Intersection - T-Junction,Give way sign,60 km/h,Sealed - Dry,Clear,Daylight,Straight,Level,408.0,Veh'S Manoeuvring: Entering From Footway,Vehicle leaving driveway,E,0,0,1,0,1,1,0,0,0,1,0,0