Crash_Ref_Number,Crash_Severity,Crash_Year,Crash_Month,Crash_Day_Of_Week,Crash_Hour,Crash_Nature,Crash_Type,Crash_Longitude,Crash_Latitude,Crash_Street,Crash_Street_Intersecting,State_Road_Name,Loc_Suburb,Loc_Local_Government_Area,Loc_Post_Code,Loc_Police_Division,Loc_Police_District,Loc_Police_Region,Loc_Queensland_Transport_Region,Loc_Main_Roads_Region,Loc_ABS_Statistical_Area_2,Loc_ABS_Statistical_Area_3,Loc_ABS_Statistical_Area_4,Loc_ABS_Remoteness,Loc_State_Electorate,Loc_Federal_Electorate,Crash_Controlling_Authority,Crash_Roadway_Feature,Crash_Traffic_Control,Crash_Speed_Limit,Crash_Road_Surface_Condition,Crash_Atmospheric_Condition,Crash_Lighting_Condition,Crash_Road_Horiz_Align,Crash_Road_Vert_Align,Crash_DCA_Code,Crash_DCA_Description,Crash_DCA_Group_Description,DCA_Key_Approach_Dir,Count_Casualty_Fatality,Count_Casualty_Hospitalised,Count_Casualty_MedicallyTreated,Count_Casualty_MinorInjury,Count_Casualty_Total,Count_Unit_Car,Count_Unit_Motorcycle_Moped,Count_Unit_Truck,Count_Unit_Bus,Count_Unit_Bicycle,Count_Unit_Pedestrian,Count_Unit_Other
365634,Medical treatment,2018,November,Friday,21,Hit object,Single Vehicle,152.268589418931,-24.9358213498004,Isis Hwy,Unknown,Isis Highway (Bundaberg - Childers),Branyan,Bundaberg Region,4670,Bundaberg,Wide Bay Burnett,North Coast,Southern,Southern Queensland,Branyan - Kensington,Bundaberg,Wide Bay,Inner Regional,Bundaberg,Hinkler,State-controlled,No Roadway Feature,No traffic control,100 - 110 km/h,Sealed - Dry,Clear,Darkness - Not lighted,Straight,Level,704.0,Off Path-Straight:Right Off Cway Hit Obj,Off carriageway on straight hit object,N,0,0,2,1,3,1,0,0,0,0,0,0
365635,Medical treatment,2018,November,Friday,21,Angle,Multi-Vehicle,152.329993419931,-24.8772153553054,Takalvan St,Walker St,Isis Highway (Bundaberg - Childers),Bundaberg West,Bundaberg Region,4670,Bundaberg,Wide Bay Burnett,North Coast,Southern,Southern Queensland,Millbank - Avoca,Bundaberg,Wide Bay,Inner Regional,Bundaberg,Hinkler,State-controlled,Intersection - Cross,Operating traffic lights,60 km/h,Sealed - Dry,Clear,Darkness - Lighted,Straight,Level,101.0,Veh'S Adjacent Approach: Thru-Thru,Intersection from adjacent approaches,W,0,0,1,0,1,2,0,0,0,0,0,0
365636,Hospitalisation,2015,August,Saturday,19,Hit animal,Other,151.764456542117,-24.2796772958639,Murphy Rd,Unknown,,Captain Creek,Gladstone Region,4677,Miriam Vale,Capricornia,Central,Central,Central Queensland,Agnes Water - Miriam Vale,Gladstone,Central Queensland,Outer Regional,Burnett,Flynn,Locally-controlled,No Roadway Feature,No traffic control,80 - 90 km/h,Sealed - Dry,Clear,Dawn/Dusk,Straight,Level,609.0,Pass & Misc: Hit Animal,Hit animal,E,0,1,0,0,1,0,1,0,0,0,0,0
365637,Medical treatment,2015,August,Friday,15,Overturned,Single Vehicle,151.706649511958,-24.59291129293,John Clifford Way,Unknown,,Lowmead,Gladstone Region,4676,Miriam Vale,Capricornia,Central,Central,Central Queensland,Agnes Water - Miriam Vale,Gladstone,Central Queensland,Outer Regional,Burnett,Flynn,Locally-controlled,No Roadway Feature,No traffic control,100 - 110 km/h,Unsealed - Dry,Clear,Daylight,Curved - view open,Grade,805.0,Off Path-Curve: Out Of Control On Cway,Out of control on curve,N,0,0,2,0,2,1,0,0,0,0,0,0
365638,Hospitalisation,2015,September,Thursday,18,Hit animal,Other,151.617158527537,-24.5300832839215,Bruce Hwy,Unknown,Bruce Highway (Gin Gin - Benaraby),Colosseum,Gladstone Region,4677,Miriam Vale,Capricornia,Central,Central,Central Queensland,Agnes Water - Miriam Vale,Gladstone,Central Queensland,Outer Regional,Burnett,Flynn,State-controlled,No Roadway Feature,No traffic control,100 - 110 km/h,Sealed - Dry,Clear,Darkness - Not lighted,Straight,Grade,609.0,Pass & Misc: Hit Animal,Hit animal,S,0,1,0,0,1,0,1,0,0,0,0,0
365639,Medical treatment,2015,September,Wednesday,11,Rear-end,Multi-Vehicle,151.519340560907,-24.3155662729151,Bruce Hwy,Unknown,Bruce Highway (Gin Gin - Benaraby),Bororen,Gladstone Region,4678,Miriam Vale,Capricornia,Central,Central,Central Queensland,Agnes Water - Miriam Vale,Gladstone,Central Queensland,Outer Regional,Burnett,Flynn,State-controlled,No Roadway Feature,No traffic control,0 - 50 km/h,Sealed - Dry,Clear,Daylight,Curved - view open,Grade,301.0,Veh'S Same Direction: Rear End,Rear-end,S,0,0,1,0,1,2,0,0,0,0,0,0
365640,Medical treatment,2015,September,Tuesday,17,Hit object,Single Vehicle,151.703555510806,-24.6056131927398,John Clifford Way,Unknown,,Lowmead,Gladstone Region,4676,Miriam Vale,Capricornia,Central,Central,Central Queensland,Agnes Water - Miriam Vale,Gladstone,Central Queensland,Outer Regional,Burnett,Flynn,Locally-controlled,No Roadway Feature,No traffic control,60 km/h,Sealed - Dry,Clear,Dawn/Dusk,Curved - view obscured,Crest,804.0,Off Path-Curve: Off Cway Lt Bend Hit Obj,Off carriageway on curve hit object,S,0,0,1,0,1,1,0,0,0,0,0,0
365641,Fatal,2015,October,Saturday,13,Hit object,Single Vehicle,151.595426536443,-24.4694272813668,Bruce Hwy,Unknown,Bruce Highway (Gin Gin - Benaraby),Colosseum,Gladstone Region,4677,Miriam Vale,Capricornia,Central,Central,Central Queensland,Agnes Water - Miriam Vale,Gladstone,Central Queensland,Outer Regional,Burnett,Flynn,State-controlled,No Roadway Feature,No traffic control,100 - 110 km/h,Sealed - Dry,Clear,Daylight,Curved - view open,Dip,803.0,Off Path-Curve: Off Cway Rt Bend Hit Obj,Off carriageway on curve hit object,S,1,0,0,0,1,1,0,0,0,0,0,0
365642,Minor injury,2015,November,Sunday,12,Fall from vehicle,Single Vehicle,151.559441553655,-24.3467422769574,Bruce Hwy,Unknown,Bruce Highway (Gin Gin - Benaraby),Miriam Vale,Gladstone Region,4677,Miriam Vale,Capricornia,Central,Central,Central Queensland,Agnes Water - Miriam Vale,Gladstone,Central Queensland,Outer Regional,Burnett,Flynn,State-controlled,No Roadway Feature,No traffic control,100 - 110 km/h,Sealed - Dry,Clear,Daylight,Straight,Level,701.0,Off Path-Straight: Left Off Cway,Off carriageway on straight,S,0,0,0,1,1,0,1,0,0,0,0,0
365643,Hospitalisation,2015,December,Saturday,21,Hit object,Single Vehicle,151.630435888497,-24.5635176514535,Bruce Hwy,Unknown,Bruce Highway (Gin Gin - Benaraby),Gindoran,Gladstone Region,4676,Miriam Vale,Capricornia,Central,Central,Central Queensland,Agnes Water - Miriam Vale,Gladstone,Central Queensland,Outer Regional,Burnett,Flynn,State-controlled,No Roadway Feature,No traffic control,100 - 110 km/h,Sealed - Dry,Clear,Darkness - Not lighted,Straight,Level,703.0,Off Path-Straight: Left Off Cway Hit Obj,Off carriageway on straight hit object,S,0,2,0,0,2,0,0,1,0,0,0,0
365644,Hospitalisation,2016,March,Saturday,3,Rear-end,Multi-Vehicle,151.596067536064,-24.4722560814506,Bruce Hwy,Unknown,Bruce Highway (Gin Gin - Benaraby),Colosseum,Gladstone Region,4677,Miriam Vale,Capricornia,Central,Central,Central Queensland,Agnes Water - Miriam Vale,Gladstone,Central Queensland,Outer Regional,Burnett,Flynn,State-controlled,No Roadway Feature,No traffic control,100 - 110 km/h,Sealed - Dry,Clear,Darkness - Not lighted,Straight,Grade,301.0,Veh'S Same Direction: Rear End,Rear-end,N,0,2,1,0,3,1,0,2,0,0,0,0
365645,Hospitalisation,2016,August,Tuesday,20,Overturned,Single Vehicle,151.708408512545,-24.5862932930431,John Clifford Way,Unknown,,Lowmead,Gladstone Region,4676,Miriam Vale,Capricornia,Central,Central,Central Queensland,Agnes Water - Miriam Vale,Gladstone,Central Queensland,Outer Regional,Burnett,Flynn,Locally-controlled,No Roadway Feature,No traffic control,60 km/h,Unsealed - Dry,Clear,Darkness - Not lighted,Curved - view open,Level,802.0,Off Path-Curve: Off Cway Left Bend,Off carriageway on curve,S,0,1,0,0,1,1,0,0,0,0,0,0
365646,Medical treatment,2016,August,Thursday,6,Rear-end,Multi-Vehicle,151.612465531,-24.5033923832584,Bruce Hwy,Unknown,Bruce Highway (Gin Gin - Benaraby),Colosseum,Gladstone Region,4677,Miriam Vale,Capricornia,Central,Central,Central Queensland,Agnes Water - Miriam Vale,Gladstone,Central Queensland,Outer Regional,Burnett,Flynn,State-controlled,No Roadway Feature,No traffic control,100 - 110 km/h,Sealed - Dry,Fog,Dawn/Dusk,Straight,Level,301.0,Veh'S Same Direction: Rear End,Rear-end,S,0,0,3,1,4,3,0,0,0,0,0,0
365647,Hospitalisation,2016,August,Thursday,6,Rear-end,Multi-Vehicle,151.613344530298,-24.5088632833864,Bruce Hwy,Unknown,Bruce Highway (Gin Gin - Benaraby),Colosseum,Gladstone Region,4677,Miriam Vale,Capricornia,Central,Central,Central Queensland,Agnes Water - Miriam Vale,Gladstone,Central Queensland,Outer Regional,Burnett,Flynn,State-controlled,No Roadway Feature,No traffic control,80 - 90 km/h,Sealed - Dry,Fog,Darkness - Not lighted,Curved - view open,Dip,301.0,Veh'S Same Direction: Rear End,Rear-end,S,0,1,0,0,1,1,0,1,0,0,0,0
365648,Medical treatment,2016,November,Thursday,1,Hit object,Single Vehicle,151.64317751933,-24.5808332868034,Bruce Hwy,Unknown,Bruce Highway (Gin Gin - Benaraby),Gindoran,Gladstone Region,4676,Miriam Vale,Capricornia,Central,Central,Central Queensland,Agnes Water - Miriam Vale,Gladstone,Central Queensland,Outer Regional,Burnett,Flynn,State-controlled,No Roadway Feature,No traffic control,100 - 110 km/h,Sealed - Wet,Clear,Darkness - Not lighted,Curved - view open,Level,800.0,Off Path-Curve: Other,Other,N,0,0,2,0,2,1,0,0,0,0,0,1
365649,Hospitalisation,2017,January,Sunday,11,Rear-end,Multi-Vehicle,151.588487552335,-24.3343662796023,Fingerboard Rd,Unknown,Bundaberg - Miriam Vale Road,Miriam Vale,Gladstone Region,4677,Miriam Vale,Capricornia,Central,Central,Central Queensland,Agnes Water - Miriam Vale,Gladstone,Central Queensland,Outer Regional,Burnett,Flynn,State-controlled,No Roadway Feature,No traffic control,100 - 110 km/h,Sealed - Wet,Raining,Daylight,Curved - view obscured,Level,301.0,Veh'S Same Direction: Rear End,Rear-end,W,0,1,0,0,1,3,0,1,0,0,0,0
365650,Medical treatment,2017,January,Wednesday,8,Overturned,Single Vehicle,151.473662582524,-24.1606202673371,Bruce Hwy,Unknown,Bruce Highway (Gin Gin - Benaraby),Foreshores,Gladstone Region,4678,Miriam Vale,Capricornia,Central,Central,Central Queensland,Agnes Water - Miriam Vale,Gladstone,Central Queensland,Outer Regional,Burnett,Flynn,State-controlled,No Roadway Feature,No traffic control,100 - 110 km/h,Sealed - Dry,Clear,Daylight,Straight,Grade,702.0,Off Path-Straight: Right Off Cway,Off carriageway on straight,S,0,0,1,0,1,0,0,1,0,0,0,0
365651,Hospitalisation,2017,February,Monday,16,Overturned,Single Vehicle,151.90601304155,-24.6763608056505,Mineral Rd,Unknown,,Rosedale,Gladstone Region,4674,Rosedale,Capricornia,Central,Central,Central Queensland,Agnes Water - Miriam Vale,Gladstone,Central Queensland,Outer Regional,Burnett,Flynn,Locally-controlled,No Roadway Feature,No traffic control,80 - 90 km/h,Unsealed - Wet,Raining,Dawn/Dusk,Curved - view open,Level,805.0,Off Path-Curve: Out Of Control On Cway,Out of control on curve,S,0,1,0,0,1,1,0,0,0,0,0,0
365652,Minor injury,2017,May,Sunday,16,Angle,Multi-Vehicle,151.563230555069,-24.3310362771865,Bruce Hwy,Larson St,Bruce Highway (Gin Gin - Benaraby),Miriam Vale,Gladstone Region,4677,Miriam Vale,Capricornia,Central,Central,Central Queensland,Agnes Water - Miriam Vale,Gladstone,Central Queensland,Outer Regional,Burnett,Flynn,State-controlled,Intersection - T-Junction,Stop sign,60 km/h,Sealed - Wet,Raining,Daylight,Curved - view open,Grade,104.0,Veh'S Adjacent Approach: Thru-Right,Intersection from adjacent approaches,S,0,0,0,1,1,2,0,0,0,0,0,0
365653,Medical treatment,2017,June,Wednesday,1,Overturned,Single Vehicle,151.550857556945,-24.3246352759649,Bruce Hwy,Unknown,Bruce Highway (Gin Gin - Benaraby),Miriam Vale,Gladstone Region,4677,Miriam Vale,Capricornia,Central,Central,Central Queensland,Agnes Water - Miriam Vale,Gladstone,Central Queensland,Outer Regional,Burnett,Flynn,State-controlled,No Roadway Feature,No traffic control,100 - 110 km/h,Sealed - Dry,Clear,Darkness - Not lighted,Straight,Level,705.0,Off Path-Straight:Out Of Control On Cway,Out of control on straight,W,0,0,1,0,1,0,0,1,0,0,0,0
365654,Hospitalisation,2017,July,Wednesday,21,Sideswipe,Multi-Vehicle,151.678661508297,-24.6484004907241,Bruce Hwy,Unknown,Bruce Highway (Gin Gin - Benaraby),Lowmead,Gladstone Region,4676,Miriam Vale,Capricornia,Central,Central,Central Queensland,Agnes Water - Miriam Vale,Gladstone,Central Queensland,Outer Regional,Burnett,Flynn,State-controlled,No Roadway Feature,No traffic control,100 - 110 km/h,Sealed - Dry,Clear,Darkness - Not lighted,Curved - view open,Level,201.0,Veh'S Opposite Approach: Head On,Head-on,N,0,1,0,0,1,1,0,1,0,0,0,0
365655,Medical treatment,2017,July,Tuesday,19,Hit object,Single Vehicle,151.8600274782,-24.7609963089374,Diamond Hill Rd,Unknown,,Rosedale,Gladstone Region,4674,Rosedale,Capricornia,Central,Central,Central Queensland,Agnes Water - Miriam Vale,Gladstone,Central Queensland,Outer Regional,Burnett,Flynn,Locally-controlled,No Roadway Feature,No traffic control,100 - 110 km/h,Unsealed - Dry,Fog,Darkness - Not lighted,Curved - view open,Dip,800.0,Off Path-Curve: Other,Other,E,0,0,1,0,1,1,0,0,0,0,0,0
365656,Medical treatment,2017,August,Sunday,12,Rear-end,Multi-Vehicle,151.560356555614,-24.3285812768948,Roe St,Unknown,Bruce Highway (Gin Gin - Benaraby),Miriam Vale,Gladstone Region,4677,Miriam Vale,Capricornia,Central,Central,Central Queensland,Agnes Water - Miriam Vale,Gladstone,Central Queensland,Outer Regional,Burnett,Flynn,State-controlled,No Roadway Feature,No traffic control,60 km/h,Sealed - Dry,Clear,Daylight,Straight,Level,303.0,Veh'S Same Direction: Right Rear,Rear-end,N,0,0,3,0,3,2,0,0,0,0,0,0
365657,Hospitalisation,2017,September,Tuesday,6,Head-on,Multi-Vehicle,151.499306570141,-24.249937270487,Bruce Hwy,Unknown,Bruce Highway (Gin Gin - Benaraby),Bororen,Gladstone Region,4678,Miriam Vale,Capricornia,Central,Central,Central Queensland,Agnes Water - Miriam Vale,Gladstone,Central Queensland,Outer Regional,Burnett,Flynn,State-controlled,No Roadway Feature,No traffic control,100 - 110 km/h,Sealed - Dry,Clear,Daylight,Straight,Level,201.0,Veh'S Opposite Approach: Head On,Head-on,N,0,3,0,0,3,2,0,0,0,0,0,0
365658,Fatal,2017,October,Monday,11,Head-on,Multi-Vehicle,151.573775554722,-24.3253702781369,Bindaree Rd,Fingerboard Rd,Bundaberg - Miriam Vale Road,Miriam Vale,Gladstone Region,4677,Miriam Vale,Capricornia,Central,Central,Central Queensland,Agnes Water - Miriam Vale,Gladstone,Central Queensland,Outer Regional,Burnett,Flynn,State-controlled,Intersection - T-Junction,No traffic control,100 - 110 km/h,Sealed - Wet,Raining,Daylight,Curved - view open,Level,201.0,Veh'S Opposite Approach: Head On,Head-on,W,1,0,1,1,3,3,0,0,0,0,0,0
365659,Medical treatment,2017,October,Monday,14,Rear-end,Multi-Vehicle,151.618762526921,-24.5341892841071,Bruce Hwy,Unknown,Bruce Highway (Gin Gin - Benaraby),Colosseum,Gladstone Region,4677,Miriam Vale,Capricornia,Central,Central,Central Queensland,Agnes Water - Miriam Vale,Gladstone,Central Queensland,Outer Regional,Burnett,Flynn,State-controlled,No Roadway Feature,No traffic control,100 - 110 km/h,Sealed - Dry,Clear,Daylight,Straight,Level,301.0,Veh'S Same Direction: Rear End,Rear-end,N,0,0,1,0,1,1,0,1,0,0,0,0
365660,Hospitalisation,2017,November,Friday,15,Head-on,Multi-Vehicle,151.728160441667,-24.5160696933471,Lowmead Rd,Unknown,,Lowmead,Gladstone Region,4676,Miriam Vale,Capricornia,Central,Central,Central Queensland,Agnes Water - Miriam Vale,Gladstone,Central Queensland,Outer Regional,Burnett,Flynn,Locally-controlled,Bridge/Causeway,No traffic control,60 km/h,Unsealed - Dry,Clear,Darkness - Lighted,Curved - view obscured,Dip,201.0,Veh'S Opposite Approach: Head On,Head-on,S,0,1,0,0,1,2,0,0,0,0,0,0
365661,Medical treatment,2017,November,Sunday,13,Rear-end,Multi-Vehicle,151.516556562933,-24.2998442725234,Bruce Hwy,Unknown,Bruce Highway (Gin Gin - Benaraby),Bororen,Gladstone Region,4678,Miriam Vale,Capricornia,Central,Central,Central Queensland,Agnes Water - Miriam Vale,Gladstone,Central Queensland,Outer Regional,Burnett,Flynn,State-controlled,No Roadway Feature,No traffic control,100 - 110 km/h,Sealed - Dry,Smoke/Dust,Daylight,Straight,Level,301.0,Veh'S Same Direction: Rear End,Rear-end,S,0,0,3,1,4,5,0,2,0,0,0,0
365662,Minor injury,2017,December,Saturday,6,Hit object,Single Vehicle,151.698985820647,-24.6811040699229,Bruce Hwy,Unknown,Bruce Highway (Gin Gin - Benaraby),Lowmead,Gladstone Region,4676,Miriam Vale,Capricornia,Central,Central,Central Queensland,Agnes Water - Miriam Vale,Gladstone,Central Queensland,Outer Regional,Burnett,Flynn,State-controlled,No Roadway Feature,No traffic control,100 - 110 km/h,Sealed - Wet,Clear,Daylight,Straight,Level,704.0,Off Path-Straight:Right Off Cway Hit Obj,Off carriageway on straight hit object,N,0,0,0,2,2,1,0,0,0,0,0,0
365663,Minor injury,2017,December,Saturday,5,Hit object,Single Vehicle,151.545440910861,-24.3209892754233,Bruce Hwy,Unknown,Bruce Highway (Gin Gin - Benaraby),Miriam Vale,Gladstone Region,4677,Miriam Vale,Capricornia,Central,Central,Central Queensland,Agnes Water - Miriam Vale,Gladstone,Central Queensland,Outer Regional,Burnett,Flynn,State-controlled,No Roadway Feature,No traffic control,100 - 110 km/h,Sealed - Wet,Clear,Dawn/Dusk,Straight,Level,704.0,Off Path-Straight:Right Off Cway Hit Obj,Off carriageway on straight hit object,W,0,0,0,1,1,1,0,0,0,0,0,0
365664,Medical treatment,2018,January,Saturday,1,Hit object,Single Vehicle,151.558642555915,-24.3273252767225,Roe St,Unknown,Bruce Highway (Gin Gin - Benaraby),Miriam Vale,Gladstone Region,4677,Miriam Vale,Capricornia,Central,Central,Central Queensland,Agnes Water - Miriam Vale,Gladstone,Central Queensland,Outer Regional,Burnett,Flynn,State-controlled,No Roadway Feature,No traffic control,60 km/h,Sealed - Dry,Clear,Darkness - Lighted,Curved - view open,Grade,803.0,Off Path-Curve: Off Cway Rt Bend Hit Obj,Off carriageway on curve hit object,S,0,0,1,1,2,1,0,0,0,0,0,0
365665,Hospitalisation,2018,January,Tuesday,3,Hit object,Single Vehicle,151.574667514956,-24.4467446722169,Bruce Hwy,Unknown,Bruce Highway (Gin Gin - Benaraby),Colosseum,Gladstone Region,4677,Miriam Vale,Capricornia,Central,Central,Central Queensland,Agnes Water - Miriam Vale,Gladstone,Central Queensland,Outer Regional,Burnett,Flynn,State-controlled,No Roadway Feature,No traffic control,100 - 110 km/h,Sealed - Dry,Clear,Dawn/Dusk,Straight,Grade,703.0,Off Path-Straight: Left Off Cway Hit Obj,Off carriageway on straight hit object,N,0,1,0,0,1,0,0,1,0,0,0,0
365666,Hospitalisation,2018,February,Saturday,19,Hit object,Single Vehicle,151.619644526555,-24.5366842842111,Bruce Hwy,Logan Rd,Bruce Highway (Gin Gin - Benaraby),Colosseum,Gladstone Region,4677,Miriam Vale,Capricornia,Central,Central,Central Queensland,Agnes Water - Miriam Vale,Gladstone,Central Queensland,Outer Regional,Burnett,Flynn,State-controlled,Intersection - T-Junction,No traffic control,100 - 110 km/h,Sealed - Wet,Clear,Darkness - Not lighted,Straight,Level,703.0,Off Path-Straight: Left Off Cway Hit Obj,Off carriageway on straight hit object,N,0,1,0,0,1,1,0,0,0,0,0,0
365667,Medical treatment,2018,May,Saturday,3,Hit object,Single Vehicle,151.562569562362,-24.2667639765963,Smallcombes Rd,Unknown,,Bororen,Gladstone Region,4678,Miriam Vale,Capricornia,Central,Central,Central Queensland,Agnes Water - Miriam Vale,Gladstone,Central Queensland,Outer Regional,Burnett,Flynn,Locally-controlled,No Roadway Feature,No traffic control,100 - 110 km/h,Unsealed - Dry,Fog,Darkness - Not lighted,Straight,Level,703.0,Off Path-Straight: Left Off Cway Hit Obj,Off carriageway on straight hit object,W,0,0,1,0,1,1,0,0,0,0,0,0
365668,Medical treatment,2018,August,Friday,12,Hit object,Single Vehicle,151.43999555406,-24.4427822664853,Blackmans Gap Rd,Unknown,,Colosseum,Gladstone Region,4677,Miriam Vale,Capricornia,Central,Central,Central Queensland,Agnes Water - Miriam Vale,Gladstone,Central Queensland,Outer Regional,Burnett,Flynn,Locally-controlled,No Roadway Feature,No traffic control,100 - 110 km/h,Sealed - Dry,Clear,Daylight,Curved - view obscured,Grade,803.0,Off Path-Curve: Off Cway Rt Bend Hit Obj,Off carriageway on curve hit object,E,0,0,1,1,2,0,2,0,0,0,0,0
365669,Medical treatment,2018,August,Sunday,5,Overturned,Single Vehicle,151.464066585914,-24.1382472662498,Bruce Hwy,Unknown,Bruce Highway (Gin Gin - Benaraby),Foreshores,Gladstone Region,4678,Miriam Vale,Capricornia,Central,Central,Central Queensland,Agnes Water - Miriam Vale,Gladstone,Central Queensland,Outer Regional,Burnett,Flynn,State-controlled,No Roadway Feature,No traffic control,100 - 110 km/h,Sealed - Dry,Clear,Dawn/Dusk,Straight,Level,702.0,Off Path-Straight: Right Off Cway,Off carriageway on straight,S,0,0,1,1,2,0,0,1,0,0,0,0
365670,Hospitalisation,2018,August,Thursday,9,Hit object,Single Vehicle,151.646459518251,-24.5876102871701,Bruce Hwy,Unknown,Bruce Highway (Gin Gin - Benaraby),Gindoran,Gladstone Region,4676,Miriam Vale,Capricornia,Central,Central,Central Queensland,Agnes Water - Miriam Vale,Gladstone,Central Queensland,Outer Regional,Burnett,Flynn,State-controlled,No Roadway Feature,No traffic control,100 - 110 km/h,Sealed - Dry,Clear,Daylight,Curved - view open,Level,804.0,Off Path-Curve: Off Cway Lt Bend Hit Obj,Off carriageway on curve hit object,S,0,1,0,0,1,0,0,1,0,0,0,0
365671,Hospitalisation,2018,August,Saturday,11,Hit object,Single Vehicle,151.604290574122,-24.1277419793996,Turkey Beach Rd,Unknown,,Rodds Bay,Gladstone Region,4678,Miriam Vale,Capricornia,Central,Central,Central Queensland,Agnes Water - Miriam Vale,Gladstone,Central Queensland,Outer Regional,Burnett,Flynn,Locally-controlled,No Roadway Feature,No traffic control,100 - 110 km/h,Sealed - Dry,Clear,Daylight,Curved - view open,Grade,804.0,Off Path-Curve: Off Cway Lt Bend Hit Obj,Off carriageway on curve hit object,E,0,1,0,0,1,1,0,0,0,0,0,0
365672,Hospitalisation,2018,September,Sunday,14,Hit object,Single Vehicle,151.775419534102,-24.3412882974154,Round Hill Rd,Unknown,,Captain Creek,Gladstone Region,4677,Agnes Water,Capricornia,Central,Central,Central Queensland,Agnes Water - Miriam Vale,Gladstone,Central Queensland,Outer Regional,Burnett,Flynn,Locally-controlled,No Roadway Feature,No traffic control,100 - 110 km/h,Sealed - Wet,Raining,Darkness - Lighted,Straight,Level,703.0,Off Path-Straight: Left Off Cway Hit Obj,Off carriageway on straight hit object,N,0,1,0,0,1,1,0,0,0,0,0,0
365673,Hospitalisation,2018,November,Wednesday,17,Hit object,Single Vehicle,151.555102556175,-24.3279512763931,Messmate Dr,Unknown,,Miriam Vale,Gladstone Region,4677,Miriam Vale,Capricornia,Central,Central,Central Queensland,Agnes Water - Miriam Vale,Gladstone,Central Queensland,Outer Regional,Burnett,Flynn,Locally-controlled,No Roadway Feature,No traffic control,60 km/h,Sealed - Dry,Clear,Daylight,Curved - view open,Level,805.0,Off Path-Curve: Out Of Control On Cway,Out of control on curve,N,0,1,0,0,1,1,0,0,0,0,0,0
365674,Hospitalisation,2018,November,Friday,8,Hit object,Single Vehicle,151.754593536095,-24.3408492954267,Creevey Dr,Unknown,,Captain Creek,Gladstone Region,4677,Miriam Vale,Capricornia,Central,Central,Central Queensland,Agnes Water - Miriam Vale,Gladstone,Central Queensland,Outer Regional,Burnett,Flynn,Locally-controlled,No Roadway Feature,No traffic control,60 km/h,Unsealed - Dry,Clear,Daylight,Straight,Grade,605.0,Veh'S On Path: Permanent Obstruction,Hit permanent obstruction on carriageway,E,0,1,0,0,1,0,1,0,0,0,0,0
365675,Hospitalisation,2018,November,Tuesday,3,Hit object,Single Vehicle,151.513818564749,-24.285946272151,Bruce Hwy,Unknown,Bruce Highway (Gin Gin - Benaraby),Bororen,Gladstone Region,4678,Miriam Vale,Capricornia,Central,Central,Central Queensland,Agnes Water - Miriam Vale,Gladstone,Central Queensland,Outer Regional,Burnett,Flynn,State-controlled,No Roadway Feature,No traffic control,100 - 110 km/h,Sealed - Dry,Clear,Darkness - Not lighted,Straight,Level,703.0,Off Path-Straight: Left Off Cway Hit Obj,Off carriageway on straight hit object,N,0,1,0,0,1,1,0,0,0,0,0,0
365676,Hospitalisation,2018,December,Saturday,18,Rear-end,Multi-Vehicle,151.464512585776,-24.1391142662989,Bruce Hwy,Unknown,Bruce Highway (Gin Gin - Benaraby),Foreshores,Gladstone Region,4678,Miriam Vale,Capricornia,Central,Central,Central Queensland,Agnes Water - Miriam Vale,Gladstone,Central Queensland,Outer Regional,Burnett,Flynn,State-controlled,No Roadway Feature,No traffic control,60 km/h,Sealed - Dry,Clear,Dawn/Dusk,Straight,Level,301.0,Veh'S Same Direction: Rear End,Rear-end,S,0,3,0,0,3,3,0,1,0,0,0,0
365677,Hospitalisation,2018,December,Monday,16,Sideswipe,Multi-Vehicle,151.556975553166,-24.3531342767768,Bruce Hwy,Unknown,Bruce Highway (Gin Gin - Benaraby),Miriam Vale,Gladstone Region,4677,Miriam Vale,Capricornia,Central,Central,Central Queensland,Agnes Water - Miriam Vale,Gladstone,Central Queensland,Outer Regional,Burnett,Flynn,State-controlled,No Roadway Feature,No traffic control,100 - 110 km/h,Sealed - Dry,Clear,Daylight,Straight,Level,201.0,Veh'S Opposite Approach: Head On,Head-on,N,0,1,0,0,1,1,0,1,0,0,0,0
365678,Fatal,2018,December,Saturday,11,Angle,Multi-Vehicle,151.665414514,-24.609262289146,Bruce Hwy,Unknown,Bruce Highway (Gin Gin - Benaraby),Gindoran,Gladstone Region,4676,Miriam Vale,Capricornia,Central,Central,Central Queensland,Agnes Water - Miriam Vale,Gladstone,Central Queensland,Outer Regional,Burnett,Flynn,State-controlled,No Roadway Feature,No traffic control,100 - 110 km/h,Sealed - Dry,Clear,Daylight,Straight,Grade,201.0,Veh'S Opposite Approach: Head On,Head-on,S,1,2,0,1,4,3,0,0,0,0,0,0