Crash_Ref_Number,Crash_Severity,Crash_Year,Crash_Month,Crash_Day_Of_Week,Crash_Hour,Crash_Nature,Crash_Type,Crash_Longitude,Crash_Latitude,Crash_Street,Crash_Street_Intersecting,State_Road_Name,Loc_Suburb,Loc_Local_Government_Area,Loc_Post_Code,Loc_Police_Division,Loc_Police_District,Loc_Police_Region,Loc_Queensland_Transport_Region,Loc_Main_Roads_Region,Loc_ABS_Statistical_Area_2,Loc_ABS_Statistical_Area_3,Loc_ABS_Statistical_Area_4,Loc_ABS_Remoteness,Loc_State_Electorate,Loc_Federal_Electorate,Crash_Controlling_Authority,Crash_Roadway_Feature,Crash_Traffic_Control,Crash_Speed_Limit,Crash_Road_Surface_Condition,Crash_Atmospheric_Condition,Crash_Lighting_Condition,Crash_Road_Horiz_Align,Crash_Road_Vert_Align,Crash_DCA_Code,Crash_DCA_Description,Crash_DCA_Group_Description,DCA_Key_Approach_Dir,Count_Casualty_Fatality,Count_Casualty_Hospitalised,Count_Casualty_MedicallyTreated,Count_Casualty_MinorInjury,Count_Casualty_Total,Count_Unit_Car,Count_Unit_Motorcycle_Moped,Count_Unit_Truck,Count_Unit_Bus,Count_Unit_Bicycle,Count_Unit_Pedestrian,Count_Unit_Other
365772,Medical treatment,2019,May,Friday,19,Angle,Multi-Vehicle,153.034947836823,-27.5199490883463,Cracknell Rd,Ekibin Rd E,,Tarragindi,Brisbane City,4121,Annerley,South Brisbane,Brisbane,SEQ South,Metropolitan,Tarragindi,Nathan,Brisbane - South,Major Cities,Miller,Moreton,Locally-controlled,Intersection - Roundabout,Give way sign,60 km/h,Sealed - Wet,Clear,Darkness - Lighted,Straight,Level,102.0,Veh'S Adjacent Approach: Right-Thru,Intersection from adjacent approaches,E,0,0,1,0,1,1,0,0,0,1,0,0
365773,Hospitalisation,2019,May,Thursday,7,Hit parked vehicle,Single Vehicle,153.021490047248,-27.5042825248715,Brisbane Corso,Unknown,,Fairfield,Brisbane City,4103,Annerley,South Brisbane,Brisbane,SEQ South,Metropolitan,Fairfield - Dutton Park,Holland Park - Yeronga,Brisbane - South,Major Cities,Miller,Moreton,Locally-controlled,No Roadway Feature,No traffic control,0 - 50 km/h,Sealed - Dry,Clear,Daylight,Straight,Level,601.0,Veh'S On Path: Parked,Hit parked vehicle,N,0,1,0,0,1,1,0,0,0,1,0,0
365774,Hospitalisation,2019,June,Sunday,11,Hit parked vehicle,Single Vehicle,153.038224027714,-27.5101064465976,View St,Unknown,,Annerley,Brisbane City,4103,Annerley,South Brisbane,Brisbane,SEQ South,Metropolitan,Annerley,Holland Park - Yeronga,Brisbane - South,Major Cities,Miller,Moreton,Locally-controlled,No Roadway Feature,No traffic control,60 km/h,Sealed - Dry,Clear,Daylight,Curved - view open,Grade,601.0,Veh'S On Path: Parked,Hit parked vehicle,N,0,1,0,0,1,2,0,0,0,0,0,0
365775,Medical treatment,2019,June,Wednesday,9,Rear-end,Multi-Vehicle,153.030861028031,-27.5138694458879,Ipswich Rd,Venner Rd,,Annerley,Brisbane City,4103,Annerley,South Brisbane,Brisbane,SEQ South,Metropolitan,Annerley,Holland Park - Yeronga,Brisbane - South,Major Cities,Miller,Moreton,Locally-controlled,Intersection - Cross,Operating traffic lights,60 km/h,Sealed - Dry,Clear,Daylight,Straight,Level,301.0,Veh'S Same Direction: Rear End,Rear-end,N,0,0,1,0,1,2,0,0,0,0,0,0
365776,Medical treatment,2019,June,Sunday,22,Head-on,Multi-Vehicle,153.030861028031,-27.5138694458879,Ipswich Rd,Venner Rd,,Annerley,Brisbane City,4103,Annerley,South Brisbane,Brisbane,SEQ South,Metropolitan,Annerley,Holland Park - Yeronga,Brisbane - South,Major Cities,Miller,Moreton,Locally-controlled,Intersection - Cross,Operating traffic lights,60 km/h,Sealed - Dry,Clear,Darkness - Lighted,Straight,Crest,202.0,Veh'S Opposite Approach: Thru-Right,Opposing vehicles turning,W,0,0,3,0,3,2,0,0,0,0,0,0
365777,Medical treatment,2019,June,Sunday,19,Angle,Multi-Vehicle,153.031526028136,-27.5124654459436,Ekibin Rd,Ipswich Rd,,Annerley,Brisbane City,4103,Annerley,South Brisbane,Brisbane,SEQ South,Metropolitan,Annerley,Holland Park - Yeronga,Brisbane - South,Major Cities,Miller,Moreton,Locally-controlled,Intersection - T-Junction,Operating traffic lights,60 km/h,Sealed - Dry,Clear,Darkness - Lighted,Straight,Grade,104.0,Veh'S Adjacent Approach: Thru-Right,Intersection from adjacent approaches,S,0,0,1,0,1,2,0,0,0,0,0,0
365778,Medical treatment,2019,June,Thursday,20,Rear-end,Multi-Vehicle,153.031901028206,-27.5115934459744,Ipswich Rd,Unknown,,Annerley,Brisbane City,4103,Annerley,South Brisbane,Brisbane,SEQ South,Metropolitan,Annerley,Holland Park - Yeronga,Brisbane - South,Major Cities,Miller,Moreton,Locally-controlled,No Roadway Feature,No traffic control,60 km/h,Sealed - Dry,Clear,Darkness - Lighted,Straight,Level,301.0,Veh'S Same Direction: Rear End,Rear-end,S,0,0,1,0,1,1,1,0,0,0,0,0
365779,Medical treatment,2019,June,Wednesday,9,Rear-end,Multi-Vehicle,153.039146028429,-27.5036614466393,Pacific Hwy,Unknown,South-East Arterial Road (Pacific Motorway),Greenslopes,Brisbane City,4120,Annerley,South Brisbane,Brisbane,SEQ South,Metropolitan,Annerley,Holland Park - Yeronga,Brisbane - South,Major Cities,Greenslopes,Moreton,State-controlled,No Roadway Feature,No traffic control,100 - 110 km/h,Sealed - Dry,Clear,Daylight,Straight,Level,301.0,Veh'S Same Direction: Rear End,Rear-end,N,0,0,1,0,1,3,0,0,0,0,0,0
365780,Minor injury,2019,June,Saturday,9,Rear-end,Multi-Vehicle,153.03515902919,-27.5010354462181,Cornwall St,Ipswich Rd,,Annerley,Brisbane City,4103,Dutton Park,South Brisbane,Brisbane,SEQ South,Metropolitan,Woolloongabba,Holland Park - Yeronga,Brisbane - South,Major Cities,South Brisbane,Griffith,Locally-controlled,Intersection - Cross,Operating traffic lights,0 - 50 km/h,Sealed - Dry,Clear,Daylight,Straight,Level,301.0,Veh'S Same Direction: Rear End,Rear-end,U,0,0,0,1,1,2,0,0,0,0,0,0
365781,Medical treatment,2019,July,Tuesday,13,Hit parked vehicle,Single Vehicle,153.031662027755,-27.5153684459802,Chester Rd,Unknown,,Annerley,Brisbane City,4103,Annerley,South Brisbane,Brisbane,SEQ South,Metropolitan,Annerley,Holland Park - Yeronga,Brisbane - South,Major Cities,Miller,Moreton,Locally-controlled,No Roadway Feature,No traffic control,0 - 50 km/h,Sealed - Dry,Clear,Daylight,Straight,Grade,601.0,Veh'S On Path: Parked,Hit parked vehicle,E,0,0,2,0,2,2,0,0,0,0,0,0
365782,Hospitalisation,2019,July,Sunday,10,Sideswipe,Multi-Vehicle,153.038706028427,-27.5040564465982,Duke St,Juliette St,South-East Arterial Road (Pacific Motorway),Annerley,Brisbane City,4103,Annerley,South Brisbane,Brisbane,SEQ South,Metropolitan,Annerley,Holland Park - Yeronga,Brisbane - South,Major Cities,South Brisbane,Moreton,State-controlled,Intersection - Cross,Operating traffic lights,60 km/h,Sealed - Dry,Clear,Daylight,Straight,Level,309.0,Veh'S Same Direction: Left Turn S/Swipe,Parallel lanes turning,N,0,1,0,0,1,1,1,0,0,0,0,0
365783,Medical treatment,2019,July,Thursday,15,Rear-end,Multi-Vehicle,153.025616027551,-27.5221334454267,Ipswich Rd,School Rd,,Annerley,Brisbane City,4103,Moorooka,South Brisbane,Brisbane,SEQ South,Metropolitan,Yeronga,Holland Park - Yeronga,Brisbane - South,Major Cities,Miller,Moreton,Locally-controlled,Intersection - T-Junction,Operating traffic lights,60 km/h,Sealed - Dry,Clear,Daylight,Straight,Grade,301.0,Veh'S Same Direction: Rear End,Rear-end,S,0,0,1,0,1,2,0,0,0,0,0,0
365784,Medical treatment,2019,July,Monday,14,Hit pedestrian,Hit pedestrian,153.014599030014,-27.512010444241,Hyde Rd,Unknown,,Yeronga,Brisbane City,4104,Annerley,South Brisbane,Brisbane,SEQ South,Metropolitan,Yeronga,Holland Park - Yeronga,Brisbane - South,Major Cities,Miller,Moreton,Locally-controlled,No Roadway Feature,No traffic control,0 - 50 km/h,Sealed - Dry,Clear,Daylight,Curved - view open,Level,0.0,Ped'N: Hit Other,Other,S,0,0,1,0,1,1,0,0,0,0,1,0
365785,Hospitalisation,2019,July,Friday,12,Angle,Multi-Vehicle,153.031352028138,-27.5126034459272,Ipswich Rd,Norman St,,Annerley,Brisbane City,4103,Annerley,South Brisbane,Brisbane,SEQ South,Metropolitan,Annerley,Holland Park - Yeronga,Brisbane - South,Major Cities,Miller,Moreton,Locally-controlled,Intersection - T-Junction,Stop sign,60 km/h,Sealed - Dry,Clear,Daylight,Straight,Level,109.0,Veh'S Adjacent Approach: Left-Left,Intersection from adjacent approaches,N,0,1,0,0,1,2,0,0,0,0,0,0
365786,Hospitalisation,2019,July,Monday,15,Hit parked vehicle,Single Vehicle,153.004010343912,-27.5139164841938,Anita St,Unknown,,Yeronga,Brisbane City,4104,Annerley,South Brisbane,Brisbane,SEQ South,Metropolitan,Yeronga,Holland Park - Yeronga,Brisbane - South,Major Cities,Miller,Moreton,Locally-controlled,No Roadway Feature,No traffic control,0 - 50 km/h,Sealed - Dry,Clear,Daylight,Straight,Level,604.0,Veh'S On Path: Car Door,Hit parked vehicle,N,0,1,0,0,1,1,0,0,0,1,0,0
365787,Medical treatment,2019,August,Saturday,7,Rear-end,Multi-Vehicle,153.037705028556,-27.5038884464963,Juliette St,Prince St,,Annerley,Brisbane City,4103,Annerley,South Brisbane,Brisbane,SEQ South,Metropolitan,Annerley,Holland Park - Yeronga,Brisbane - South,Major Cities,South Brisbane,Moreton,Locally-controlled,Intersection - Cross,No traffic control,60 km/h,Sealed - Dry,Clear,Daylight,Straight,Level,308.0,Veh'S Same Direction: Right Turn S/Swipe,Parallel lanes turning,W,0,0,1,0,1,2,0,0,0,0,0,0
365788,Medical treatment,2019,August,Tuesday,8,Rear-end,Multi-Vehicle,153.025090029485,-27.5072684452564,Fairfield Rd,Unknown,,Fairfield,Brisbane City,4103,Annerley,South Brisbane,Brisbane,SEQ South,Metropolitan,Fairfield - Dutton Park,Holland Park - Yeronga,Brisbane - South,Major Cities,Miller,Moreton,Locally-controlled,No Roadway Feature,No traffic control,60 km/h,Sealed - Dry,Clear,Daylight,Straight,Level,301.0,Veh'S Same Direction: Rear End,Rear-end,N,0,0,1,0,1,2,0,0,0,0,0,0
365789,Hospitalisation,2019,August,Thursday,8,Angle,Multi-Vehicle,153.024273029728,-27.5060344451646,Home St,Victoria St,,Fairfield,Brisbane City,4103,Annerley,South Brisbane,Brisbane,SEQ South,Metropolitan,Fairfield - Dutton Park,Holland Park - Yeronga,Brisbane - South,Major Cities,Miller,Moreton,Locally-controlled,Intersection - T-Junction,No traffic control,60 km/h,Sealed - Dry,Clear,Daylight,Straight,Level,102.0,Veh'S Adjacent Approach: Right-Thru,Intersection from adjacent approaches,W,0,1,0,0,1,1,0,0,1,0,0,0
365790,Medical treatment,2019,August,Friday,16,Hit animal,Other,153.015364030699,-27.5059324442697,Brisbane Corso,Unknown,,Yeronga,Brisbane City,4104,Annerley,South Brisbane,Brisbane,SEQ South,Metropolitan,Yeronga,Holland Park - Yeronga,Brisbane - South,Major Cities,Miller,Moreton,Locally-controlled,No Roadway Feature,No traffic control,60 km/h,Sealed - Dry,Clear,Daylight,Straight,Level,609.0,Pass & Misc: Hit Animal,Hit animal,W,0,0,1,0,1,0,0,0,0,1,0,0
365791,Minor injury,2019,August,Tuesday,7,Rear-end,Multi-Vehicle,153.033203028386,-27.5090604460851,Ipswich Rd,Unknown,,Annerley,Brisbane City,4103,Annerley,South Brisbane,Brisbane,SEQ South,Metropolitan,Annerley,Holland Park - Yeronga,Brisbane - South,Major Cities,Miller,Moreton,Locally-controlled,No Roadway Feature,No traffic control,60 km/h,Sealed - Dry,Clear,Daylight,Straight,Level,301.0,Veh'S Same Direction: Rear End,Rear-end,N,0,0,0,1,1,2,0,0,0,0,0,0
365792,Medical treatment,2019,August,Friday,18,Rear-end,Multi-Vehicle,153.030387029541,-27.502313445749,Annerley Rd,Unknown,,Annerley,Brisbane City,4103,Annerley,South Brisbane,Brisbane,SEQ South,Metropolitan,Annerley,Holland Park - Yeronga,Brisbane - South,Major Cities,South Brisbane,Moreton,Locally-controlled,No Roadway Feature,No traffic control,60 km/h,Sealed - Dry,Clear,Darkness - Lighted,Straight,Level,301.0,Veh'S Same Direction: Rear End,Rear-end,E,0,0,2,0,2,2,0,0,0,0,0,0
365793,Hospitalisation,2019,August,Sunday,22,Rear-end,Multi-Vehicle,153.030993028014,-27.5138894459013,Ipswich Rd,Waterton St,,Annerley,Brisbane City,4103,Annerley,South Brisbane,Brisbane,SEQ South,Metropolitan,Annerley,Holland Park - Yeronga,Brisbane - South,Major Cities,Miller,Moreton,Locally-controlled,Intersection - Cross,Operating traffic lights,60 km/h,Sealed - Dry,Clear,Darkness - Lighted,Straight,Level,301.0,Veh'S Same Direction: Rear End,Rear-end,N,0,1,3,0,4,2,0,0,0,0,0,0
365794,Medical treatment,2019,September,Monday,18,Fall from vehicle,Single Vehicle,153.032727028315,-27.510028446045,Annerley Rd,Ipswich Rd,,Annerley,Brisbane City,4103,Annerley,South Brisbane,Brisbane,SEQ South,Metropolitan,Annerley,Holland Park - Yeronga,Brisbane - South,Major Cities,Miller,Moreton,Locally-controlled,Intersection - T-Junction,Operating traffic lights,60 km/h,Sealed - Dry,Clear,Darkness - Lighted,Straight,Level,705.0,Off Path-Straight:Out Of Control On Cway,Out of control on straight,S,0,0,1,0,1,1,1,0,0,0,0,0
365795,Medical treatment,2019,September,Tuesday,8,Sideswipe,Multi-Vehicle,153.025774029907,-27.503340445294,Fairfield Rd,Unknown,,Fairfield,Brisbane City,4103,Annerley,South Brisbane,Brisbane,SEQ South,Metropolitan,Fairfield - Dutton Park,Holland Park - Yeronga,Brisbane - South,Major Cities,Miller,Moreton,Locally-controlled,No Roadway Feature,No traffic control,0 - 50 km/h,Sealed - Dry,Clear,Daylight,Curved - view open,Grade,305.0,Veh'S Same Direction: Lane Side Swipe,Lane changes,U,0,0,1,0,1,2,0,0,0,0,0,1
365796,Medical treatment,2019,September,Thursday,15,Angle,Multi-Vehicle,153.014734029982,-27.5121474442556,Hyde Rd,Kingsley Pde,,Yeronga,Brisbane City,4104,Annerley,South Brisbane,Brisbane,SEQ South,Metropolitan,Yeronga,Holland Park - Yeronga,Brisbane - South,Major Cities,Miller,Moreton,Locally-controlled,Intersection - T-Junction,Give way sign,60 km/h,Sealed - Dry,Clear,Daylight,Curved - view open,Level,104.0,Veh'S Adjacent Approach: Thru-Right,Intersection from adjacent approaches,W,0,0,1,0,1,1,0,0,0,1,0,0
365797,Medical treatment,2019,September,Monday,15,Hit pedestrian,Hit pedestrian,153.031872028187,-27.5117674459728,Ipswich Rd,Unknown,,Annerley,Brisbane City,4103,Annerley,South Brisbane,Brisbane,SEQ South,Metropolitan,Annerley,Holland Park - Yeronga,Brisbane - South,Major Cities,Miller,Moreton,Locally-controlled,No Roadway Feature,No traffic control,60 km/h,Sealed - Dry,Clear,Daylight,Straight,Level,5.0,Ped'N: Hit Walking With Traffic,Pedestrian,U,0,0,1,0,1,1,0,0,0,0,1,0
365798,Medical treatment,2019,September,Thursday,13,Sideswipe,Multi-Vehicle,153.037705028556,-27.5038884464963,Juliette St,Prince St,,Annerley,Brisbane City,4103,Annerley,South Brisbane,Brisbane,SEQ South,Metropolitan,Annerley,Holland Park - Yeronga,Brisbane - South,Major Cities,South Brisbane,Moreton,Locally-controlled,Intersection - Cross,No traffic control,60 km/h,Sealed - Dry,Clear,Daylight,Straight,Crest,308.0,Veh'S Same Direction: Right Turn S/Swipe,Parallel lanes turning,W,0,0,2,0,2,2,0,0,0,0,0,0
365799,Medical treatment,2019,October,Tuesday,18,Rear-end,Multi-Vehicle,153.025169097536,-27.5226290413857,Ipswich Rd,Unknown,,Annerley,Brisbane City,4103,Moorooka,South Brisbane,Brisbane,SEQ South,Metropolitan,Annerley,Holland Park - Yeronga,Brisbane - South,Major Cities,Miller,Moreton,Locally-controlled,No Roadway Feature,No traffic control,60 km/h,Sealed - Dry,Clear,Dawn/Dusk,Straight,Level,301.0,Veh'S Same Direction: Rear End,Rear-end,S,0,0,1,0,1,3,0,0,0,0,0,0
365800,Hospitalisation,2019,October,Saturday,0,Hit parked vehicle,Single Vehicle,153.034372511768,-27.5050396981708,Ipswich Rd,Unknown,,Annerley,Brisbane City,4103,Annerley,South Brisbane,Brisbane,SEQ South,Metropolitan,Annerley,Holland Park - Yeronga,Brisbane - South,Major Cities,South Brisbane,Moreton,Locally-controlled,No Roadway Feature,No traffic control,60 km/h,Sealed - Wet,Raining,Darkness - Lighted,Straight,Grade,601.0,Veh'S On Path: Parked,Hit parked vehicle,N,0,1,0,0,1,1,0,0,0,1,0,0
365801,Minor injury,2019,October,Tuesday,7,Sideswipe,Multi-Vehicle,153.030301514895,-27.515420871844,Ipswich Rd,Unknown,,Annerley,Brisbane City,4103,Annerley,South Brisbane,Brisbane,SEQ South,Metropolitan,Annerley,Holland Park - Yeronga,Brisbane - South,Major Cities,Miller,Moreton,Locally-controlled,No Roadway Feature,No traffic control,60 km/h,Sealed - Dry,Clear,Daylight,Straight,Level,307.0,Veh'S Same Direction: Lane Change Left,Lane changes,N,0,0,0,1,1,2,0,0,0,0,0,0
365802,Hospitalisation,2019,November,Monday,15,Rear-end,Multi-Vehicle,153.030220028112,-27.5137684458228,Venner Rd,Unknown,,Annerley,Brisbane City,4103,Annerley,South Brisbane,Brisbane,SEQ South,Metropolitan,Annerley,Holland Park - Yeronga,Brisbane - South,Major Cities,Miller,Moreton,Locally-controlled,No Roadway Feature,No traffic control,60 km/h,Sealed - Dry,Clear,Daylight,Straight,Grade,301.0,Veh'S Same Direction: Rear End,Rear-end,W,0,1,0,0,1,2,0,0,0,0,0,0
365803,Medical treatment,2019,November,Monday,10,Rear-end,Multi-Vehicle,153.034305028523,-27.5070434461798,Ipswich Rd,Unknown,,Annerley,Brisbane City,4103,Annerley,South Brisbane,Brisbane,SEQ South,Metropolitan,Annerley,Holland Park - Yeronga,Brisbane - South,Major Cities,South Brisbane,Moreton,Locally-controlled,No Roadway Feature,No traffic control,60 km/h,Sealed - Dry,Clear,Daylight,Straight,Grade,301.0,Veh'S Same Direction: Rear End,Rear-end,N,0,0,1,0,1,1,0,1,0,0,0,0
365804,Medical treatment,2019,November,Monday,21,Angle,Multi-Vehicle,153.030861028031,-27.5138694458879,Ipswich Rd,Venner Rd,,Annerley,Brisbane City,4103,Annerley,South Brisbane,Brisbane,SEQ South,Metropolitan,Annerley,Holland Park - Yeronga,Brisbane - South,Major Cities,Miller,Moreton,Locally-controlled,Intersection - Cross,Operating traffic lights,60 km/h,Sealed - Dry,Clear,Daylight,Straight,Level,202.0,Veh'S Opposite Approach: Thru-Right,Opposing vehicles turning,W,0,0,3,0,3,2,0,0,0,0,0,0
365805,Hospitalisation,2019,November,Friday,12,Rear-end,Multi-Vehicle,153.034340029062,-27.5027424461494,Ipswich Rd,Unknown,,Annerley,Brisbane City,4103,Annerley,South Brisbane,Brisbane,SEQ South,Metropolitan,Annerley,Holland Park - Yeronga,Brisbane - South,Major Cities,South Brisbane,Moreton,Locally-controlled,No Roadway Feature,No traffic control,60 km/h,Sealed - Dry,Clear,Daylight,Straight,Level,307.0,Veh'S Same Direction: Lane Change Left,Lane changes,N,0,1,0,0,1,2,0,0,0,0,0,0
365806,Hospitalisation,2019,December,Sunday,19,Hit pedestrian,Hit pedestrian,153.024660927373,-27.5085178252232,Fairfield Rd,Unknown,,Fairfield,Brisbane City,4103,Annerley,South Brisbane,Brisbane,SEQ South,Metropolitan,Fairfield - Dutton Park,Holland Park - Yeronga,Brisbane - South,Major Cities,Miller,Moreton,Locally-controlled,No Roadway Feature,No traffic control,60 km/h,Sealed - Dry,Clear,Darkness - Lighted,Curved - view obscured,Level,1.0,Ped'N: Near Side Vehicle Hit From Right,Pedestrian,W,0,1,0,0,1,1,0,0,0,0,1,0
365807,Hospitalisation,2019,December,Wednesday,12,Rear-end,Multi-Vehicle,153.03071302794,-27.5147164458798,Ipswich Rd,Unknown,,Annerley,Brisbane City,4103,Annerley,South Brisbane,Brisbane,SEQ South,Metropolitan,Annerley,Holland Park - Yeronga,Brisbane - South,Major Cities,Miller,Moreton,Locally-controlled,No Roadway Feature,No traffic control,60 km/h,Sealed - Dry,Clear,Daylight,Straight,Level,301.0,Veh'S Same Direction: Rear End,Rear-end,S,0,1,0,0,1,2,1,0,0,0,0,0
365808,Medical treatment,2019,December,Thursday,7,Hit pedestrian,Hit pedestrian,153.030022027827,-27.516192445822,Ipswich Rd,Unknown,,Annerley,Brisbane City,4103,Annerley,South Brisbane,Brisbane,SEQ South,Metropolitan,Annerley,Holland Park - Yeronga,Brisbane - South,Major Cities,Miller,Moreton,Locally-controlled,No Roadway Feature,Operating traffic lights,60 km/h,Sealed - Dry,Clear,Daylight,Straight,Level,1.0,Ped'N: Near Side Vehicle Hit From Right,Pedestrian,N,0,0,1,0,1,1,0,0,0,0,1,0
365809,Medical treatment,2019,December,Wednesday,8,Rear-end,Multi-Vehicle,153.033323736371,-27.5090776870974,Ipswich Rd,Unknown,,Annerley,Brisbane City,4103,Annerley,South Brisbane,Brisbane,SEQ South,Metropolitan,Annerley,Holland Park - Yeronga,Brisbane - South,Major Cities,Miller,Moreton,Locally-controlled,No Roadway Feature,No traffic control,60 km/h,Sealed - Dry,Clear,Daylight,Straight,Level,301.0,Veh'S Same Direction: Rear End,Rear-end,S,0,0,1,0,1,2,0,0,0,0,0,0
365810,Medical treatment,2019,December,Wednesday,13,Sideswipe,Multi-Vehicle,153.034524548271,-27.5009292041536,Cornwall St,Unknown,,Annerley,Brisbane City,4103,Dutton Park,South Brisbane,Brisbane,SEQ South,Metropolitan,Annerley,Holland Park - Yeronga,Brisbane - South,Major Cities,South Brisbane,Moreton,Locally-controlled,No Roadway Feature,No traffic control,60 km/h,Sealed - Dry,Clear,Daylight,Straight,Level,306.0,Veh'S Same Direction: Lane Change Right,Lane changes,E,0,0,1,0,1,2,0,0,0,0,0,0
365811,Medical treatment,2019,December,Saturday,20,Angle,Multi-Vehicle,153.032601027812,-27.5141154460646,Lambton St,Waterton St,,Annerley,Brisbane City,4103,Annerley,South Brisbane,Brisbane,SEQ South,Metropolitan,Annerley,Holland Park - Yeronga,Brisbane - South,Major Cities,Miller,Moreton,Locally-controlled,Intersection - T-Junction,No traffic control,60 km/h,Sealed - Dry,Clear,Darkness - Lighted,Straight,Level,104.0,Veh'S Adjacent Approach: Thru-Right,Intersection from adjacent approaches,E,0,0,2,0,2,3,0,0,0,0,0,0
365812,Minor injury,2019,December,Monday,11,Rear-end,Multi-Vehicle,153.038916027133,-27.5141174466988,Ekibin Rd E,Willis St,,Tarragindi,Brisbane City,4121,Annerley,South Brisbane,Brisbane,SEQ South,Metropolitan,Tarragindi,Nathan,Brisbane - South,Major Cities,Miller,Moreton,Locally-controlled,Intersection - T-Junction,No traffic control,60 km/h,Sealed - Dry,Clear,Daylight,Curved - view open,Grade,301.0,Veh'S Same Direction: Rear End,Rear-end,S,0,0,0,1,1,2,0,0,0,0,0,0
365813,Medical treatment,2019,December,Friday,18,Fall from vehicle,Single Vehicle,153.034286028836,-27.5045744461584,Ipswich Rd,Torrens St,,Annerley,Brisbane City,4103,Annerley,South Brisbane,Brisbane,SEQ South,Metropolitan,Annerley,Holland Park - Yeronga,Brisbane - South,Major Cities,South Brisbane,Moreton,Locally-controlled,Intersection - T-Junction,Give way sign,0 - 50 km/h,Sealed - Dry,Clear,Daylight,Straight,Grade,107.0,Veh'S Adjacent Approach: Thru-Left,Intersection from adjacent approaches,N,0,0,1,0,1,1,0,0,0,1,0,0
365814,Hospitalisation,2019,December,Friday,21,Angle,Multi-Vehicle,153.029401027631,-27.5182754457762,Cracknell Rd,Ipswich Rd,,Annerley,Brisbane City,4103,Annerley,South Brisbane,Brisbane,SEQ South,Metropolitan,Annerley,Holland Park - Yeronga,Brisbane - South,Major Cities,Miller,Moreton,Locally-controlled,Intersection - Cross,Operating traffic lights,0 - 50 km/h,Sealed - Dry,Clear,Darkness - Lighted,Straight,Level,202.0,Veh'S Opposite Approach: Thru-Right,Opposing vehicles turning,N,0,3,0,0,3,2,0,0,0,0,0,0
365815,Hospitalisation,2020,January,Wednesday,16,Angle,Multi-Vehicle,153.030024029648,-27.5017714457083,Annerley Rd,Carville St,,Annerley,Brisbane City,4103,Annerley,South Brisbane,Brisbane,SEQ South,Metropolitan,Annerley,Holland Park - Yeronga,Brisbane - South,Major Cities,South Brisbane,Moreton,Locally-controlled,Intersection - T-Junction,No traffic control,0 - 50 km/h,Sealed - Dry,Clear,Daylight,Straight,Grade,104.0,Veh'S Adjacent Approach: Thru-Right,Intersection from adjacent approaches,S,0,1,0,0,1,1,1,0,0,0,0,0
365816,Hospitalisation,2020,January,Wednesday,18,Angle,Multi-Vehicle,153.032014227241,-27.5191387440454,Cracknell Rd,Unknown,,Annerley,Brisbane City,4103,Annerley,South Brisbane,Brisbane,SEQ South,Metropolitan,Annerley,Holland Park - Yeronga,Brisbane - South,Major Cities,Miller,Moreton,Locally-controlled,No Roadway Feature,Give way sign,0 - 50 km/h,Sealed - Dry,Clear,Daylight,Straight,Level,104.0,Veh'S Adjacent Approach: Thru-Right,Intersection from adjacent approaches,W,0,1,1,0,2,2,0,0,0,0,0,0
365817,Hospitalisation,2020,January,Thursday,13,Sideswipe,Multi-Vehicle,153.037705028556,-27.5038884464963,Juliette St,Prince St,,Annerley,Brisbane City,4103,Annerley,South Brisbane,Brisbane,SEQ South,Metropolitan,Annerley,Holland Park - Yeronga,Brisbane - South,Major Cities,South Brisbane,Moreton,Locally-controlled,Intersection - Cross,No traffic control,60 km/h,Sealed - Dry,Clear,Daylight,Straight,Crest,305.0,Veh'S Same Direction: Lane Side Swipe,Lane changes,W,0,1,0,0,1,2,0,0,0,0,0,0
365818,Medical treatment,2020,January,Monday,20,Rear-end,Multi-Vehicle,153.031526028136,-27.5124654459436,Ekibin Rd,Ipswich Rd,,Annerley,Brisbane City,4103,Annerley,South Brisbane,Brisbane,SEQ South,Metropolitan,Annerley,Holland Park - Yeronga,Brisbane - South,Major Cities,Miller,Moreton,Locally-controlled,Intersection - T-Junction,Operating traffic lights,60 km/h,Sealed - Dry,Clear,Darkness - Lighted,Straight,Level,301.0,Veh'S Same Direction: Rear End,Rear-end,S,0,0,1,0,1,2,0,0,0,0,0,0
365819,Hospitalisation,2020,January,Thursday,12,Sideswipe,Multi-Vehicle,153.037705028556,-27.5038884464963,Juliette St,Prince St,,Annerley,Brisbane City,4103,Annerley,South Brisbane,Brisbane,SEQ South,Metropolitan,Annerley,Holland Park - Yeronga,Brisbane - South,Major Cities,South Brisbane,Moreton,Locally-controlled,Intersection - Cross,No traffic control,60 km/h,Sealed - Wet,Raining,Daylight,Straight,Grade,308.0,Veh'S Same Direction: Right Turn S/Swipe,Parallel lanes turning,W,0,1,0,0,1,2,0,0,0,0,0,0
365820,Hospitalisation,2020,January,Saturday,11,Hit pedestrian,Hit pedestrian,153.031912028242,-27.5113014459732,Ipswich Rd,Unknown,,Annerley,Brisbane City,4103,Annerley,South Brisbane,Brisbane,SEQ South,Metropolitan,Annerley,Holland Park - Yeronga,Brisbane - South,Major Cities,Miller,Moreton,Locally-controlled,No Roadway Feature,No traffic control,60 km/h,Sealed - Dry,Clear,Daylight,Straight,Level,3.0,Ped'N: Far Side Vehicle Hit From Left,Pedestrian,N,0,1,0,0,1,2,0,0,0,0,1,0