Crash_Ref_Number,Crash_Severity,Crash_Year,Crash_Month,Crash_Day_Of_Week,Crash_Hour,Crash_Nature,Crash_Type,Crash_Longitude,Crash_Latitude,Crash_Street,Crash_Street_Intersecting,State_Road_Name,Loc_Suburb,Loc_Local_Government_Area,Loc_Post_Code,Loc_Police_Division,Loc_Police_District,Loc_Police_Region,Loc_Queensland_Transport_Region,Loc_Main_Roads_Region,Loc_ABS_Statistical_Area_2,Loc_ABS_Statistical_Area_3,Loc_ABS_Statistical_Area_4,Loc_ABS_Remoteness,Loc_State_Electorate,Loc_Federal_Electorate,Crash_Controlling_Authority,Crash_Roadway_Feature,Crash_Traffic_Control,Crash_Speed_Limit,Crash_Road_Surface_Condition,Crash_Atmospheric_Condition,Crash_Lighting_Condition,Crash_Road_Horiz_Align,Crash_Road_Vert_Align,Crash_DCA_Code,Crash_DCA_Description,Crash_DCA_Group_Description,DCA_Key_Approach_Dir,Count_Casualty_Fatality,Count_Casualty_Hospitalised,Count_Casualty_MedicallyTreated,Count_Casualty_MinorInjury,Count_Casualty_Total,Count_Unit_Car,Count_Unit_Motorcycle_Moped,Count_Unit_Truck,Count_Unit_Bus,Count_Unit_Bicycle,Count_Unit_Pedestrian,Count_Unit_Other
365821,Medical treatment,2020,January,Tuesday,10,Angle,Multi-Vehicle,153.015022029523,-27.5155384443113,Eversley Tce,Kadumba St,,Yeronga,Brisbane City,4104,Annerley,South Brisbane,Brisbane,SEQ South,Metropolitan,Yeronga,Holland Park - Yeronga,Brisbane - South,Major Cities,Miller,Moreton,Locally-controlled,Intersection - Cross,Give way sign,0 - 50 km/h,Sealed - Dry,Clear,Daylight,Straight,Level,104.0,Veh'S Adjacent Approach: Thru-Right,Intersection from adjacent approaches,W,0,0,1,1,2,2,0,0,0,0,0,0
365822,Hospitalisation,2020,January,Wednesday,15,Hit object,Single Vehicle,153.038654026948,-27.5158044466858,Ekibin Rd E,Sexton St,,Tarragindi,Brisbane City,4121,Annerley,South Brisbane,Brisbane,SEQ South,Metropolitan,Annerley,Holland Park - Yeronga,Brisbane - South,Major Cities,Miller,Moreton,Locally-controlled,Intersection - T-Junction,Operating traffic lights,60 km/h,Sealed - Dry,Clear,Daylight,Straight,Grade,703.0,Off Path-Straight: Left Off Cway Hit Obj,Off carriageway on straight hit object,W,0,1,0,0,1,1,0,0,0,0,0,0
365823,Medical treatment,2020,January,Wednesday,12,Angle,Multi-Vehicle,153.036702028682,-27.5037404463944,Juliette St,King St,,Annerley,Brisbane City,4103,Annerley,South Brisbane,Brisbane,SEQ South,Metropolitan,Annerley,Holland Park - Yeronga,Brisbane - South,Major Cities,South Brisbane,Moreton,Locally-controlled,Intersection - Cross,Give way sign,0 - 50 km/h,Sealed - Dry,Clear,Daylight,Straight,Level,309.0,Veh'S Same Direction: Left Turn S/Swipe,Parallel lanes turning,W,0,0,1,0,1,2,0,0,0,0,0,0
365824,Medical treatment,2020,January,Wednesday,17,Rear-end,Multi-Vehicle,153.029186027657,-27.5182534457544,Ipswich Rd,Villa St,,Annerley,Brisbane City,4103,Annerley,South Brisbane,Brisbane,SEQ South,Metropolitan,Annerley,Holland Park - Yeronga,Brisbane - South,Major Cities,Miller,Moreton,Locally-controlled,Intersection - Cross,Operating traffic lights,60 km/h,Sealed - Dry,Clear,Daylight,Curved - view open,Level,301.0,Veh'S Same Direction: Rear End,Rear-end,N,0,0,1,0,1,2,0,0,0,0,0,0
365825,Medical treatment,2020,January,Thursday,8,Rear-end,Multi-Vehicle,153.039447028558,-27.5023854466594,South East Arterial Rd,Unknown,South-East Arterial Road (Pacific Motorway),Greenslopes,Brisbane City,4120,Annerley,South Brisbane,Brisbane,SEQ South,Metropolitan,Greenslopes,Holland Park - Yeronga,Brisbane - South,Major Cities,Greenslopes,Griffith,State-controlled,No Roadway Feature,No traffic control,80 - 90 km/h,Sealed - Dry,Clear,Daylight,Straight,Level,301.0,Veh'S Same Direction: Rear End,Rear-end,N,0,0,2,0,2,2,0,1,0,0,0,0
365826,Medical treatment,2020,January,Thursday,0,Rear-end,Multi-Vehicle,153.030430027869,-27.5155124458576,Ipswich Rd,Unknown,,Annerley,Brisbane City,4103,Annerley,South Brisbane,Brisbane,SEQ South,Metropolitan,Annerley,Holland Park - Yeronga,Brisbane - South,Major Cities,Miller,Moreton,Locally-controlled,No Roadway Feature,No traffic control,60 km/h,Sealed - Dry,Clear,Daylight,Straight,Level,301.0,Veh'S Same Direction: Rear End,Rear-end,S,0,0,1,0,1,3,0,0,0,0,0,0
365827,Medical treatment,2020,January,Wednesday,6,Rear-end,Multi-Vehicle,153.03614293806,-27.5012207863184,Cornwall St,Emperor St,,Annerley,Brisbane City,4103,Dutton Park,South Brisbane,Brisbane,SEQ South,Metropolitan,Annerley,Holland Park - Yeronga,Brisbane - South,Major Cities,South Brisbane,Moreton,Locally-controlled,Intersection - T-Junction,Operating traffic lights,60 km/h,Sealed - Dry,Clear,Daylight,Straight,Level,301.0,Veh'S Same Direction: Rear End,Rear-end,E,0,0,1,0,1,2,0,0,0,0,0,0
365828,Medical treatment,2020,February,Saturday,11,Angle,Multi-Vehicle,153.038408026894,-27.5164394466661,Chester Rd,Ekibin Rd E,,Tarragindi,Brisbane City,4121,Annerley,South Brisbane,Brisbane,SEQ South,Metropolitan,Tarragindi,Nathan,Brisbane - South,Major Cities,Miller,Moreton,Locally-controlled,Intersection - T-Junction,Give way sign,0 - 50 km/h,Sealed - Dry,Clear,Daylight,Straight,Level,102.0,Veh'S Adjacent Approach: Right-Thru,Intersection from adjacent approaches,E,0,0,1,0,1,2,0,0,0,0,0,0
365829,Minor injury,2020,February,Monday,15,Sideswipe,Multi-Vehicle,153.040617949189,-27.5122242538548,South East Arterial Rd,Unknown,South-East Arterial Road (Pacific Motorway),Greenslopes,Brisbane City,4120,Coorparoo,South Brisbane,Brisbane,SEQ South,Metropolitan,Greenslopes,Holland Park - Yeronga,Brisbane - South,Major Cities,Greenslopes,Griffith,State-controlled,No Roadway Feature,No traffic control,80 - 90 km/h,Sealed - Dry,Clear,Daylight,Curved - view open,Level,305.0,Veh'S Same Direction: Lane Side Swipe,Lane changes,S,0,0,0,1,1,3,0,0,0,0,0,0
365830,Hospitalisation,2020,February,Tuesday,20,Head-on,Multi-Vehicle,153.047371025666,-27.518531447583,Sexton St,Toohey Rd,,Tarragindi,Brisbane City,4121,Annerley,South Brisbane,Brisbane,SEQ South,Metropolitan,Tarragindi,Nathan,Brisbane - South,Major Cities,Miller,Moreton,Locally-controlled,No Roadway Feature,No traffic control,0 - 50 km/h,Sealed - Wet,Raining,Darkness - Lighted,Curved - view open,Dip,201.0,Veh'S Opposite Approach: Head On,Head-on,N,0,2,0,0,2,2,0,0,0,0,0,0
365831,Medical treatment,2020,February,Thursday,8,Rear-end,Multi-Vehicle,153.038693027808,-27.5089664466357,Pacific Hwy,Unknown,South-East Arterial Road (Pacific Motorway),Greenslopes,Brisbane City,4120,Annerley,South Brisbane,Brisbane,SEQ South,Metropolitan,Greenslopes,Holland Park - Yeronga,Brisbane - South,Major Cities,Greenslopes,Griffith,State-controlled,No Roadway Feature,No traffic control,100 - 110 km/h,Sealed - Wet,Raining,Darkness - Lighted,Curved - view open,Level,301.0,Veh'S Same Direction: Rear End,Rear-end,N,0,0,1,0,1,5,0,0,0,0,0,0
365832,Medical treatment,2020,February,Saturday,7,Angle,Multi-Vehicle,153.031420028152,-27.5124314459327,Ekibin Rd,Ipswich Rd,,Annerley,Brisbane City,4103,Annerley,South Brisbane,Brisbane,SEQ South,Metropolitan,Annerley,Holland Park - Yeronga,Brisbane - South,Major Cities,Miller,Moreton,Locally-controlled,Intersection - T-Junction,Operating traffic lights,60 km/h,Sealed - Dry,Clear,Daylight,Straight,Level,104.0,Veh'S Adjacent Approach: Thru-Right,Intersection from adjacent approaches,S,0,0,1,1,2,2,0,0,0,0,0,0
365833,Medical treatment,2020,February,Sunday,11,Sideswipe,Multi-Vehicle,153.038694027809,-27.5089584466357,Pacific Hwy,Unknown,South-East Arterial Road (Pacific Motorway),Greenslopes,Brisbane City,4120,Annerley,South Brisbane,Brisbane,SEQ South,Metropolitan,Greenslopes,Holland Park - Yeronga,Brisbane - South,Major Cities,Greenslopes,Griffith,State-controlled,No Roadway Feature,No traffic control,100 - 110 km/h,Sealed - Dry,Clear,Daylight,Curved - view open,Level,305.0,Veh'S Same Direction: Lane Side Swipe,Lane changes,N,0,0,1,0,1,1,0,0,0,0,0,1
365834,Hospitalisation,2020,February,Tuesday,21,Hit object,Single Vehicle,153.039223424494,-27.5030866106425,Pacific Hwy,Unknown,South-East Arterial Road (Pacific Motorway),Greenslopes,Brisbane City,4120,Annerley,South Brisbane,Brisbane,SEQ South,Metropolitan,Annerley,Holland Park - Yeronga,Brisbane - South,Major Cities,South Brisbane,Moreton,State-controlled,No Roadway Feature,No traffic control,100 - 110 km/h,Sealed - Wet,Raining,Darkness - Lighted,Straight,Level,301.0,Veh'S Same Direction: Rear End,Rear-end,N,0,1,0,0,1,5,0,0,0,0,0,0
365835,Medical treatment,2020,February,Thursday,8,Angle,Multi-Vehicle,153.036702028682,-27.5037404463944,Juliette St,King St,,Annerley,Brisbane City,4103,Annerley,South Brisbane,Brisbane,SEQ South,Metropolitan,Annerley,Holland Park - Yeronga,Brisbane - South,Major Cities,South Brisbane,Moreton,Locally-controlled,Intersection - Cross,Give way sign,60 km/h,Sealed - Dry,Clear,Daylight,Straight,Crest,309.0,Veh'S Same Direction: Left Turn S/Swipe,Parallel lanes turning,N,0,0,1,0,1,1,0,0,0,1,0,0
365836,Hospitalisation,2020,February,Saturday,19,Angle,Multi-Vehicle,153.032049028832,-27.5065094459491,Annerley Rd,Denham St,,Annerley,Brisbane City,4103,Annerley,South Brisbane,Brisbane,SEQ South,Metropolitan,Annerley,Holland Park - Yeronga,Brisbane - South,Major Cities,South Brisbane,Moreton,Locally-controlled,Intersection - T-Junction,No traffic control,60 km/h,Sealed - Dry,Clear,Darkness - Lighted,Curved - view open,Crest,104.0,Veh'S Adjacent Approach: Thru-Right,Intersection from adjacent approaches,N,0,1,0,0,1,1,0,0,0,1,0,0
365837,Minor injury,2014,January,Tuesday,12,Angle,Multi-Vehicle,151.871591295841,-26.318493322646,Haly St,Unknown,Bunya Highway (Kingaroy - Goomeri),Wondai,South Burnett Region,4606,Wondai,Darling Downs,Southern,Southern,Southern Queensland,Kingaroy Region - North,Burnett,Wide Bay,Outer Regional,Nanango,Flynn,State-controlled,No Roadway Feature,No traffic control,60 km/h,Sealed - Dry,Clear,Daylight,Straight,Level,408.0,Veh'S Manoeuvring: Entering From Footway,Vehicle leaving driveway,S,0,0,0,1,1,1,1,0,0,0,0,0
365838,Fatal,2014,January,Monday,16,Angle,Multi-Vehicle,151.818027684058,-26.3718682739473,Bunya Hwy,Chinchilla - Wondai Rd,Bunya Highway (Kingaroy - Goomeri),Tingoora,South Burnett Region,4608,Wondai,Darling Downs,Southern,Southern,Southern Queensland,Kingaroy Region - North,Burnett,Wide Bay,Outer Regional,Nanango,Flynn,State-controlled,Intersection - T-Junction,Give way sign,100 - 110 km/h,Sealed - Dry,Clear,Daylight,Curved - view open,Grade,107.0,Veh'S Adjacent Approach: Thru-Left,Intersection from adjacent approaches,N,1,1,1,0,3,2,0,0,0,0,0,0
365839,Hospitalisation,2014,January,Thursday,13,Hit object,Single Vehicle,151.75263232684,-26.1583121099943,Mondure Marshlands Rd,Unknown,,Marshlands,South Burnett Region,4611,Wondai,Darling Downs,Southern,Southern,Southern Queensland,Kingaroy Region - North,Burnett,Wide Bay,Outer Regional,Nanango,Flynn,Locally-controlled,No Roadway Feature,No traffic control,80 - 90 km/h,Sealed - Dry,Clear,Daylight,Straight,Dip,703.0,Off Path-Straight: Left Off Cway Hit Obj,Off carriageway on straight hit object,W,0,1,0,0,1,0,1,0,0,0,0,0
365840,Hospitalisation,2014,May,Monday,6,Overturned,Single Vehicle,151.523689327628,-26.3528509898309,Chinchilla - Wondai Rd,Unknown,Chinchilla - Wondai Road,Ballogie,South Burnett Region,4610,Wondai,Darling Downs,Southern,Southern,Southern Queensland,Kingaroy Region - North,Burnett,Wide Bay,Outer Regional,Nanango,Flynn,State-controlled,No Roadway Feature,No traffic control,100 - 110 km/h,Sealed - Dry,Clear,Daylight,Straight,Level,705.0,Off Path-Straight:Out Of Control On Cway,Out of control on straight,W,0,1,0,0,1,1,0,0,0,0,0,0
365841,Hospitalisation,2014,June,Sunday,1,Overturned,Single Vehicle,151.839944295465,-26.3492673198624,Bunya Hwy,Unknown,Bunya Highway (Kingaroy - Goomeri),Tingoora,South Burnett Region,4608,Wondai,Darling Downs,Southern,Southern,Southern Queensland,Kingaroy Region - North,Burnett,Wide Bay,Outer Regional,Nanango,Flynn,State-controlled,No Roadway Feature,No traffic control,60 km/h,Unsealed - Dry,Clear,Darkness - Not lighted,Curved - view open,Level,801.0,Off Path-Curve: Off Cway Right Bend,Off carriageway on curve,N,0,1,0,0,1,1,0,0,0,0,0,0
365842,Hospitalisation,2014,August,Tuesday,7,Head-on,Multi-Vehicle,151.708253307757,-26.3600463073831,Chinchilla - Wondai Rd,Unknown,Chinchilla - Wondai Road,Cushnie,South Burnett Region,4608,Wondai,Darling Downs,Southern,Southern,Southern Queensland,Kingaroy Region - North,Burnett,Wide Bay,Outer Regional,Nanango,Flynn,State-controlled,No Roadway Feature,No traffic control,100 - 110 km/h,Sealed - Dry,Clear,Daylight,Curved - view open,Level,201.0,Veh'S Opposite Approach: Head On,Head-on,W,0,1,0,1,2,2,0,0,0,0,0,0
365843,Hospitalisation,2014,September,Thursday,12,Hit object,Single Vehicle,151.887788302458,-26.248301123636,Bunya Hwy,Unknown,Bunya Highway (Kingaroy - Goomeri),Ficks Crossing,South Burnett Region,4606,Wondai,Darling Downs,Southern,Southern,Southern Queensland,Kingaroy Region - North,Burnett,Wide Bay,Outer Regional,Nanango,Flynn,State-controlled,No Roadway Feature,No traffic control,100 - 110 km/h,Sealed - Dry,Clear,Daylight,Curved - view open,Level,704.0,Off Path-Straight:Right Off Cway Hit Obj,Off carriageway on straight hit object,S,0,1,0,0,1,1,0,0,0,0,0,0
365844,Hospitalisation,2014,September,Thursday,16,Angle,Multi-Vehicle,151.871982296001,-26.3167963226699,Edwards St,Scott St,Bunya Highway (Kingaroy - Goomeri),Wondai,South Burnett Region,4606,Wondai,Darling Downs,Southern,Southern,Southern Queensland,Kingaroy Region - North,Burnett,Wide Bay,Outer Regional,Nanango,Flynn,State-controlled,Intersection - Cross,No traffic control,60 km/h,Sealed - Dry,Clear,Daylight,Straight,Crest,202.0,Veh'S Opposite Approach: Thru-Right,Opposing vehicles turning,S,0,2,0,0,2,2,0,0,0,0,0,0
365845,Medical treatment,2014,October,Sunday,9,Sideswipe,Multi-Vehicle,151.868678170056,-26.285277265101,Bunya Hwy,Unknown,Bunya Highway (Kingaroy - Goomeri),Wondai,South Burnett Region,4606,Wondai,Darling Downs,Southern,Southern,Southern Queensland,Kingaroy Region - North,Burnett,Wide Bay,Outer Regional,Nanango,Flynn,State-controlled,No Roadway Feature,No traffic control,100 - 110 km/h,Sealed - Dry,Clear,Daylight,Straight,Level,506.0,Veh'S Overtaking: Overtake-Right Turn,Overtaking same direction,S,0,0,1,0,1,2,0,0,0,0,0,0
365846,Medical treatment,2014,November,Sunday,16,Overturned,Single Vehicle,151.884122301707,-26.2578513233611,Bunya Hwy,Unknown,Bunya Highway (Kingaroy - Goomeri),Ficks Crossing,South Burnett Region,4606,Wondai,Darling Downs,Southern,Southern,Southern Queensland,Kingaroy Region - North,Burnett,Wide Bay,Outer Regional,Nanango,Flynn,State-controlled,No Roadway Feature,No traffic control,100 - 110 km/h,Sealed - Dry,Clear,Daylight,Straight,Dip,705.0,Off Path-Straight:Out Of Control On Cway,Out of control on straight,N,0,0,2,0,2,1,0,0,0,0,0,0
365847,Hospitalisation,2014,December,Saturday,10,Hit object,Single Vehicle,151.860586296862,-26.3194173215994,Greenview Rd,Unknown,,Wondai,South Burnett Region,4606,Wondai,Darling Downs,Southern,Southern,Southern Queensland,Kingaroy Region - North,Burnett,Wide Bay,Outer Regional,Nanango,Flynn,Locally-controlled,Bridge/Causeway,No traffic control,80 - 90 km/h,Sealed - Dry,Clear,Daylight,Straight,Dip,703.0,Off Path-Straight: Left Off Cway Hit Obj,Off carriageway on straight hit object,E,0,2,0,0,2,0,0,1,0,0,0,0
365848,Hospitalisation,2014,December,Friday,10,Sideswipe,Multi-Vehicle,151.867110298366,-26.3009813220766,Bunya Hwy,Unknown,Bunya Highway (Kingaroy - Goomeri),Wondai,South Burnett Region,4606,Wondai,Darling Downs,Southern,Southern,Southern Queensland,Kingaroy Region - North,Burnett,Wide Bay,Outer Regional,Nanango,Flynn,State-controlled,No Roadway Feature,No traffic control,100 - 110 km/h,Sealed - Wet,Raining,Daylight,Straight,Grade,201.0,Veh'S Opposite Approach: Head On,Head-on,S,0,1,0,0,1,1,0,1,0,0,0,0
365849,Hospitalisation,2015,May,Sunday,15,Hit object,Single Vehicle,151.457931334426,-26.3527472836295,Chinchilla - Wondai Rd,Unknown,Chinchilla - Wondai Road,Ballogie,South Burnett Region,4610,Wondai,Darling Downs,Southern,Southern,Southern Queensland,Kingaroy Region - North,Burnett,Wide Bay,Outer Regional,Nanango,Flynn,State-controlled,No Roadway Feature,No traffic control,100 - 110 km/h,Sealed - Dry,Clear,Daylight,Straight,Grade,704.0,Off Path-Straight:Right Off Cway Hit Obj,Off carriageway on straight hit object,E,0,1,0,0,1,1,0,0,0,0,0,0
365850,Medical treatment,2015,May,Wednesday,18,Hit animal,Other,151.804105297779,-26.3609363165293,Tingoora-Chelmsford Rd,Unknown,,Tingoora,South Burnett Region,4608,Wondai,Darling Downs,Southern,Southern,Southern Queensland,Kingaroy Region - North,Burnett,Wide Bay,Outer Regional,Nanango,Flynn,Locally-controlled,No Roadway Feature,No traffic control,100 - 110 km/h,Sealed - Dry,Clear,Darkness - Not lighted,Straight,Level,609.0,Pass & Misc: Hit Animal,Hit animal,N,0,0,1,0,1,1,0,0,0,0,0,0
365851,Hospitalisation,2015,November,Tuesday,6,Hit object,Single Vehicle,151.890556302755,-26.2433773238619,Bunya Hwy,Unknown,Bunya Highway (Kingaroy - Goomeri),Ficks Crossing,South Burnett Region,4606,Wondai,Darling Downs,Southern,Southern,Southern Queensland,Kingaroy Region - North,Burnett,Wide Bay,Outer Regional,Nanango,Flynn,State-controlled,No Roadway Feature,No traffic control,100 - 110 km/h,Sealed - Dry,Clear,Dawn/Dusk,Curved - view open,Level,803.0,Off Path-Curve: Off Cway Rt Bend Hit Obj,Off carriageway on curve hit object,E,0,1,0,0,1,1,0,0,0,0,0,0
365852,Hospitalisation,2015,November,Thursday,22,Overturned,Single Vehicle,151.574836343426,-26.1717972932165,Proston - Boondooma Rd,Unknown,Proston - Boondooma Road,Proston,South Burnett Region,4613,Proston,Darling Downs,Southern,Southern,Southern Queensland,Kingaroy Region - North,Burnett,Wide Bay,Outer Regional,Nanango,Flynn,State-controlled,No Roadway Feature,No traffic control,100 - 110 km/h,Sealed - Dry,Clear,Darkness - Not lighted,Curved - view open,Level,802.0,Off Path-Curve: Off Cway Left Bend,Off carriageway on curve,N,0,2,0,0,2,1,0,0,0,0,0,0
365853,Medical treatment,2015,November,Friday,16,Hit object,Single Vehicle,151.855930304295,-26.2603873206808,Wondai - Proston Rd,Unknown,Wondai - Proston Road,Chelmsford,South Burnett Region,4606,Wondai,Darling Downs,Southern,Southern,Southern Queensland,Kingaroy Region - North,Burnett,Wide Bay,Outer Regional,Nanango,Flynn,State-controlled,No Roadway Feature,Police,100 - 110 km/h,Sealed - Wet,Raining,Daylight,Curved - view open,Level,607.0,Veh'S On Path: Temporary Object On C'Way,Other,N,0,0,1,0,1,1,0,0,0,0,0,0
365854,Hospitalisation,2016,January,Friday,13,Hit object,Single Vehicle,151.732147320485,-26.2304783086208,Dip Rd,Unknown,,Keysland,South Burnett Region,4612,Wondai,Darling Downs,Southern,Southern,Southern Queensland,Kingaroy Region - North,Burnett,Wide Bay,Outer Regional,Nanango,Flynn,Locally-controlled,No Roadway Feature,No traffic control,60 km/h,Unsealed - Dry,Clear,Daylight,Curved - view open,Dip,803.0,Off Path-Curve: Off Cway Rt Bend Hit Obj,Off carriageway on curve hit object,N,0,1,0,0,1,1,0,0,0,0,0,0
365855,Hospitalisation,2016,March,Friday,8,Overturned,Single Vehicle,151.68928630831,-26.3720123056747,Chinchilla - Wondai Rd,Unknown,Chinchilla - Wondai Road,Cushnie,South Burnett Region,4608,Wondai,Darling Downs,Southern,Southern,Southern Queensland,Kingaroy Region - North,Burnett,Wide Bay,Outer Regional,Nanango,Flynn,State-controlled,No Roadway Feature,No traffic control,100 - 110 km/h,Sealed - Dry,Clear,Daylight,Straight,Grade,705.0,Off Path-Straight:Out Of Control On Cway,Out of control on straight,W,0,1,1,0,2,1,0,0,0,0,0,0
365856,Hospitalisation,2016,April,Monday,18,Overturned,Single Vehicle,151.819276315102,-26.2003873166934,Mondure - Wheatlands Rd,Unknown,,Silverleaf,South Burnett Region,4605,Wondai,Darling Downs,Southern,Southern,Southern Queensland,Kingaroy Region - North,Burnett,Wide Bay,Outer Regional,Nanango,Flynn,Locally-controlled,No Roadway Feature,No traffic control,60 km/h,Sealed - Dry,Clear,Darkness - Not lighted,Curved - view open,Level,805.0,Off Path-Curve: Out Of Control On Cway,Out of control on curve,N,0,1,0,0,1,1,0,0,0,0,0,0
365857,Fatal,2016,July,Friday,0,Hit object,Single Vehicle,151.87542430054,-26.2753083226674,Bunya Hwy,Unknown,Bunya Highway (Kingaroy - Goomeri),Wondai,South Burnett Region,4606,Wondai,Darling Downs,Southern,Southern,Southern Queensland,Kingaroy Region - North,Burnett,Wide Bay,Outer Regional,Nanango,Flynn,State-controlled,No Roadway Feature,No traffic control,100 - 110 km/h,Sealed - Dry,Clear,Darkness - Not lighted,Straight,Level,704.0,Off Path-Straight:Right Off Cway Hit Obj,Off carriageway on straight hit object,N,1,0,0,0,1,1,0,0,0,0,0,0
365858,Hospitalisation,2016,July,Wednesday,3,Overturned,Single Vehicle,151.690116308278,-26.37155730575,Chinchilla - Wondai Rd,Unknown,Chinchilla - Wondai Road,Cushnie,South Burnett Region,4608,Wondai,Darling Downs,Southern,Southern,Southern Queensland,Kingaroy Region - North,Burnett,Wide Bay,Outer Regional,Nanango,Flynn,State-controlled,No Roadway Feature,No traffic control,100 - 110 km/h,Sealed - Dry,Clear,Daylight,Straight,Grade,703.0,Off Path-Straight: Left Off Cway Hit Obj,Off carriageway on straight hit object,S,0,1,0,0,1,1,0,0,0,0,0,0
365859,Medical treatment,2016,September,Monday,12,Angle,Multi-Vehicle,151.482806343325,-26.2539272851829,Glencoe Rd,Unknown,,Coverty,South Burnett Region,4613,Proston,Darling Downs,Southern,Southern,Southern Queensland,Kingaroy Region - North,Burnett,Wide Bay,Outer Regional,Nanango,Flynn,Locally-controlled,No Roadway Feature,No traffic control,100 - 110 km/h,Unsealed - Dry,Clear,Daylight,Straight,Crest,702.0,Off Path-Straight: Right Off Cway,Off carriageway on straight,N,0,0,3,0,3,2,0,0,0,0,0,0
365860,Hospitalisation,2016,September,Friday,19,Overturned,Single Vehicle,151.677167360033,-26.1540981447781,Gayndah - Hivesville Rd,Unknown,,Kinleymore,South Burnett Region,4612,Proston,Darling Downs,Southern,Southern,Southern Queensland,Kingaroy Region - North,Burnett,Wide Bay,Outer Regional,Nanango,Flynn,Locally-controlled,No Roadway Feature,No traffic control,100 - 110 km/h,Sealed - Dry,Clear,Darkness - Not lighted,Straight,Dip,700.0,Off Path-Straight: Other,Other,W,0,1,0,0,1,1,0,0,0,0,0,0
365861,Fatal,2016,December,Saturday,17,Hit object,Single Vehicle,151.439054336004,-26.3559455818783,Chinchilla - Wondai Rd,Unknown,Chinchilla - Wondai Road,Durong,South Burnett Region,4610,Wondai,Darling Downs,Southern,Southern,Southern Queensland,Kingaroy Region - North,Burnett,Wide Bay,Outer Regional,Nanango,Flynn,State-controlled,No Roadway Feature,No traffic control,100 - 110 km/h,Sealed - Dry,Clear,Daylight,Straight,Level,704.0,Off Path-Straight:Right Off Cway Hit Obj,Off carriageway on straight hit object,W,1,0,0,0,1,1,0,0,0,0,0,0
365862,Hospitalisation,2017,February,Friday,16,Rear-end,Multi-Vehicle,151.773680314154,-26.2481973127221,Wondai - Proston Rd,Unknown,Wondai - Proston Road,Leafdale,South Burnett Region,4606,Wondai,Darling Downs,Southern,Southern,Southern Queensland,Kingaroy Region - North,Burnett,Wide Bay,Outer Regional,Nanango,Flynn,State-controlled,Bridge/Causeway,Give way sign,100 - 110 km/h,Sealed - Dry,Clear,Darkness - Lighted,Curved - view obscured,Dip,301.0,Veh'S Same Direction: Rear End,Rear-end,E,0,1,0,0,1,1,0,1,0,0,0,0
365863,Hospitalisation,2017,April,Thursday,8,Angle,Multi-Vehicle,151.811917318839,-26.1749553157861,Campbells Rd,Gueena La,,Silverleaf,South Burnett Region,4605,Wondai,Darling Downs,Southern,Southern,Southern Queensland,Kingaroy Region - North,Burnett,Wide Bay,Outer Regional,Nanango,Flynn,Locally-controlled,Intersection - T-Junction,No traffic control,100 - 110 km/h,Sealed - Dry,Clear,Daylight,Straight,Level,102.0,Veh'S Adjacent Approach: Right-Thru,Intersection from adjacent approaches,N,0,1,0,0,1,1,0,1,0,0,0,0
365864,Hospitalisation,2017,April,Sunday,18,Hit animal,Other,151.708800325789,-26.2055653061986,Wondai - Proston Rd,Unknown,Wondai - Proston Road,Kawl Kawl,South Burnett Region,4612,Wondai,Darling Downs,Southern,Southern,Southern Queensland,Kingaroy Region - North,Burnett,Wide Bay,Outer Regional,Nanango,Flynn,State-controlled,No Roadway Feature,No traffic control,100 - 110 km/h,Sealed - Dry,Clear,Darkness - Not lighted,Curved - view open,Level,609.0,Pass & Misc: Hit Animal,Hit animal,W,0,3,0,0,3,1,0,0,0,0,0,0
365865,Hospitalisation,2017,June,Saturday,21,Hit object,Single Vehicle,151.712049274166,-26.1652813281848,Hivesville - Windera Rd,Unknown,,Stonelands,South Burnett Region,4612,Proston,Darling Downs,Southern,Southern,Southern Queensland,Kingaroy Region - North,Burnett,Wide Bay,Outer Regional,Nanango,Flynn,Locally-controlled,No Roadway Feature,No traffic control,100 - 110 km/h,Sealed - Dry,Fog,Darkness - Not lighted,Straight,Level,703.0,Off Path-Straight: Left Off Cway Hit Obj,Off carriageway on straight hit object,N,0,1,0,0,1,1,0,0,0,0,0,0
365866,Hospitalisation,2017,June,Thursday,12,Head-on,Multi-Vehicle,151.332345341345,-26.4051632722539,Chinchilla - Wondai Rd,Unknown,Chinchilla - Wondai Road,Chahpingah,South Burnett Region,4610,Wondai,Darling Downs,Southern,Southern,Southern Queensland,Kingaroy Region - North,Burnett,Wide Bay,Outer Regional,Nanango,Flynn,State-controlled,Intersection - Cross,No traffic control,100 - 110 km/h,Sealed - Dry,Clear,Daylight,Curved - view obscured,Grade,201.0,Veh'S Opposite Approach: Head On,Head-on,W,0,1,0,1,2,1,0,1,0,0,0,0