Crash_Ref_Number,Crash_Severity,Crash_Year,Crash_Month,Crash_Day_Of_Week,Crash_Hour,Crash_Nature,Crash_Type,Crash_Longitude,Crash_Latitude,Crash_Street,Crash_Street_Intersecting,State_Road_Name,Loc_Suburb,Loc_Local_Government_Area,Loc_Post_Code,Loc_Police_Division,Loc_Police_District,Loc_Police_Region,Loc_Queensland_Transport_Region,Loc_Main_Roads_Region,Loc_ABS_Statistical_Area_2,Loc_ABS_Statistical_Area_3,Loc_ABS_Statistical_Area_4,Loc_ABS_Remoteness,Loc_State_Electorate,Loc_Federal_Electorate,Crash_Controlling_Authority,Crash_Roadway_Feature,Crash_Traffic_Control,Crash_Speed_Limit,Crash_Road_Surface_Condition,Crash_Atmospheric_Condition,Crash_Lighting_Condition,Crash_Road_Horiz_Align,Crash_Road_Vert_Align,Crash_DCA_Code,Crash_DCA_Description,Crash_DCA_Group_Description,DCA_Key_Approach_Dir,Count_Casualty_Fatality,Count_Casualty_Hospitalised,Count_Casualty_MedicallyTreated,Count_Casualty_MinorInjury,Count_Casualty_Total,Count_Unit_Car,Count_Unit_Motorcycle_Moped,Count_Unit_Truck,Count_Unit_Bus,Count_Unit_Bicycle,Count_Unit_Pedestrian,Count_Unit_Other
365867,Medical treatment,2017,August,Thursday,14,Hit object,Single Vehicle,151.864798300394,-26.2857843217334,Wondai - Proston Rd,Unknown,Wondai - Proston Road,Wondai,South Burnett Region,4606,Wondai,Darling Downs,Southern,Southern,Southern Queensland,Kingaroy Region - North,Burnett,Wide Bay,Outer Regional,Nanango,Flynn,State-controlled,No Roadway Feature,No traffic control,100 - 110 km/h,Sealed - Dry,Clear,Daylight,Curved - view open,Grade,804.0,Off Path-Curve: Off Cway Lt Bend Hit Obj,Off carriageway on curve hit object,E,0,0,1,0,1,1,0,0,0,0,0,0
365868,Medical treatment,2017,November,Saturday,0,Hit object,Single Vehicle,151.635078336485,-26.1785212989778,Middle Rd,Unknown,,Kinleymore,South Burnett Region,4613,Proston,Darling Downs,Southern,Southern,Southern Queensland,Kingaroy Region - North,Burnett,Wide Bay,Outer Regional,Nanango,Flynn,Locally-controlled,No Roadway Feature,No traffic control,60 km/h,Unsealed - Dry,Clear,Darkness - Not lighted,Straight,Crest,700.0,Off Path-Straight: Other,Other,E,0,0,1,0,1,1,0,0,0,0,0,0
365869,Hospitalisation,2017,December,Monday,6,Rear-end,Multi-Vehicle,151.88700830234,-26.2499723235746,Bunya Hwy,Unknown,Bunya Highway (Kingaroy - Goomeri),Ficks Crossing,South Burnett Region,4606,Wondai,Darling Downs,Southern,Southern,Southern Queensland,Kingaroy Region - North,Burnett,Wide Bay,Outer Regional,Nanango,Flynn,State-controlled,No Roadway Feature,No traffic control,100 - 110 km/h,Sealed - Wet,Raining,Darkness - Lighted,Straight,Level,301.0,Veh'S Same Direction: Rear End,Rear-end,S,0,1,1,0,2,3,0,0,0,0,0,0
365870,Medical treatment,2018,February,Saturday,16,Overturned,Single Vehicle,151.83419230176,-26.3008523189247,Lower Red Hill Rd,Lysdale Rd,,Wondai,South Burnett Region,4606,Wondai,Darling Downs,Southern,Southern,Southern Queensland,Kingaroy Region - North,Burnett,Wide Bay,Outer Regional,Nanango,Flynn,Locally-controlled,Intersection - Cross,No traffic control,80 - 90 km/h,Unsealed - Dry,Clear,Daylight,Straight,Level,707.0,Off Path-Straight: Right Turn,Off carriageway on straight,W,0,0,1,0,1,1,0,0,0,0,0,0
365871,Hospitalisation,2018,April,Saturday,10,Fall from vehicle,Single Vehicle,151.7793712996,-26.367110314217,Chinchilla - Wondai Rd,Unknown,Chinchilla - Wondai Road,Cushnie,South Burnett Region,4608,Wondai,Darling Downs,Southern,Southern,Southern Queensland,Kingaroy Region - North,Burnett,Wide Bay,Outer Regional,Nanango,Flynn,State-controlled,No Roadway Feature,No traffic control,100 - 110 km/h,Sealed - Dry,Clear,Daylight,Straight,Level,705.0,Off Path-Straight:Out Of Control On Cway,Out of control on straight,W,0,1,0,0,1,0,1,0,0,0,0,0
365872,Minor injury,2018,September,Saturday,17,Sideswipe,Multi-Vehicle,151.843270296093,-26.3410353201148,Bunya Hwy,Unknown,Bunya Highway (Kingaroy - Goomeri),Wondai,South Burnett Region,4606,Wondai,Darling Downs,Southern,Southern,Southern Queensland,Kingaroy Region - North,Burnett,Wide Bay,Outer Regional,Nanango,Flynn,State-controlled,Intersection - T-Junction,No traffic control,100 - 110 km/h,Sealed - Dry,Clear,Dawn/Dusk,Straight,Grade,104.0,Veh'S Adjacent Approach: Thru-Right,Intersection from adjacent approaches,S,0,0,0,1,1,1,0,1,0,0,0,0
365873,Hospitalisation,2018,September,Tuesday,19,Hit object,Single Vehicle,151.544202343066,-26.2018812905608,Proston - Boondooma Rd,Unknown,Proston - Boondooma Road,Okeden,South Burnett Region,4613,Proston,Darling Downs,Southern,Southern,Southern Queensland,Kingaroy Region - North,Burnett,Wide Bay,Outer Regional,Nanango,Flynn,State-controlled,No Roadway Feature,No traffic control,100 - 110 km/h,Sealed - Wet,Raining,Darkness - Not lighted,Curved - view open,Grade,803.0,Off Path-Curve: Off Cway Rt Bend Hit Obj,Off carriageway on curve hit object,S,0,1,0,0,1,1,0,0,0,0,0,0
365874,Hospitalisation,2018,November,Friday,15,Rear-end,Multi-Vehicle,151.867938295978,-26.3205103223122,Greenview Rd,Haly St,Bunya Highway (Kingaroy - Goomeri),Wondai,South Burnett Region,4606,Wondai,Darling Downs,Southern,Southern,Southern Queensland,Kingaroy Region - North,Burnett,Wide Bay,Outer Regional,Nanango,Flynn,State-controlled,Intersection - T-Junction,No traffic control,60 km/h,Sealed - Dry,Clear,Daylight,Curved - view open,Level,303.0,Veh'S Same Direction: Right Rear,Rear-end,S,0,1,0,0,1,1,1,0,0,0,0,0
365875,Medical treatment,2019,January,Wednesday,9,Hit object,Single Vehicle,151.885122301944,-26.2549753234339,Bunya Hwy,Unknown,Bunya Highway (Kingaroy - Goomeri),Ficks Crossing,South Burnett Region,4606,Wondai,Darling Downs,Southern,Southern,Southern Queensland,Kingaroy Region - North,Burnett,Wide Bay,Outer Regional,Nanango,Flynn,State-controlled,No Roadway Feature,No traffic control,100 - 110 km/h,Sealed - Dry,Clear,Daylight,Straight,Level,502.0,Veh'S Overtaking: Out Of Control,Off carriageway on straight,N,0,0,1,0,1,1,0,0,0,0,0,0
365876,Medical treatment,2019,January,Sunday,16,Angle,Multi-Vehicle,151.873665207564,-26.319034543849,Scott St,Unknown,,Wondai,South Burnett Region,4606,Wondai,Darling Downs,Southern,Southern,Southern Queensland,Kingaroy Region - North,Burnett,Wide Bay,Outer Regional,Nanango,Flynn,Locally-controlled,No Roadway Feature,No traffic control,0 - 50 km/h,Sealed - Dry,Clear,Daylight,Straight,Level,408.0,Veh'S Manoeuvring: Entering From Footway,Vehicle leaving driveway,E,0,0,1,0,1,2,0,0,0,0,0,0
365877,Hospitalisation,2019,February,Thursday,7,Head-on,Multi-Vehicle,151.853816296237,-26.3306173210408,Bunya Hwy,Unknown,Bunya Highway (Kingaroy - Goomeri),Wondai,South Burnett Region,4606,Wondai,Darling Downs,Southern,Southern,Southern Queensland,Kingaroy Region - North,Burnett,Wide Bay,Outer Regional,Nanango,Flynn,State-controlled,No Roadway Feature,No traffic control,100 - 110 km/h,Sealed - Dry,Clear,Daylight,Straight,Level,201.0,Veh'S Opposite Approach: Head On,Head-on,N,0,1,0,0,1,3,0,0,0,0,0,0
365878,Hospitalisation,2019,February,Sunday,11,Overturned,Single Vehicle,151.872497300121,-26.2814083224358,Bunya Hwy,Unknown,Bunya Highway (Kingaroy - Goomeri),Wondai,South Burnett Region,4606,Wondai,Darling Downs,Southern,Southern,Southern Queensland,Kingaroy Region - North,Burnett,Wide Bay,Outer Regional,Nanango,Flynn,State-controlled,No Roadway Feature,No traffic control,100 - 110 km/h,Sealed - Dry,Clear,Daylight,Straight,Level,705.0,Off Path-Straight:Out Of Control On Cway,Out of control on straight,S,0,1,0,1,2,1,0,0,0,0,0,0
365879,Medical treatment,2019,February,Monday,15,Overturned,Single Vehicle,151.807524296505,-26.3687693169187,Tingoora Loop Rd,Unknown,,Tingoora,South Burnett Region,4608,Wondai,Darling Downs,Southern,Southern,Southern Queensland,Kingaroy Region - North,Burnett,Wide Bay,Outer Regional,Nanango,Flynn,Locally-controlled,No Roadway Feature,No traffic control,100 - 110 km/h,Sealed - Dry,Clear,Daylight,Curved - view open,Grade,802.0,Off Path-Curve: Off Cway Left Bend,Off carriageway on curve,N,0,0,1,0,1,1,0,0,0,0,0,0
365880,Hospitalisation,2019,April,Tuesday,19,Struck by external load,Other,151.722772574994,-26.2428694858274,Mt Mceuen Rd,Unknown,,Mount Mceuen,South Burnett Region,4606,Wondai,Darling Downs,Southern,Southern,Southern Queensland,Kingaroy Region - North,Burnett,Wide Bay,Outer Regional,Nanango,Flynn,Locally-controlled,No Roadway Feature,No traffic control,60 km/h,Unsealed - Wet,Fog,Darkness - Not lighted,Curved - view obscured,Level,803.0,Off Path-Curve: Off Cway Rt Bend Hit Obj,Off carriageway on curve hit object,E,0,2,0,0,2,1,0,0,0,0,0,0
365881,Hospitalisation,2019,July,Wednesday,17,Rear-end,Multi-Vehicle,151.888152302504,-26.2475873236652,Bunya Hwy,Kangaroo Yard Rd,Bunya Highway (Kingaroy - Goomeri),Ficks Crossing,South Burnett Region,4606,Wondai,Darling Downs,Southern,Southern,Southern Queensland,Kingaroy Region - North,Burnett,Wide Bay,Outer Regional,Nanango,Flynn,State-controlled,Intersection - T-Junction,No traffic control,100 - 110 km/h,Sealed - Dry,Clear,Darkness - Not lighted,Straight,Grade,303.0,Veh'S Same Direction: Right Rear,Rear-end,S,0,2,0,0,2,2,0,0,0,0,0,0
365882,Hospitalisation,2019,July,Sunday,15,Hit object,Single Vehicle,151.470356333131,-26.3528572848007,Chinchilla - Wondai Rd,Unknown,Chinchilla - Wondai Road,Ballogie,South Burnett Region,4610,Wondai,Darling Downs,Southern,Southern,Southern Queensland,Kingaroy Region - North,Burnett,Wide Bay,Outer Regional,Nanango,Flynn,State-controlled,No Roadway Feature,No traffic control,100 - 110 km/h,Sealed - Dry,Clear,Daylight,Curved - view open,Grade,804.0,Off Path-Curve: Off Cway Lt Bend Hit Obj,Off carriageway on curve hit object,W,0,1,0,0,1,1,0,0,0,0,0,0
365883,Fatal,2019,August,Saturday,14,Hit object,Single Vehicle,151.347416340074,-26.4026572736459,Chinchilla - Wondai Rd,Unknown,Chinchilla - Wondai Road,Chahpingah,South Burnett Region,4610,Wondai,Darling Downs,Southern,Southern,Southern Queensland,Kingaroy Region - North,Burnett,Wide Bay,Outer Regional,Nanango,Flynn,State-controlled,No Roadway Feature,No traffic control,100 - 110 km/h,Sealed - Dry,Clear,Daylight,Straight,Level,705.0,Off Path-Straight:Out Of Control On Cway,Out of control on straight,W,1,4,0,0,5,1,0,0,0,0,0,0
365884,Hospitalisation,2019,October,Saturday,15,Hit animal,Other,151.634238231155,-26.1649209627891,Wondai - Proston Rd,Unknown,Wondai - Proston Road,Kinleymore,South Burnett Region,4613,Proston,Darling Downs,Southern,Southern,Southern Queensland,Kingaroy Region - North,Burnett,Wide Bay,Outer Regional,Nanango,Flynn,State-controlled,No Roadway Feature,No traffic control,100 - 110 km/h,Sealed - Dry,Clear,Daylight,Curved - view open,Level,609.0,Pass & Misc: Hit Animal,Hit animal,E,0,1,0,0,1,0,1,0,0,0,0,0
365885,Hospitalisation,2020,January,Saturday,11,Fall from vehicle,Single Vehicle,151.298006345775,-26.3976062689796,Chinchilla - Wondai Rd,Unknown,Chinchilla - Wondai Road,Durong,South Burnett Region,4610,Wondai,Darling Downs,Southern,Southern,Southern Queensland,Kingaroy Region - North,Burnett,Wide Bay,Outer Regional,Nanango,Flynn,State-controlled,No Roadway Feature,No traffic control,100 - 110 km/h,Sealed - Dry,Clear,Daylight,Curved - view open,Crest,805.0,Off Path-Curve: Out Of Control On Cway,Out of control on curve,E,0,1,0,0,1,0,1,0,0,0,0,0
365886,Fatal,2020,March,Sunday,11,Hit object,Single Vehicle,151.885168302003,-26.254434323434,Bunya Hwy,Unknown,Bunya Highway (Kingaroy - Goomeri),Ficks Crossing,South Burnett Region,4606,Wondai,Darling Downs,Southern,Southern,Southern Queensland,Kingaroy Region - North,Burnett,Wide Bay,Outer Regional,Nanango,Flynn,State-controlled,No Roadway Feature,No traffic control,100 - 110 km/h,Sealed - Dry,Clear,Daylight,Straight,Level,703.0,Off Path-Straight: Left Off Cway Hit Obj,Off carriageway on straight hit object,S,2,0,0,0,2,1,0,0,0,0,0,0
365887,Fatal,2020,May,Saturday,19,Fall from vehicle,Single Vehicle,151.875732295724,-26.3158733230218,Haly St,Unknown,,Wondai,South Burnett Region,4606,Wondai,Darling Downs,Southern,Southern,Southern Queensland,Kingaroy Region - North,Burnett,Wide Bay,Outer Regional,Nanango,Flynn,Locally-controlled,No Roadway Feature,No traffic control,0 - 50 km/h,Sealed - Dry,Clear,Darkness - Lighted,Straight,Level,901.0,Pass & Misc: Fell In/From Vehicle,Other,,1,0,0,0,1,1,0,0,0,0,0,0
365888,Hospitalisation,2020,May,Thursday,5,Sideswipe,Multi-Vehicle,151.839130295089,-26.3531693198158,Bunya Hwy,Unknown,Bunya Highway (Kingaroy - Goomeri),Tingoora,South Burnett Region,4608,Wondai,Darling Downs,Southern,Southern,Southern Queensland,Kingaroy Region - North,Burnett,Wide Bay,Outer Regional,Nanango,Flynn,State-controlled,No Roadway Feature,No traffic control,100 - 110 km/h,Sealed - Dry,Clear,Dawn/Dusk,Curved - view open,Level,503.0,Veh'S Overtaking: Pulling Out,Overtaking same direction,S,0,1,0,0,1,2,0,1,0,0,0,0
365889,Hospitalisation,2020,May,Friday,18,Hit animal,Other,151.741436306942,-26.3378673103655,Cushnie Rd,Unknown,,Cushnie,South Burnett Region,4608,Wondai,Darling Downs,Southern,Southern,Southern Queensland,Kingaroy Region - North,Burnett,Wide Bay,Outer Regional,Nanango,Flynn,Locally-controlled,No Roadway Feature,No traffic control,100 - 110 km/h,Sealed - Dry,Clear,Darkness - Not lighted,Straight,Level,609.0,Pass & Misc: Hit Animal,Hit animal,S,0,3,0,0,3,1,0,0,0,0,0,0
365890,Hospitalisation,2020,August,Sunday,10,Angle,Multi-Vehicle,151.817831295056,-26.37205931793,Bunya Hwy,Chinchilla - Wondai Rd,Bunya Highway (Kingaroy - Goomeri),Tingoora,South Burnett Region,4608,Wondai,Darling Downs,Southern,Southern,Southern Queensland,Kingaroy Region - North,Burnett,Wide Bay,Outer Regional,Nanango,Flynn,State-controlled,Intersection - T-Junction,Give way sign,100 - 110 km/h,Sealed - Dry,Clear,Daylight,Straight,Level,105.0,Veh'S Adjacent Approach: Right-Right,Intersection from adjacent approaches,E,0,1,0,0,1,2,0,0,0,0,0,0
365891,Hospitalisation,2020,September,Saturday,11,Overturned,Single Vehicle,151.486542331018,-26.3566642863565,Chinchilla - Wondai Rd,Unknown,Chinchilla - Wondai Road,Ballogie,South Burnett Region,4610,Wondai,Darling Downs,Southern,Southern,Southern Queensland,Kingaroy Region - North,Burnett,Wide Bay,Outer Regional,Nanango,Flynn,State-controlled,No Roadway Feature,No traffic control,100 - 110 km/h,Sealed - Dry,Clear,Daylight,Straight,Level,701.0,Off Path-Straight: Left Off Cway,Off carriageway on straight,E,0,1,0,0,1,1,0,0,0,0,0,0
365892,Hospitalisation,2020,September,Tuesday,7,Overturned,Single Vehicle,151.524529328514,-26.3444912898434,T H Burns Rd,Unknown,,Ballogie,South Burnett Region,4610,Wondai,Darling Downs,Southern,Southern,Southern Queensland,Kingaroy Region - North,Burnett,Wide Bay,Outer Regional,Nanango,Flynn,Locally-controlled,No Roadway Feature,No traffic control,100 - 110 km/h,Sealed - Dry,Clear,Daylight,Curved - view open,Level,805.0,Off Path-Curve: Out Of Control On Cway,Out of control on curve,E,0,1,0,0,1,1,0,0,0,0,0,0
365893,Hospitalisation,2020,September,Monday,14,Hit object,Single Vehicle,151.750543428047,-26.1498203097271,Hivesville - Windera Rd,Unknown,,Marshlands,South Burnett Region,4611,Proston,Darling Downs,Southern,Southern,Southern Queensland,Kingaroy Region - North,Burnett,Wide Bay,Outer Regional,Nanango,Flynn,Locally-controlled,No Roadway Feature,No traffic control,100 - 110 km/h,Sealed - Dry,Clear,Daylight,Curved - view open,Level,803.0,Off Path-Curve: Off Cway Rt Bend Hit Obj,Off carriageway on curve hit object,E,0,1,0,0,1,1,0,0,0,0,0,0
365894,Hospitalisation,2020,October,Saturday,16,Hit object,Single Vehicle,151.877902293438,-26.3333633233697,Old Wondai Rd,Unknown,,Charlestown,South Burnett Region,4608,Wondai,Darling Downs,Southern,Southern,Southern Queensland,Kingaroy Region - North,Burnett,Wide Bay,Outer Regional,Nanango,Flynn,Locally-controlled,No Roadway Feature,No traffic control,100 - 110 km/h,Unsealed - Dry,Clear,Daylight,Curved - view obscured,Grade,803.0,Off Path-Curve: Off Cway Rt Bend Hit Obj,Off carriageway on curve hit object,S,0,1,0,0,1,1,0,0,0,0,0,0
365895,Minor injury,2020,October,Tuesday,6,Hit object,Single Vehicle,151.701386308302,-26.3614373067409,Chinchilla - Wondai Rd,Unknown,Chinchilla - Wondai Road,Cushnie,South Burnett Region,4608,Wondai,Darling Downs,Southern,Southern,Southern Queensland,Kingaroy Region - North,Burnett,Wide Bay,Outer Regional,Nanango,Flynn,State-controlled,No Roadway Feature,No traffic control,100 - 110 km/h,Sealed - Dry,Clear,Daylight,Curved - view open,Level,803.0,Off Path-Curve: Off Cway Rt Bend Hit Obj,Off carriageway on curve hit object,E,0,0,0,1,1,1,0,0,0,0,0,0
365896,Hospitalisation,2020,December,Sunday,9,Angle,Multi-Vehicle,151.866571299961,-26.2879153219203,Bunya Hwy,Wondai - Proston Rd,Bunya Highway (Kingaroy - Goomeri),Wondai,South Burnett Region,4606,Wondai,Darling Downs,Southern,Southern,Southern Queensland,Kingaroy Region - North,Burnett,Wide Bay,Outer Regional,Nanango,Flynn,State-controlled,Intersection - T-Junction,Give way sign,100 - 110 km/h,Sealed - Dry,Clear,Daylight,Curved - view open,Level,104.0,Veh'S Adjacent Approach: Thru-Right,Intersection from adjacent approaches,N,0,2,0,0,2,2,0,0,0,0,0,0
365897,Medical treatment,2020,December,Thursday,15,Rear-end,Multi-Vehicle,151.852092296088,-26.3333863208979,Bunya Hwy,Wesslings Rd,Bunya Highway (Kingaroy - Goomeri),Wondai,South Burnett Region,4606,Wondai,Darling Downs,Southern,Southern,Southern Queensland,Kingaroy Region - North,Burnett,Wide Bay,Outer Regional,Nanango,Flynn,State-controlled,Intersection - T-Junction,No traffic control,100 - 110 km/h,Sealed - Dry,Clear,Daylight,Straight,Level,302.0,Veh'S Same Direction: Left Rear,Rear-end,W,0,0,1,0,1,2,0,0,0,0,0,0
365898,Fatal,2021,January,Friday,11,Angle,Multi-Vehicle,151.737731304525,-26.3617113102032,Chinchilla - Wondai Rd,Cushnie Rd,Chinchilla - Wondai Road,Cushnie,South Burnett Region,4608,Wondai,Darling Downs,Southern,Southern,Southern Queensland,Kingaroy Region - North,Burnett,Wide Bay,Outer Regional,Nanango,Flynn,State-controlled,Intersection - Cross,Give way sign,100 - 110 km/h,Sealed - Dry,Clear,Daylight,Straight,Level,101.0,Veh'S Adjacent Approach: Thru-Thru,Intersection from adjacent approaches,S,1,3,0,0,4,2,0,0,0,0,0,0
365899,Hospitalisation,2021,February,Wednesday,11,Angle,Multi-Vehicle,151.881070294749,-26.3194933235623,Wondai Rd,Kent St,,Wondai,South Burnett Region,4606,Wondai,Darling Downs,Southern,Southern,Southern Queensland,Kingaroy Region - North,Burnett,Wide Bay,Outer Regional,Nanango,Flynn,Locally-controlled,Intersection - Cross,No traffic control,0 - 50 km/h,Sealed - Dry,Clear,Daylight,Straight,Level,101.0,Veh'S Adjacent Approach: Thru-Thru,Intersection from adjacent approaches,W,0,1,0,0,1,2,0,0,0,0,0,0
365900,Medical treatment,2021,February,Wednesday,7,Angle,Multi-Vehicle,151.815018311077,-26.2383473165907,Beers Rd,Flats Rd,,Chelmsford,South Burnett Region,4606,Wondai,Darling Downs,Southern,Southern,Southern Queensland,Kingaroy Region - North,Burnett,Wide Bay,Outer Regional,Nanango,Flynn,Locally-controlled,Intersection - Cross,Give way sign,100 - 110 km/h,Sealed - Dry,Clear,Daylight,Straight,Level,107.0,Veh'S Adjacent Approach: Thru-Left,Intersection from adjacent approaches,E,0,0,1,0,1,1,0,1,0,0,0,0
365901,Medical treatment,2021,March,Wednesday,11,Hit object,Single Vehicle,151.804736297407,-26.3635473166105,Tingoora-Chelmsford Rd,Unknown,,Tingoora,South Burnett Region,4608,Wondai,Darling Downs,Southern,Southern,Southern Queensland,Kingaroy Region - North,Burnett,Wide Bay,Outer Regional,Nanango,Flynn,Locally-controlled,No Roadway Feature,No traffic control,80 - 90 km/h,Sealed - Dry,Clear,Daylight,Curved - view obscured,Grade,803.0,Off Path-Curve: Off Cway Rt Bend Hit Obj,Off carriageway on curve hit object,W,0,0,1,0,1,1,0,0,0,0,0,0
365902,Hospitalisation,2021,May,Friday,2,Hit object,Single Vehicle,151.56300632306,-26.3572462935815,Chinchilla - Wondai Rd,Unknown,Chinchilla - Wondai Road,Ballogie,South Burnett Region,4610,Wondai,Darling Downs,Southern,Southern,Southern Queensland,Kingaroy Region - North,Burnett,Wide Bay,Outer Regional,Nanango,Flynn,State-controlled,No Roadway Feature,No traffic control,100 - 110 km/h,Sealed - Dry,Clear,Darkness - Not lighted,Straight,Level,703.0,Off Path-Straight: Left Off Cway Hit Obj,Off carriageway on straight hit object,E,0,1,0,0,1,1,0,0,0,0,0,0
365903,Fatal,2021,June,Wednesday,21,Rear-end,Multi-Vehicle,151.762160228627,-26.3649510665577,Chinchilla - Wondai Rd,Unknown,Chinchilla - Wondai Road,Cushnie,South Burnett Region,4608,Wondai,Darling Downs,Southern,Southern,Southern Queensland,Kingaroy Region - North,Burnett,Wide Bay,Outer Regional,Nanango,Flynn,State-controlled,No Roadway Feature,No traffic control,100 - 110 km/h,Sealed - Dry,Clear,Darkness - Not lighted,Straight,Grade,300.0,Veh'S Same Direction: Other,Other,W,1,0,0,0,1,0,0,0,0,0,0,2
365904,Hospitalisation,2021,June,Monday,9,Angle,Multi-Vehicle,151.871832295842,-26.3182733226674,Haly St,Unknown,Bunya Highway (Kingaroy - Goomeri),Wondai,South Burnett Region,4606,Wondai,Darling Downs,Southern,Southern,Southern Queensland,Kingaroy Region - North,Burnett,Wide Bay,Outer Regional,Nanango,Flynn,State-controlled,No Roadway Feature,No traffic control,60 km/h,Sealed - Dry,Clear,Daylight,Straight,Level,408.0,Veh'S Manoeuvring: Entering From Footway,Vehicle leaving driveway,S,0,1,0,0,1,2,0,0,0,0,0,0
365905,Hospitalisation,2021,June,Monday,12,Angle,Multi-Vehicle,151.812727309583,-26.2530613164896,Jacksons Rd,Tingoora-Chelmsford Rd,Wondai - Proston Road,Chelmsford,South Burnett Region,4606,Wondai,Darling Downs,Southern,Southern,Southern Queensland,Kingaroy Region - North,Burnett,Wide Bay,Outer Regional,Nanango,Flynn,State-controlled,Intersection - Cross,Stop sign,100 - 110 km/h,Sealed - Dry,Clear,Daylight,Straight,Level,101.0,Veh'S Adjacent Approach: Thru-Thru,Intersection from adjacent approaches,N,0,1,0,0,1,2,0,0,0,0,0,0
365906,Hospitalisation,2021,July,Friday,11,Angle,Multi-Vehicle,151.770407314737,-26.2460883123929,Wondai - Proston Rd,Unknown,Wondai - Proston Road,Leafdale,South Burnett Region,4606,Wondai,Darling Downs,Southern,Southern,Southern Queensland,Kingaroy Region - North,Burnett,Wide Bay,Outer Regional,Nanango,Flynn,State-controlled,Intersection - T-Junction,No traffic control,100 - 110 km/h,Sealed - Wet,Raining,Daylight,Curved - view open,Level,201.0,Veh'S Opposite Approach: Head On,Head-on,N,0,3,0,0,3,2,0,0,0,0,0,0
365907,Hospitalisation,2021,August,Tuesday,16,Rear-end,Multi-Vehicle,151.885800302185,-26.2523423234778,Bunya Hwy,Ficks Crossing Rd,Bunya Highway (Kingaroy - Goomeri),Ficks Crossing,South Burnett Region,4606,Wondai,Darling Downs,Southern,Southern,Southern Queensland,Kingaroy Region - North,Burnett,Wide Bay,Outer Regional,Nanango,Flynn,State-controlled,Intersection - T-Junction,No traffic control,100 - 110 km/h,Sealed - Dry,Clear,Daylight,Straight,Level,303.0,Veh'S Same Direction: Right Rear,Rear-end,W,0,1,0,1,2,2,0,0,0,0,0,0
365908,Hospitalisation,2021,December,Thursday,17,Hit animal,Other,151.88516530202,-26.2542933234326,Bunya Hwy,Unknown,Bunya Highway (Kingaroy - Goomeri),Ficks Crossing,South Burnett Region,4606,Wondai,Darling Downs,Southern,Southern,Southern Queensland,Kingaroy Region - North,Burnett,Wide Bay,Outer Regional,Nanango,Flynn,State-controlled,No Roadway Feature,No traffic control,100 - 110 km/h,Sealed - Dry,Clear,Daylight,Straight,Level,609.0,Pass & Misc: Hit Animal,Hit animal,N,0,1,0,0,1,0,1,0,0,0,0,0
365909,Medical treatment,2019,June,Friday,14,Angle,Multi-Vehicle,153.03491002985,-27.4960144461534,Ipswich Rd,Unknown,,Woolloongabba,Brisbane City,4102,Dutton Park,South Brisbane,Brisbane,SEQ South,Metropolitan,Woolloongabba,Holland Park - Yeronga,Brisbane - South,Major Cities,South Brisbane,Griffith,Locally-controlled,No Roadway Feature,No traffic control,60 km/h,Sealed - Dry,Clear,Daylight,Curved - view open,Level,306.0,Veh'S Same Direction: Lane Change Right,Lane changes,S,0,0,1,0,1,2,0,0,0,0,0,0
365910,Hospitalisation,2019,June,Wednesday,20,Angle,Multi-Vehicle,153.021945033373,-27.4791414447184,Ernest St,Grey St,,South Brisbane,Brisbane City,4101,West End,South Brisbane,Brisbane,SEQ South,Metropolitan,South Brisbane,Brisbane Inner,Brisbane Inner City,Major Cities,South Brisbane,Griffith,Locally-controlled,Intersection - Roundabout,Give way sign,0 - 50 km/h,Sealed - Wet,Raining,Darkness - Lighted,Straight,Level,101.0,Veh'S Adjacent Approach: Thru-Thru,Intersection from adjacent approaches,S,0,1,0,0,1,2,0,0,0,0,0,0
365911,Medical treatment,2019,June,Thursday,18,Angle,Multi-Vehicle,153.027612030948,-27.493532445401,Annerley Rd,Nelson St,,Dutton Park,Brisbane City,4102,Dutton Park,South Brisbane,Brisbane,SEQ South,Metropolitan,Fairfield - Dutton Park,Holland Park - Yeronga,Brisbane - South,Major Cities,South Brisbane,Griffith,Locally-controlled,Intersection - T-Junction,No traffic control,0 - 50 km/h,Sealed - Dry,Clear,Darkness - Lighted,Curved - view open,Level,202.0,Veh'S Opposite Approach: Thru-Right,Opposing vehicles turning,S,0,0,1,0,1,1,1,0,0,0,0,0