Crash_Ref_Number,Crash_Severity,Crash_Year,Crash_Month,Crash_Day_Of_Week,Crash_Hour,Crash_Nature,Crash_Type,Crash_Longitude,Crash_Latitude,Crash_Street,Crash_Street_Intersecting,State_Road_Name,Loc_Suburb,Loc_Local_Government_Area,Loc_Post_Code,Loc_Police_Division,Loc_Police_District,Loc_Police_Region,Loc_Queensland_Transport_Region,Loc_Main_Roads_Region,Loc_ABS_Statistical_Area_2,Loc_ABS_Statistical_Area_3,Loc_ABS_Statistical_Area_4,Loc_ABS_Remoteness,Loc_State_Electorate,Loc_Federal_Electorate,Crash_Controlling_Authority,Crash_Roadway_Feature,Crash_Traffic_Control,Crash_Speed_Limit,Crash_Road_Surface_Condition,Crash_Atmospheric_Condition,Crash_Lighting_Condition,Crash_Road_Horiz_Align,Crash_Road_Vert_Align,Crash_DCA_Code,Crash_DCA_Description,Crash_DCA_Group_Description,DCA_Key_Approach_Dir,Count_Casualty_Fatality,Count_Casualty_Hospitalised,Count_Casualty_MedicallyTreated,Count_Casualty_MinorInjury,Count_Casualty_Total,Count_Unit_Car,Count_Unit_Motorcycle_Moped,Count_Unit_Truck,Count_Unit_Bus,Count_Unit_Bicycle,Count_Unit_Pedestrian,Count_Unit_Other
366006,Hospitalisation,2019,November,Thursday,11,Sideswipe,Multi-Vehicle,153.035650032633,-27.4733454460485,Main St,Unknown,,Kangaroo Point,Brisbane City,4169,Dutton Park,South Brisbane,Brisbane,SEQ South,Metropolitan,Kangaroo Point,Brisbane Inner,Brisbane Inner City,Major Cities,South Brisbane,Griffith,Locally-controlled,Intersection - Interchange,No traffic control,60 km/h,Sealed - Dry,Clear,Daylight,Curved - view open,Grade,307.0,Veh'S Same Direction: Lane Change Left,Lane changes,N,0,2,0,0,2,1,0,0,0,0,0,1
366007,Hospitalisation,2019,November,Friday,8,Rear-end,Multi-Vehicle,153.035732031969,-27.4785384460978,Main St,Paton St,,Kangaroo Point,Brisbane City,4169,Dutton Park,South Brisbane,Brisbane,SEQ South,Metropolitan,Kangaroo Point,Brisbane Inner,Brisbane Inner City,Major Cities,South Brisbane,Griffith,Locally-controlled,Intersection - Cross,No traffic control,60 km/h,Sealed - Dry,Clear,Daylight,Straight,Level,307.0,Veh'S Same Direction: Lane Change Left,Lane changes,S,0,1,0,0,1,1,0,0,1,0,0,0
366008,Medical treatment,2019,November,Friday,18,Hit object,Single Vehicle,153.035870891866,-27.4871569281799,Ipswich Rd,Unknown,,Woolloongabba,Brisbane City,4102,Dutton Park,South Brisbane,Brisbane,SEQ South,Metropolitan,Woolloongabba,Holland Park - Yeronga,Brisbane - South,Major Cities,South Brisbane,Griffith,Locally-controlled,No Roadway Feature,No traffic control,60 km/h,Sealed - Dry,Clear,Darkness - Lighted,Straight,Level,703.0,Off Path-Straight: Left Off Cway Hit Obj,Off carriageway on straight hit object,N,0,0,1,0,1,1,0,0,0,0,0,0
366009,Medical treatment,2019,November,Tuesday,15,Rear-end,Multi-Vehicle,153.03014067315,-27.4818605635627,South East Arterial Rd,Unknown,South-East Arterial Road (Pacific Motorway),Kangaroo Point,Brisbane City,4169,Dutton Park,South Brisbane,Brisbane,SEQ South,Metropolitan,South Brisbane,Brisbane Inner,Brisbane Inner City,Major Cities,South Brisbane,Griffith,State-controlled,No Roadway Feature,No traffic control,80 - 90 km/h,Sealed - Dry,Clear,Daylight,Straight,Level,301.0,Veh'S Same Direction: Rear End,Rear-end,S,0,0,1,1,2,3,0,0,0,0,0,0
366010,Medical treatment,2019,November,Tuesday,19,Rear-end,Multi-Vehicle,153.035851031414,-27.4828344461437,Main St,Princess St,,Kangaroo Point,Brisbane City,4169,Dutton Park,South Brisbane,Brisbane,SEQ South,Metropolitan,Kangaroo Point,Brisbane Inner,Brisbane Inner City,Major Cities,South Brisbane,Griffith,Locally-controlled,Intersection - Cross,Operating traffic lights,60 km/h,Sealed - Dry,Clear,Daylight,Straight,Level,302.0,Veh'S Same Direction: Left Rear,Rear-end,S,0,0,1,0,1,2,0,0,0,0,0,0
366011,Hospitalisation,2019,November,Thursday,3,Angle,Multi-Vehicle,153.035890030947,-27.4864954461766,Ipswich Rd,Stanley St,,Woolloongabba,Brisbane City,4102,Dutton Park,South Brisbane,Brisbane,SEQ South,Metropolitan,Woolloongabba,Holland Park - Yeronga,Brisbane - South,Major Cities,South Brisbane,Griffith,Locally-controlled,Intersection - Cross,Operating traffic lights,60 km/h,Sealed - Dry,Clear,Darkness - Lighted,Straight,Level,101.0,Veh'S Adjacent Approach: Thru-Thru,Intersection from adjacent approaches,S,0,1,0,0,1,2,0,0,0,0,0,0
366012,Medical treatment,2019,November,Wednesday,10,Rear-end,Multi-Vehicle,153.029507031745,-27.4856024455286,Stanley St,Unknown,,Woolloongabba,Brisbane City,4102,Dutton Park,South Brisbane,Brisbane,SEQ South,Metropolitan,South Brisbane,Brisbane Inner,Brisbane Inner City,Major Cities,South Brisbane,Griffith,Locally-controlled,No Roadway Feature,No traffic control,60 km/h,Sealed - Dry,Clear,Daylight,Straight,Level,301.0,Veh'S Same Direction: Rear End,Rear-end,W,0,0,1,0,1,2,0,0,0,0,0,0
366013,Minor injury,2019,November,Wednesday,15,Hit pedestrian,Hit pedestrian,153.040487030825,-27.483552446615,Princess St,Wellington Rd,,East Brisbane,Brisbane City,4169,Dutton Park,South Brisbane,Brisbane,SEQ South,Metropolitan,East Brisbane,Brisbane Inner - East,Brisbane Inner City,Major Cities,South Brisbane,Griffith,Locally-controlled,Intersection - T-Junction,Give way sign,0 - 50 km/h,Sealed - Dry,Clear,Daylight,Straight,Level,1.0,Ped'N: Near Side Vehicle Hit From Right,Pedestrian,E,0,0,0,1,1,1,0,0,0,0,1,0
366014,Hospitalisation,2019,November,Friday,18,Sideswipe,Multi-Vehicle,153.035511030478,-27.4905314461704,Ipswich Rd,Unknown,,Woolloongabba,Brisbane City,4102,Dutton Park,South Brisbane,Brisbane,SEQ South,Metropolitan,Woolloongabba,Holland Park - Yeronga,Brisbane - South,Major Cities,South Brisbane,Griffith,Locally-controlled,No Roadway Feature,No traffic control,60 km/h,Sealed - Dry,Clear,Daylight,Straight,Level,307.0,Veh'S Same Direction: Lane Change Left,Lane changes,S,0,1,0,0,1,1,1,0,0,0,0,0
366015,Medical treatment,2019,November,Saturday,14,Sideswipe,Multi-Vehicle,153.021020032838,-27.4841624446653,Brook St,Unknown,,South Brisbane,Brisbane City,4101,West End,South Brisbane,Brisbane,SEQ South,Metropolitan,South Brisbane,Brisbane Inner,Brisbane Inner City,Major Cities,South Brisbane,Griffith,Locally-controlled,No Roadway Feature,No traffic control,0 - 50 km/h,Sealed - Dry,Clear,Daylight,Straight,Level,308.0,Veh'S Same Direction: Right Turn S/Swipe,Parallel lanes turning,W,0,0,1,0,1,2,0,0,0,0,0,0
366016,Medical treatment,2019,December,Monday,14,Rear-end,Multi-Vehicle,153.036998029821,-27.4944744463509,South East Arterial Rd,Unknown,South-East Arterial Road (Pacific Motorway),Woolloongabba,Brisbane City,4102,Dutton Park,South Brisbane,Brisbane,SEQ South,Metropolitan,Woolloongabba,Holland Park - Yeronga,Brisbane - South,Major Cities,South Brisbane,Griffith,State-controlled,No Roadway Feature,No traffic control,80 - 90 km/h,Sealed - Dry,Clear,Daylight,Straight,Level,301.0,Veh'S Same Direction: Rear End,Rear-end,E,0,0,1,0,1,3,0,0,0,0,0,0
366017,Medical treatment,2019,December,Monday,15,Rear-end,Multi-Vehicle,153.032844187726,-27.4829136028424,Leopard St,Unknown,,Kangaroo Point,Brisbane City,4169,Dutton Park,South Brisbane,Brisbane,SEQ South,Metropolitan,Kangaroo Point,Brisbane Inner,Brisbane Inner City,Major Cities,South Brisbane,Griffith,Locally-controlled,No Roadway Feature,No traffic control,60 km/h,Sealed - Dry,Clear,Daylight,Straight,Level,301.0,Veh'S Same Direction: Rear End,Rear-end,S,0,0,1,0,1,3,0,0,0,0,0,0
366018,Medical treatment,2019,December,Friday,8,Angle,Multi-Vehicle,153.01545603405,-27.4792914440684,Edmondstone St,Unknown,,South Brisbane,Brisbane City,4101,West End,South Brisbane,Brisbane,SEQ South,Metropolitan,South Brisbane,Brisbane Inner,Brisbane Inner City,Major Cities,South Brisbane,Griffith,Locally-controlled,No Roadway Feature,No traffic control,0 - 50 km/h,Sealed - Dry,Clear,Daylight,Straight,Level,0.0,Ped'N: Hit Other,Other,E,0,0,1,0,1,1,0,0,0,0,1,0
366019,Medical treatment,2019,December,Friday,13,Rear-end,Multi-Vehicle,153.019616034053,-27.4757274444577,Grey St,Russell St,,South Brisbane,Brisbane City,4101,West End,South Brisbane,Brisbane,SEQ South,Metropolitan,South Brisbane,Brisbane Inner,Brisbane Inner City,Major Cities,South Brisbane,Griffith,Locally-controlled,Intersection - Cross,Operating traffic lights,0 - 50 km/h,Sealed - Dry,Clear,Daylight,Straight,Level,302.0,Veh'S Same Direction: Left Rear,Rear-end,E,0,0,1,0,1,2,0,0,0,0,0,0
366020,Medical treatment,2019,December,Friday,15,Rear-end,Multi-Vehicle,153.035851031414,-27.4828344461437,Main St,Princess St,,Kangaroo Point,Brisbane City,4169,Dutton Park,South Brisbane,Brisbane,SEQ South,Metropolitan,Kangaroo Point,Brisbane Inner,Brisbane Inner City,Major Cities,South Brisbane,Griffith,Locally-controlled,Intersection - Cross,Operating traffic lights,60 km/h,Sealed - Dry,Clear,Daylight,Straight,Level,301.0,Veh'S Same Direction: Rear End,Rear-end,S,0,0,1,0,1,3,0,0,0,0,0,0
366021,Minor injury,2019,December,Friday,18,Rear-end,Multi-Vehicle,153.023252032986,-27.4810944448651,Grey St,Unknown,,South Brisbane,Brisbane City,4101,West End,South Brisbane,Brisbane,SEQ South,Metropolitan,South Brisbane,Brisbane Inner,Brisbane Inner City,Major Cities,South Brisbane,Griffith,Locally-controlled,No Roadway Feature,No traffic control,0 - 50 km/h,Sealed - Dry,Clear,Darkness - Lighted,Straight,Level,301.0,Veh'S Same Direction: Rear End,Rear-end,N,0,0,0,1,1,2,0,0,0,0,0,0
366022,Medical treatment,2019,December,Saturday,7,Hit object,Single Vehicle,153.035799032613,-27.4733754460637,Cairns St,Main St,,Kangaroo Point,Brisbane City,4169,Dutton Park,South Brisbane,Brisbane,SEQ South,Metropolitan,Kangaroo Point,Brisbane Inner,Brisbane Inner City,Major Cities,South Brisbane,Griffith,Locally-controlled,Intersection - T-Junction,Operating traffic lights,60 km/h,Sealed - Dry,Clear,Daylight,Straight,Dip,104.0,Veh'S Adjacent Approach: Thru-Right,Intersection from adjacent approaches,S,0,0,2,1,3,3,0,0,0,0,0,0
366023,Medical treatment,2019,December,Thursday,7,Rear-end,Multi-Vehicle,153.041992030171,-27.487453446797,Lisburn St,Stanley St East,,East Brisbane,Brisbane City,4169,Dutton Park,South Brisbane,Brisbane,SEQ South,Metropolitan,East Brisbane,Brisbane Inner - East,Brisbane Inner City,Major Cities,South Brisbane,Griffith,Locally-controlled,Intersection - Cross,Operating traffic lights,60 km/h,Sealed - Dry,Clear,Daylight,Straight,Level,303.0,Veh'S Same Direction: Right Rear,Rear-end,S,0,0,1,0,1,1,0,1,0,0,0,0
366024,Minor injury,2019,December,Thursday,13,Rear-end,Multi-Vehicle,153.043959031004,-27.4791814469292,Latrobe St,Lytton Rd,,East Brisbane,Brisbane City,4169,Dutton Park,South Brisbane,Brisbane,SEQ South,Metropolitan,East Brisbane,Brisbane Inner - East,Brisbane Inner City,Major Cities,South Brisbane,Griffith,Locally-controlled,Intersection - T-Junction,Operating traffic lights,60 km/h,Sealed - Dry,Clear,Daylight,Straight,Level,301.0,Veh'S Same Direction: Rear End,Rear-end,E,0,0,0,2,2,2,0,0,0,0,0,0
366025,Medical treatment,2019,December,Thursday,18,Angle,Multi-Vehicle,153.019097033478,-27.4807324444452,Cordelia St,Ernest St,,South Brisbane,Brisbane City,4101,West End,South Brisbane,Brisbane,SEQ South,Metropolitan,South Brisbane,Brisbane Inner,Brisbane Inner City,Major Cities,South Brisbane,Griffith,Locally-controlled,Intersection - Cross,Operating traffic lights,60 km/h,Sealed - Dry,Clear,Darkness - Lighted,Straight,Level,309.0,Veh'S Same Direction: Left Turn S/Swipe,Parallel lanes turning,N,0,0,1,0,1,1,1,0,0,0,0,0
366026,Medical treatment,2019,December,Sunday,21,Fall from vehicle,Single Vehicle,153.019447087372,-27.4733419064219,South East Busway,Unknown,South East Busway (Brisbane Cbd - Woolloongabba),South Brisbane,Brisbane City,4101,West End,South Brisbane,Brisbane,SEQ South,Metropolitan,South Brisbane,Brisbane Inner,Brisbane Inner City,Major Cities,South Brisbane,Griffith,State-controlled,No Roadway Feature,No traffic control,0 - 50 km/h,Sealed - Dry,Clear,Darkness - Lighted,Straight,Grade,901.0,Pass & Misc: Fell In/From Vehicle,Other,E,0,0,1,0,1,0,0,0,1,0,0,0
366027,Hospitalisation,2019,December,Tuesday,17,Rear-end,Multi-Vehicle,153.041331029377,-27.4942984467847,Logan Rd,Maynard St,,Woolloongabba,Brisbane City,4102,Dutton Park,South Brisbane,Brisbane,SEQ South,Metropolitan,Woolloongabba,Holland Park - Yeronga,Brisbane - South,Major Cities,South Brisbane,Griffith,Locally-controlled,Intersection - T-Junction,No traffic control,60 km/h,Sealed - Dry,Clear,Daylight,Curved - view open,Level,301.0,Veh'S Same Direction: Rear End,Rear-end,S,0,1,0,0,1,2,0,0,0,0,0,0
366028,Minor injury,2012,January,Tuesday,3,Hit object,Single Vehicle,151.131847003556,-25.3170532088138,Burnett Hwy,Unknown,Burnett Highway (Gayndah - Monto),Eidsvold,North Burnett Region,4627,Eidsvold,Wide Bay Burnett,North Coast,Southern,Southern Queensland,Monto - Eidsvold,Burnett,Wide Bay,Outer Regional,Callide,Flynn,State-controlled,No Roadway Feature,No traffic control,100 - 110 km/h,Sealed - Dry,Clear,Darkness - Not lighted,Straight,Grade,703.0,Off Path-Straight: Left Off Cway Hit Obj,Off carriageway on straight hit object,S,0,0,0,1,1,1,0,0,0,0,0,0
366029,Hospitalisation,2012,January,Sunday,13,Hit object,Single Vehicle,151.178672492242,-25.4297868020767,Burnett Hwy,Unknown,Burnett Highway (Gayndah - Monto),Grosvenor,North Burnett Region,4627,Eidsvold,Wide Bay Burnett,North Coast,Southern,Southern Queensland,Monto - Eidsvold,Burnett,Wide Bay,Outer Regional,Callide,Flynn,State-controlled,No Roadway Feature,No traffic control,100 - 110 km/h,Sealed - Dry,Clear,Daylight,Curved - view open,Level,804.0,Off Path-Curve: Off Cway Lt Bend Hit Obj,Off carriageway on curve hit object,S,0,1,0,0,1,1,0,0,0,0,0,0
366030,Hospitalisation,2012,February,Monday,15,Hit object,Single Vehicle,151.184721616526,-25.3510133600025,Hollywell Rd,Unknown,,Eidsvold East,North Burnett Region,4627,Eidsvold,Wide Bay Burnett,North Coast,Southern,Southern Queensland,Monto - Eidsvold,Burnett,Wide Bay,Outer Regional,Callide,Flynn,Locally-controlled,No Roadway Feature,No traffic control,100 - 110 km/h,Sealed - Dry,Clear,Daylight,Straight,Crest,703.0,Off Path-Straight: Left Off Cway Hit Obj,Off carriageway on straight hit object,W,0,1,0,0,1,1,0,0,0,0,0,0
366031,Hospitalisation,2012,October,Friday,16,Hit object,Single Vehicle,151.169273053774,-25.2022971743614,Burnett Hwy,Unknown,Burnett Highway (Gayndah - Monto),Cynthia,North Burnett Region,4627,Eidsvold,Wide Bay Burnett,North Coast,Southern,Southern Queensland,Monto - Eidsvold,Burnett,Wide Bay,Outer Regional,Callide,Flynn,State-controlled,No Roadway Feature,No traffic control,100 - 110 km/h,Sealed - Dry,Clear,Daylight,Curved - view open,Grade,803.0,Off Path-Curve: Off Cway Rt Bend Hit Obj,Off carriageway on curve hit object,S,0,1,0,0,1,1,0,0,0,0,0,0
366032,Hospitalisation,2012,November,Thursday,14,Overturned,Single Vehicle,150.610207230878,-25.3548253572374,Eidsvold - Theodore Rd,Unknown,Eidsvold - Theodore Road,Eidsvold West,North Burnett Region,4627,Eidsvold,Wide Bay Burnett,North Coast,Southern,Southern Queensland,Monto - Eidsvold,Burnett,Wide Bay,Remote,Callide,Flynn,State-controlled,No Roadway Feature,No traffic control,100 - 110 km/h,Sealed - Dry,Clear,Daylight,Straight,Grade,705.0,Off Path-Straight:Out Of Control On Cway,Out of control on straight,S,0,1,0,0,1,1,0,0,0,0,0,0
366033,Medical treatment,2012,December,Tuesday,2,Hit object,Single Vehicle,151.139406090383,-25.2407488778978,Burnett Hwy,Unknown,Burnett Highway (Gayndah - Monto),Cynthia,North Burnett Region,4627,Eidsvold,Wide Bay Burnett,North Coast,Southern,Southern Queensland,Monto - Eidsvold,Burnett,Wide Bay,Outer Regional,Callide,Flynn,State-controlled,No Roadway Feature,No traffic control,100 - 110 km/h,Sealed - Wet,Clear,Darkness - Not lighted,Straight,Level,704.0,Off Path-Straight:Right Off Cway Hit Obj,Off carriageway on straight hit object,S,0,0,1,0,1,1,0,0,0,0,0,0
366034,Hospitalisation,2013,February,Thursday,7,Sideswipe,Multi-Vehicle,151.124848376775,-25.339039040342,Burnett Hwy,Unknown,Burnett Highway (Gayndah - Monto),Eidsvold,North Burnett Region,4627,Eidsvold,Wide Bay Burnett,North Coast,Southern,Southern Queensland,Monto - Eidsvold,Burnett,Wide Bay,Outer Regional,Callide,Flynn,State-controlled,No Roadway Feature,No traffic control,100 - 110 km/h,Sealed - Dry,Clear,Daylight,Straight,Level,506.0,Veh'S Overtaking: Overtake-Right Turn,Overtaking same direction,S,0,1,0,0,1,0,1,1,0,0,0,0
366035,Medical treatment,2013,April,Tuesday,18,Hit animal,Other,150.598126534595,-25.3500971961032,Eidsvold - Theodore Rd,Unknown,Eidsvold - Theodore Road,Eidsvold West,North Burnett Region,4627,Eidsvold,Wide Bay Burnett,North Coast,Southern,Southern Queensland,Monto - Eidsvold,Burnett,Wide Bay,Remote,Callide,Flynn,State-controlled,No Roadway Feature,No traffic control,100 - 110 km/h,Sealed - Dry,Clear,Dawn/Dusk,Straight,Level,609.0,Pass & Misc: Hit Animal,Hit animal,W,0,0,1,0,1,1,0,0,0,0,0,0
366036,Hospitalisation,2013,April,Friday,6,Hit object,Single Vehicle,151.179761335012,-25.1465246228846,Burnett Hwy,Unknown,Burnett Highway (Gayndah - Monto),Abercorn,North Burnett Region,4627,Eidsvold,Wide Bay Burnett,North Coast,Southern,Southern Queensland,Monto - Eidsvold,Burnett,Wide Bay,Outer Regional,Callide,Flynn,State-controlled,No Roadway Feature,No traffic control,100 - 110 km/h,Sealed - Wet,Clear,Daylight,Straight,Level,704.0,Off Path-Straight:Right Off Cway Hit Obj,Off carriageway on straight hit object,S,0,2,0,2,4,1,0,0,0,0,0,0
366037,Hospitalisation,2013,April,Wednesday,17,Overturned,Single Vehicle,151.135086789052,-25.2207428403347,Burnett Hwy,Unknown,Burnett Highway (Gayndah - Monto),Cynthia,North Burnett Region,4627,Eidsvold,Wide Bay Burnett,North Coast,Southern,Southern Queensland,Monto - Eidsvold,Burnett,Wide Bay,Outer Regional,Callide,Flynn,State-controlled,No Roadway Feature,No traffic control,100 - 110 km/h,Sealed - Dry,Clear,Dawn/Dusk,Straight,Level,702.0,Off Path-Straight: Right Off Cway,Off carriageway on straight,S,0,1,0,0,1,1,0,0,0,0,0,0
366038,Hospitalisation,2013,August,Thursday,19,Hit object,Single Vehicle,151.176758489826,-25.4262818058703,Burnett Hwy,Unknown,Burnett Highway (Gayndah - Monto),Grosvenor,North Burnett Region,4627,Eidsvold,Wide Bay Burnett,North Coast,Southern,Southern Queensland,Monto - Eidsvold,Burnett,Wide Bay,Outer Regional,Callide,Flynn,State-controlled,No Roadway Feature,No traffic control,100 - 110 km/h,Sealed - Dry,Clear,Darkness - Not lighted,Curved - view open,Grade,803.0,Off Path-Curve: Off Cway Rt Bend Hit Obj,Off carriageway on curve hit object,S,0,3,0,0,3,1,0,0,0,0,0,0
366039,Hospitalisation,2013,September,Friday,12,Head-on,Multi-Vehicle,151.126043271464,-25.3318620903949,Burnett Hwy,Unknown,Burnett Highway (Gayndah - Monto),Eidsvold,North Burnett Region,4627,Eidsvold,Wide Bay Burnett,North Coast,Southern,Southern Queensland,Monto - Eidsvold,Burnett,Wide Bay,Outer Regional,Callide,Flynn,State-controlled,No Roadway Feature,No traffic control,100 - 110 km/h,Sealed - Dry,Clear,Daylight,Curved - view obscured,Crest,501.0,Veh'S Overtaking: Head On,Head-on,S,0,1,2,0,3,2,0,0,0,0,0,0
366040,Minor injury,2013,October,Wednesday,22,Hit object,Single Vehicle,151.154733476069,-25.3813382474593,Burnett Hwy,Unknown,Burnett Highway (Gayndah - Monto),Eidsvold,North Burnett Region,4627,Eidsvold,Wide Bay Burnett,North Coast,Southern,Southern Queensland,Monto - Eidsvold,Burnett,Wide Bay,Outer Regional,Callide,Flynn,State-controlled,No Roadway Feature,No traffic control,100 - 110 km/h,Sealed - Dry,Clear,Darkness - Not lighted,Curved - view open,Grade,803.0,Off Path-Curve: Off Cway Rt Bend Hit Obj,Off carriageway on curve hit object,E,0,0,0,1,1,1,0,0,0,0,0,0
366041,Minor injury,2014,March,Saturday,15,Overturned,Single Vehicle,151.201583498812,-25.1382572498483,Burnett Hwy,Unknown,Burnett Highway (Gayndah - Monto),Abercorn,North Burnett Region,4627,Eidsvold,Wide Bay Burnett,North Coast,Southern,Southern Queensland,Monto - Eidsvold,Burnett,Wide Bay,Outer Regional,Callide,Flynn,State-controlled,No Roadway Feature,No traffic control,100 - 110 km/h,Sealed - Dry,Clear,Daylight,Curved - view open,Grade,805.0,Off Path-Curve: Out Of Control On Cway,Out of control on curve,S,0,0,0,1,1,1,0,0,0,0,0,0
366042,Hospitalisation,2014,May,Saturday,16,Overturned,Single Vehicle,151.181186497862,-25.1644372481625,Burnett Hwy,Unknown,Burnett Highway (Gayndah - Monto),Abercorn,North Burnett Region,4627,Eidsvold,Wide Bay Burnett,North Coast,Southern,Southern Queensland,Monto - Eidsvold,Burnett,Wide Bay,Outer Regional,Callide,Flynn,State-controlled,No Roadway Feature,No traffic control,100 - 110 km/h,Sealed - Dry,Clear,Dawn/Dusk,Straight,Level,705.0,Off Path-Straight:Out Of Control On Cway,Out of control on straight,S,0,1,1,0,2,1,0,0,0,0,0,0
366043,Hospitalisation,2014,August,Tuesday,11,Hit object,Single Vehicle,151.129926479673,-25.3710772450725,Burnett Hwy,Unknown,Burnett Highway (Gayndah - Monto),Eidsvold,North Burnett Region,4627,Eidsvold,Wide Bay Burnett,North Coast,Southern,Southern Queensland,Monto - Eidsvold,Burnett,Wide Bay,Outer Regional,Callide,Flynn,State-controlled,No Roadway Feature,No traffic control,60 km/h,Sealed - Dry,Clear,Daylight,Curved - view open,Dip,804.0,Off Path-Curve: Off Cway Lt Bend Hit Obj,Off carriageway on curve hit object,N,0,1,1,0,2,1,0,0,0,0,0,0
366044,Medical treatment,2014,October,Monday,13,Overturned,Single Vehicle,151.174446470663,-25.41202724954,Burnett Hwy,Unknown,Burnett Highway (Gayndah - Monto),Grosvenor,North Burnett Region,4627,Eidsvold,Wide Bay Burnett,North Coast,Southern,Southern Queensland,Monto - Eidsvold,Burnett,Wide Bay,Outer Regional,Callide,Flynn,State-controlled,No Roadway Feature,No traffic control,100 - 110 km/h,Sealed - Dry,Clear,Daylight,Straight,Level,703.0,Off Path-Straight: Left Off Cway Hit Obj,Off carriageway on straight hit object,N,0,0,1,0,1,1,0,0,0,0,0,0
366045,Hospitalisation,2015,March,Saturday,9,Head-on,Multi-Vehicle,150.914721508375,-25.3042932246487,Old Rawbelle Rd,Unknown,,Eidsvold West,North Burnett Region,4627,Eidsvold,Wide Bay Burnett,North Coast,Southern,Southern Queensland,Monto - Eidsvold,Burnett,Wide Bay,Remote,Callide,Flynn,Locally-controlled,No Roadway Feature,No traffic control,100 - 110 km/h,Unsealed - Dry,Clear,Daylight,Straight,Crest,201.0,Veh'S Opposite Approach: Head On,Head-on,W,0,5,0,0,5,2,0,0,0,0,0,0
366046,Hospitalisation,2015,April,Thursday,9,Overturned,Single Vehicle,151.190154484596,-25.2746042498896,Kerwee Rd,Unknown,,Eidsvold East,North Burnett Region,4627,Eidsvold,Wide Bay Burnett,North Coast,Southern,Southern Queensland,Monto - Eidsvold,Burnett,Wide Bay,Outer Regional,Callide,Flynn,Locally-controlled,No Roadway Feature,No traffic control,60 km/h,Sealed - Dry,Clear,Daylight,Curved - view open,Level,801.0,Off Path-Curve: Off Cway Right Bend,Off carriageway on curve,N,0,1,0,0,1,0,0,1,0,0,0,0
366047,Medical treatment,2015,September,Wednesday,23,Hit object,Single Vehicle,150.983238182117,-25.3177796210682,Old Rawbelle Rd,Unknown,,Eidsvold,North Burnett Region,4627,Eidsvold,Wide Bay Burnett,North Coast,Southern,Southern Queensland,Monto - Eidsvold,Burnett,Wide Bay,Outer Regional,Callide,Flynn,Locally-controlled,No Roadway Feature,No traffic control,80 - 90 km/h,Unsealed - Dry,Clear,Darkness - Not lighted,Straight,Grade,400.0,Veh'S Manoeuvring: Other,Other,W,0,0,1,0,1,1,0,0,0,0,0,0
366048,Hospitalisation,2015,September,Tuesday,10,Hit object,Single Vehicle,151.177214499773,-25.150870247683,Burnett Hwy,Unknown,Burnett Highway (Gayndah - Monto),Abercorn,North Burnett Region,4627,Eidsvold,Wide Bay Burnett,North Coast,Southern,Southern Queensland,Monto - Eidsvold,Burnett,Wide Bay,Outer Regional,Callide,Flynn,State-controlled,No Roadway Feature,No traffic control,100 - 110 km/h,Sealed - Dry,Clear,Daylight,Curved - view open,Level,803.0,Off Path-Curve: Off Cway Rt Bend Hit Obj,Off carriageway on curve hit object,N,0,1,0,0,1,0,0,1,0,0,0,0
366049,Medical treatment,2015,November,Saturday,21,Hit object,Single Vehicle,151.083373067495,-25.3779790678112,Eidsvold - Theodore Rd,Unknown,Eidsvold - Theodore Road,Eidsvold,North Burnett Region,4627,Eidsvold,Wide Bay Burnett,North Coast,Southern,Southern Queensland,Monto - Eidsvold,Burnett,Wide Bay,Outer Regional,Callide,Flynn,State-controlled,Bridge/Causeway,No traffic control,0 - 50 km/h,Sealed - Dry,Clear,Daylight,Curved - view open,Level,803.0,Off Path-Curve: Off Cway Rt Bend Hit Obj,Off carriageway on curve hit object,E,0,0,1,0,1,1,0,0,0,0,0,0
366050,Hospitalisation,2016,May,Friday,13,Hit object,Single Vehicle,151.112219479089,-25.3918222435971,Eidsvold - Theodore Rd,Unknown,Eidsvold - Theodore Road,Eidsvold,North Burnett Region,4627,Eidsvold,Wide Bay Burnett,North Coast,Southern,Southern Queensland,Monto - Eidsvold,Burnett,Wide Bay,Outer Regional,Callide,Flynn,State-controlled,No Roadway Feature,No traffic control,100 - 110 km/h,Sealed - Dry,Clear,Daylight,Straight,Level,607.0,Veh'S On Path: Temporary Object On C'Way,Other,W,0,1,0,0,1,0,1,0,0,0,0,0
366051,Medical treatment,2017,June,Sunday,13,Hit object,Single Vehicle,150.991416484992,-25.4458372328574,St Johns Goldfield Rd,Unknown,,Eidsvold West,North Burnett Region,4627,Eidsvold,Wide Bay Burnett,North Coast,Southern,Southern Queensland,Monto - Eidsvold,Burnett,Wide Bay,Remote,Callide,Flynn,Locally-controlled,No Roadway Feature,No traffic control,100 - 110 km/h,Unsealed - Dry,Clear,Daylight,Straight,Grade,704.0,Off Path-Straight:Right Off Cway Hit Obj,Off carriageway on straight hit object,N,0,0,2,0,2,1,0,0,0,0,0,0