Crash_Ref_Number,Crash_Severity,Crash_Year,Crash_Month,Crash_Day_Of_Week,Crash_Hour,Crash_Nature,Crash_Type,Crash_Longitude,Crash_Latitude,Crash_Street,Crash_Street_Intersecting,State_Road_Name,Loc_Suburb,Loc_Local_Government_Area,Loc_Post_Code,Loc_Police_Division,Loc_Police_District,Loc_Police_Region,Loc_Queensland_Transport_Region,Loc_Main_Roads_Region,Loc_ABS_Statistical_Area_2,Loc_ABS_Statistical_Area_3,Loc_ABS_Statistical_Area_4,Loc_ABS_Remoteness,Loc_State_Electorate,Loc_Federal_Electorate,Crash_Controlling_Authority,Crash_Roadway_Feature,Crash_Traffic_Control,Crash_Speed_Limit,Crash_Road_Surface_Condition,Crash_Atmospheric_Condition,Crash_Lighting_Condition,Crash_Road_Horiz_Align,Crash_Road_Vert_Align,Crash_DCA_Code,Crash_DCA_Description,Crash_DCA_Group_Description,DCA_Key_Approach_Dir,Count_Casualty_Fatality,Count_Casualty_Hospitalised,Count_Casualty_MedicallyTreated,Count_Casualty_MinorInjury,Count_Casualty_Total,Count_Unit_Car,Count_Unit_Motorcycle_Moped,Count_Unit_Truck,Count_Unit_Bus,Count_Unit_Bicycle,Count_Unit_Pedestrian,Count_Unit_Other
366052,Minor injury,2017,June,Thursday,17,Overturned,Single Vehicle,151.257579453153,-25.4940862579486,Burnett Hwy,Hochmuths Rd,Burnett Highway (Gayndah - Monto),Obil Bil,North Burnett Region,4626,Mundubbera,Wide Bay Burnett,North Coast,Southern,Southern Queensland,Gayndah - Mundubbera,Burnett,Wide Bay,Outer Regional,Callide,Flynn,State-controlled,Intersection - Cross,No traffic control,100 - 110 km/h,Sealed - Dry,Clear,Darkness - Not lighted,Straight,Level,705.0,Off Path-Straight:Out Of Control On Cway,Out of control on straight,S,0,0,0,1,1,1,0,0,0,0,0,0
366053,Hospitalisation,2017,August,Monday,14,Hit object,Single Vehicle,151.140938487813,-25.2890042454309,Burnett Hwy,Kerwee Rd,Burnett Highway (Gayndah - Monto),Ceratodus,North Burnett Region,4627,Eidsvold,Wide Bay Burnett,North Coast,Southern,Southern Queensland,Monto - Eidsvold,Burnett,Wide Bay,Outer Regional,Callide,Flynn,State-controlled,Intersection - T-Junction,No traffic control,100 - 110 km/h,Sealed - Dry,Clear,Daylight,Straight,Level,700.0,Off Path-Straight: Other,Other,W,0,2,0,0,2,1,0,0,0,0,0,0
366054,Hospitalisation,2017,November,Saturday,22,Hit animal,Other,151.13310649743,-25.2101872440654,Burnett Hwy,Unknown,Burnett Highway (Gayndah - Monto),Cynthia,North Burnett Region,4627,Eidsvold,Wide Bay Burnett,North Coast,Southern,Southern Queensland,Monto - Eidsvold,Burnett,Wide Bay,Outer Regional,Callide,Flynn,State-controlled,No Roadway Feature,No traffic control,100 - 110 km/h,Sealed - Dry,Clear,Darkness - Not lighted,Curved - view open,Level,609.0,Pass & Misc: Hit Animal,Hit animal,N,0,1,0,0,1,1,0,0,0,0,0,0
366055,Medical treatment,2017,November,Saturday,11,Hit object,Single Vehicle,151.182425456982,-25.1444775841158,Burnett Hwy,Unknown,,Abercorn,North Burnett Region,4627,Eidsvold,Wide Bay Burnett,North Coast,Southern,Southern Queensland,Monto - Eidsvold,Burnett,Wide Bay,Outer Regional,Callide,Flynn,Locally-controlled,No Roadway Feature,No traffic control,100 - 110 km/h,Sealed - Dry,Clear,Daylight,Straight,Level,704.0,Off Path-Straight:Right Off Cway Hit Obj,Off carriageway on straight hit object,N,0,0,1,0,1,1,0,0,0,0,0,0
366056,Medical treatment,2017,December,Friday,14,Hit object,Single Vehicle,151.084444483347,-25.3783592409136,Eidsvold - Theodore Rd,Unknown,Eidsvold - Theodore Road,Eidsvold,North Burnett Region,4627,Eidsvold,Wide Bay Burnett,North Coast,Southern,Southern Queensland,Monto - Eidsvold,Burnett,Wide Bay,Outer Regional,Callide,Flynn,State-controlled,No Roadway Feature,No traffic control,100 - 110 km/h,Sealed - Dry,Clear,Daylight,Curved - view obscured,Crest,803.0,Off Path-Curve: Off Cway Rt Bend Hit Obj,Off carriageway on curve hit object,S,0,0,1,0,1,1,0,0,0,0,0,0
366057,Hospitalisation,2018,May,Saturday,16,Overturned,Single Vehicle,151.085927483284,-25.3776122410449,Eidsvold - Theodore Rd,Unknown,Eidsvold - Theodore Road,Eidsvold,North Burnett Region,4627,Eidsvold,Wide Bay Burnett,North Coast,Southern,Southern Queensland,Monto - Eidsvold,Burnett,Wide Bay,Outer Regional,Callide,Flynn,State-controlled,No Roadway Feature,No traffic control,100 - 110 km/h,Sealed - Dry,Clear,Daylight,Curved - view open,Dip,805.0,Off Path-Curve: Out Of Control On Cway,Out of control on curve,W,0,1,0,0,1,1,0,0,0,0,0,0
366058,Hospitalisation,2018,May,Sunday,14,Overturned,Single Vehicle,151.120841508888,-25.1186302421848,Abercorn Rd,Unknown,,Abercorn,North Burnett Region,4627,Eidsvold,Wide Bay Burnett,North Coast,Southern,Southern Queensland,Monto - Eidsvold,Burnett,Wide Bay,Outer Regional,Callide,Flynn,Locally-controlled,No Roadway Feature,No traffic control,100 - 110 km/h,Sealed - Dry,Clear,Daylight,Curved - view open,Dip,805.0,Off Path-Curve: Out Of Control On Cway,Out of control on curve,N,0,2,0,0,2,1,0,0,0,0,0,0
366059,Hospitalisation,2018,September,Monday,3,Hit object,Single Vehicle,151.277785479856,-25.2404082577829,Kerwee Rd,Unknown,,Eidsvold East,North Burnett Region,4627,Eidsvold,Wide Bay Burnett,North Coast,Southern,Southern Queensland,Monto - Eidsvold,Burnett,Wide Bay,Outer Regional,Callide,Flynn,Locally-controlled,No Roadway Feature,No traffic control,100 - 110 km/h,Sealed - Dry,Clear,Darkness - Not lighted,Straight,Level,705.0,Off Path-Straight:Out Of Control On Cway,Out of control on straight,S,0,1,0,0,1,0,0,1,0,0,0,0
366060,Medical treatment,2018,October,Sunday,15,Hit object,Single Vehicle,151.316525933472,-25.2632897385901,Kerwee Rd,Unknown,,Eidsvold East,North Burnett Region,4627,Eidsvold,Wide Bay Burnett,North Coast,Southern,Southern Queensland,Monto - Eidsvold,Burnett,Wide Bay,Outer Regional,Callide,Flynn,Locally-controlled,No Roadway Feature,No traffic control,100 - 110 km/h,Sealed - Dry,Clear,Daylight,Curved - view open,Grade,804.0,Off Path-Curve: Off Cway Lt Bend Hit Obj,Off carriageway on curve hit object,E,0,0,1,0,1,1,0,0,0,0,0,0
366061,Hospitalisation,2018,October,Tuesday,2,Hit object,Single Vehicle,151.076941483691,-25.3818972402472,Eidsvold - Theodore Rd,Unknown,Eidsvold - Theodore Road,Eidsvold,North Burnett Region,4627,Eidsvold,Wide Bay Burnett,North Coast,Southern,Southern Queensland,Monto - Eidsvold,Burnett,Wide Bay,Outer Regional,Callide,Flynn,State-controlled,No Roadway Feature,No traffic control,100 - 110 km/h,Sealed - Dry,Clear,Darkness - Not lighted,Curved - view open,Grade,803.0,Off Path-Curve: Off Cway Rt Bend Hit Obj,Off carriageway on curve hit object,N,0,1,0,0,1,1,0,0,0,0,0,0
366062,Hospitalisation,2018,October,Sunday,14,Hit object,Single Vehicle,151.134462487298,-25.2992572449126,Burnett Hwy,Unknown,Burnett Highway (Gayndah - Monto),Ceratodus,North Burnett Region,4627,Eidsvold,Wide Bay Burnett,North Coast,Southern,Southern Queensland,Monto - Eidsvold,Burnett,Wide Bay,Outer Regional,Callide,Flynn,State-controlled,No Roadway Feature,No traffic control,100 - 110 km/h,Sealed - Dry,Clear,Daylight,Straight,Crest,704.0,Off Path-Straight:Right Off Cway Hit Obj,Off carriageway on straight hit object,S,0,2,0,0,2,1,0,0,0,0,0,0
366063,Hospitalisation,2019,February,Sunday,14,Hit object,Single Vehicle,150.843012821021,-25.416174239968,Eidsvold - Theodore Rd,Unknown,Eidsvold - Theodore Road,Eidsvold West,North Burnett Region,4627,Eidsvold,Wide Bay Burnett,North Coast,Southern,Southern Queensland,Monto - Eidsvold,Burnett,Wide Bay,Remote,Callide,Flynn,State-controlled,No Roadway Feature,No traffic control,100 - 110 km/h,Sealed - Dry,Clear,Daylight,Curved - view obscured,Grade,803.0,Off Path-Curve: Off Cway Rt Bend Hit Obj,Off carriageway on curve hit object,W,0,1,0,0,1,0,1,0,0,0,0,0
366064,Hospitalisation,2019,May,Tuesday,21,Overturned,Single Vehicle,151.165726474058,-25.3895472485475,Burnett Hwy,Unknown,Burnett Highway (Gayndah - Monto),Eidsvold East,North Burnett Region,4627,Eidsvold,Wide Bay Burnett,North Coast,Southern,Southern Queensland,Monto - Eidsvold,Burnett,Wide Bay,Outer Regional,Callide,Flynn,State-controlled,No Roadway Feature,No traffic control,100 - 110 km/h,Sealed - Dry,Clear,Darkness - Not lighted,Curved - view open,Dip,800.0,Off Path-Curve: Other,Other,N,0,1,0,0,1,1,0,0,0,0,0,0
366065,Fatal,2019,September,Monday,11,Angle,Multi-Vehicle,151.130574497386,-25.2127892438514,Burnett Hwy,Wuruma Dam Rd,Burnett Highway (Gayndah - Monto),Cynthia,North Burnett Region,4627,Eidsvold,Wide Bay Burnett,North Coast,Southern,Southern Queensland,Monto - Eidsvold,Burnett,Wide Bay,Outer Regional,Callide,Flynn,State-controlled,Intersection - T-Junction,Give way sign,100 - 110 km/h,Sealed - Dry,Clear,Daylight,Curved - view open,Level,104.0,Veh'S Adjacent Approach: Thru-Right,Intersection from adjacent approaches,N,1,0,1,0,2,2,0,0,0,0,0,0
366066,Minor injury,2019,September,Monday,14,Overturned,Single Vehicle,151.123625735484,-25.14659880167,Wuruma Dam Rd,Unknown,Wuruma Dam Road,Abercorn,North Burnett Region,4627,Eidsvold,Wide Bay Burnett,North Coast,Southern,Southern Queensland,Monto - Eidsvold,Burnett,Wide Bay,Outer Regional,Callide,Flynn,State-controlled,No Roadway Feature,No traffic control,100 - 110 km/h,Sealed - Dry,Clear,Daylight,Curved - view open,Crest,801.0,Off Path-Curve: Off Cway Right Bend,Off carriageway on curve,N,0,0,0,1,1,1,0,0,0,0,0,0
366067,Medical treatment,2019,December,Saturday,1,Hit object,Single Vehicle,150.481665227902,-25.4162493931006,Rockybar Rd,Unknown,,Eidsvold West,North Burnett Region,4627,Eidsvold,Wide Bay Burnett,North Coast,Southern,Southern Queensland,Monto - Eidsvold,Burnett,Wide Bay,Remote,Callide,Flynn,Locally-controlled,No Roadway Feature,No traffic control,100 - 110 km/h,Unsealed - Dry,Clear,Daylight,Curved - view obscured,Level,804.0,Off Path-Curve: Off Cway Lt Bend Hit Obj,Off carriageway on curve hit object,S,0,0,1,0,1,1,0,0,0,0,0,0
366068,Hospitalisation,2020,March,Wednesday,15,Overturned,Single Vehicle,151.130900363572,-25.3266392448034,Burnett Hwy,Unknown,Burnett Highway (Gayndah - Monto),Eidsvold,North Burnett Region,4627,Eidsvold,Wide Bay Burnett,North Coast,Southern,Southern Queensland,Monto - Eidsvold,Burnett,Wide Bay,Outer Regional,Callide,Flynn,State-controlled,No Roadway Feature,No traffic control,100 - 110 km/h,Sealed - Dry,Clear,Daylight,Curved - view obscured,Crest,803.0,Off Path-Curve: Off Cway Rt Bend Hit Obj,Off carriageway on curve hit object,S,0,1,0,0,1,1,0,0,0,0,0,0
366069,Medical treatment,2020,April,Tuesday,9,Hit object,Single Vehicle,151.195942465227,-25.4413502517772,Burnett Hwy,Unknown,Burnett Highway (Gayndah - Monto),Grosvenor,North Burnett Region,4627,Eidsvold,Wide Bay Burnett,North Coast,Southern,Southern Queensland,Monto - Eidsvold,Burnett,Wide Bay,Outer Regional,Callide,Flynn,State-controlled,No Roadway Feature,No traffic control,100 - 110 km/h,Sealed - Dry,Clear,Daylight,Curved - view open,Crest,803.0,Off Path-Curve: Off Cway Rt Bend Hit Obj,Off carriageway on curve hit object,E,0,0,1,0,1,1,0,0,0,0,0,0
366070,Medical treatment,2020,May,Wednesday,23,Hit animal,Other,151.171016494646,-25.2019182475205,Burnett Hwy,Unknown,Burnett Highway (Gayndah - Monto),Cynthia,North Burnett Region,4627,Eidsvold,Wide Bay Burnett,North Coast,Southern,Southern Queensland,Monto - Eidsvold,Burnett,Wide Bay,Outer Regional,Callide,Flynn,State-controlled,No Roadway Feature,No traffic control,100 - 110 km/h,Sealed - Dry,Clear,Darkness - Not lighted,Straight,Grade,609.0,Pass & Misc: Hit Animal,Hit animal,N,0,0,2,0,2,1,0,0,0,0,0,0
366071,Fatal,2020,May,Wednesday,13,Hit object,Single Vehicle,151.251342453917,-25.4928052573562,Burnett Hwy,Unknown,Burnett Highway (Gayndah - Monto),Obil Bil,North Burnett Region,4626,Mundubbera,Wide Bay Burnett,North Coast,Southern,Southern Queensland,Gayndah - Mundubbera,Burnett,Wide Bay,Outer Regional,Callide,Flynn,State-controlled,No Roadway Feature,No traffic control,100 - 110 km/h,Sealed - Dry,Clear,Daylight,Curved - view open,Level,803.0,Off Path-Curve: Off Cway Rt Bend Hit Obj,Off carriageway on curve hit object,E,1,0,0,0,1,1,0,0,0,0,0,0
366072,Hospitalisation,2020,June,Saturday,11,Fall from vehicle,Single Vehicle,151.141880487745,-25.2887882455166,Kerwee Rd,Unknown,,Ceratodus,North Burnett Region,4627,Eidsvold,Wide Bay Burnett,North Coast,Southern,Southern Queensland,Monto - Eidsvold,Burnett,Wide Bay,Outer Regional,Callide,Flynn,Locally-controlled,No Roadway Feature,No traffic control,100 - 110 km/h,Sealed - Dry,Clear,Daylight,Curved - view obscured,Crest,805.0,Off Path-Curve: Out Of Control On Cway,Out of control on curve,W,0,1,0,0,1,0,1,0,0,0,0,0
366073,Hospitalisation,2020,July,Saturday,2,Hit object,Single Vehicle,151.171146572186,-25.4014084491473,Burnett Hwy,Unknown,Burnett Highway (Gayndah - Monto),Eidsvold,North Burnett Region,4627,Eidsvold,Wide Bay Burnett,North Coast,Southern,Southern Queensland,Monto - Eidsvold,Burnett,Wide Bay,Outer Regional,Callide,Flynn,State-controlled,No Roadway Feature,No traffic control,100 - 110 km/h,Sealed - Dry,Clear,Darkness - Not lighted,Straight,Level,703.0,Off Path-Straight: Left Off Cway Hit Obj,Off carriageway on straight hit object,W,0,1,0,0,1,1,0,0,0,0,0,0
366074,Medical treatment,2020,September,Tuesday,10,Hit object,Single Vehicle,151.168307473091,-25.3958662488385,Burnett Hwy,Unknown,Burnett Highway (Gayndah - Monto),Eidsvold East,North Burnett Region,4627,Eidsvold,Wide Bay Burnett,North Coast,Southern,Southern Queensland,Monto - Eidsvold,Burnett,Wide Bay,Outer Regional,Callide,Flynn,State-controlled,No Roadway Feature,No traffic control,100 - 110 km/h,Sealed - Dry,Clear,Daylight,Curved - view open,Grade,803.0,Off Path-Curve: Off Cway Rt Bend Hit Obj,Off carriageway on curve hit object,E,0,0,1,0,1,0,0,1,0,0,0,0
366075,Hospitalisation,2021,February,Saturday,3,Overturned,Single Vehicle,151.105623482334,-25.3687492427989,Spring Gully Rd,Unknown,,Eidsvold,North Burnett Region,4627,Eidsvold,Wide Bay Burnett,North Coast,Southern,Southern Queensland,Monto - Eidsvold,Burnett,Wide Bay,Outer Regional,Callide,Flynn,Locally-controlled,No Roadway Feature,No traffic control,80 - 90 km/h,Sealed - Dry,Clear,Darkness - Not lighted,Curved - view open,Grade,802.0,Off Path-Curve: Off Cway Left Bend,Off carriageway on curve,W,0,1,0,0,1,1,0,0,0,0,0,0
366076,Hospitalisation,2021,February,Saturday,3,Fall from vehicle,Single Vehicle,151.12377345236,-25.3703725194957,Esplanade,Unknown,,Eidsvold,North Burnett Region,4627,Eidsvold,Wide Bay Burnett,North Coast,Southern,Southern Queensland,Monto - Eidsvold,Burnett,Wide Bay,Outer Regional,Callide,Flynn,Locally-controlled,No Roadway Feature,No traffic control,0 - 50 km/h,Sealed - Dry,Clear,Darkness - Not lighted,Straight,Level,901.0,Pass & Misc: Fell In/From Vehicle,Other,S,0,1,0,0,1,1,0,0,0,0,0,0
366077,Fatal,2021,March,Sunday,11,Head-on,Multi-Vehicle,151.180286494053,-25.1991222483599,Burnett Hwy,Unknown,Burnett Highway (Gayndah - Monto),Cynthia,North Burnett Region,4627,Eidsvold,Wide Bay Burnett,North Coast,Southern,Southern Queensland,Monto - Eidsvold,Burnett,Wide Bay,Outer Regional,Callide,Flynn,State-controlled,No Roadway Feature,No traffic control,100 - 110 km/h,Sealed - Dry,Clear,Daylight,Curved - view open,Level,201.0,Veh'S Opposite Approach: Head On,Head-on,N,1,0,1,0,2,2,0,0,0,0,0,0
366078,Hospitalisation,2021,May,Friday,23,Hit object,Single Vehicle,151.075137487104,-25.353065239847,Kirar Weir Rd,Unknown,,Eidsvold,North Burnett Region,4627,Eidsvold,Wide Bay Burnett,North Coast,Southern,Southern Queensland,Monto - Eidsvold,Burnett,Wide Bay,Outer Regional,Callide,Flynn,Locally-controlled,No Roadway Feature,No traffic control,80 - 90 km/h,Sealed - Dry,Clear,Darkness - Not lighted,Straight,Level,700.0,Off Path-Straight: Other,Other,W,0,1,0,0,1,1,0,0,0,0,0,0
366079,Fatal,2021,May,Sunday,16,Fall from vehicle,Single Vehicle,151.24674348247,-25.2442002549159,Kerwee Rd,Unknown,,Eidsvold East,North Burnett Region,4627,Eidsvold,Wide Bay Burnett,North Coast,Southern,Southern Queensland,Monto - Eidsvold,Burnett,Wide Bay,Outer Regional,Callide,Flynn,Locally-controlled,No Roadway Feature,No traffic control,100 - 110 km/h,Sealed - Dry,Clear,Daylight,Curved - view open,Grade,801.0,Off Path-Curve: Off Cway Right Bend,Off carriageway on curve,,1,0,0,0,1,0,1,0,0,0,0,0
366080,Hospitalisation,2021,July,Saturday,16,Overturned,Single Vehicle,151.163010401428,-25.2019322467763,Burnett Hwy,Unknown,Burnett Highway (Gayndah - Monto),Cynthia,North Burnett Region,4627,Eidsvold,Wide Bay Burnett,North Coast,Southern,Southern Queensland,Monto - Eidsvold,Burnett,Wide Bay,Outer Regional,Callide,Flynn,State-controlled,No Roadway Feature,No traffic control,100 - 110 km/h,Sealed - Dry,Clear,Daylight,Straight,Grade,702.0,Off Path-Straight: Right Off Cway,Off carriageway on straight,W,0,1,0,0,1,1,0,0,0,0,0,0
366081,Hospitalisation,2021,August,Friday,0,Hit object,Single Vehicle,151.192762169086,-25.4365278504422,Burnett Hwy,Unknown,Burnett Highway (Gayndah - Monto),Grosvenor,North Burnett Region,4627,Eidsvold,Wide Bay Burnett,North Coast,Southern,Southern Queensland,Monto - Eidsvold,Burnett,Wide Bay,Outer Regional,Callide,Flynn,State-controlled,No Roadway Feature,No traffic control,100 - 110 km/h,Sealed - Dry,Clear,Darkness - Not lighted,Curved - view open,Level,805.0,Off Path-Curve: Out Of Control On Cway,Out of control on curve,W,0,1,0,0,1,1,0,0,0,0,0,0
366082,Hospitalisation,2021,September,Tuesday,19,Hit animal,Other,150.683232766934,-25.3794165330735,Eidsvold - Theodore Rd,Unknown,Eidsvold - Theodore Road,Eidsvold West,North Burnett Region,4627,Eidsvold,Wide Bay Burnett,North Coast,Southern,Southern Queensland,Monto - Eidsvold,Burnett,Wide Bay,Remote,Callide,Flynn,State-controlled,No Roadway Feature,No traffic control,100 - 110 km/h,Sealed - Dry,Clear,Darkness - Not lighted,Straight,Level,609.0,Pass & Misc: Hit Animal,Hit animal,W,0,1,0,0,1,1,0,0,0,0,0,0
366083,Medical treatment,2021,September,Friday,15,Fall from vehicle,Single Vehicle,151.142164487714,-25.2888122455432,Kerwee Rd,Unknown,,Ceratodus,North Burnett Region,4627,Eidsvold,Wide Bay Burnett,North Coast,Southern,Southern Queensland,Monto - Eidsvold,Burnett,Wide Bay,Outer Regional,Callide,Flynn,Locally-controlled,No Roadway Feature,No traffic control,100 - 110 km/h,Sealed - Dry,Clear,Daylight,Curved - view obscured,Crest,805.0,Off Path-Curve: Out Of Control On Cway,Out of control on curve,W,0,0,1,0,1,0,1,0,0,0,0,0
366084,Hospitalisation,2021,October,Wednesday,11,Hit object,Single Vehicle,151.13305630506,-25.3026141468092,Burnett Hwy,Unknown,Burnett Highway (Gayndah - Monto),Ceratodus,North Burnett Region,4627,Eidsvold,Wide Bay Burnett,North Coast,Southern,Southern Queensland,Monto - Eidsvold,Burnett,Wide Bay,Outer Regional,Callide,Flynn,State-controlled,No Roadway Feature,No traffic control,100 - 110 km/h,Sealed - Dry,Clear,Daylight,Curved - view open,Grade,803.0,Off Path-Curve: Off Cway Rt Bend Hit Obj,Off carriageway on curve hit object,N,0,2,0,0,2,0,0,1,0,0,0,0
366085,Medical treatment,2021,December,Monday,19,Hit animal,Other,151.140938487813,-25.2890042454309,Burnett Hwy,Kerwee Rd,Burnett Highway (Gayndah - Monto),Ceratodus,North Burnett Region,4627,Eidsvold,Wide Bay Burnett,North Coast,Southern,Southern Queensland,Monto - Eidsvold,Burnett,Wide Bay,Outer Regional,Callide,Flynn,State-controlled,Intersection - T-Junction,No traffic control,100 - 110 km/h,Sealed - Dry,Clear,Darkness - Not lighted,Curved - view open,Level,609.0,Pass & Misc: Hit Animal,Hit animal,S,0,0,1,0,1,1,0,0,0,0,0,0
366086,Medical treatment,2020,July,Saturday,15,Fall from vehicle,Single Vehicle,152.675104097119,-27.3064841747775,Mount Glorious Rd,Unknown,Mount Glorious Road,Dundas,Somerset Region,4306,Lowood,Ipswich,Southern,SEQ North,North Coast,Esk,Ipswich Hinterland,Ipswich,Inner Regional,Nanango,Blair,State-controlled,No Roadway Feature,No traffic control,60 km/h,Sealed - Dry,Clear,Daylight,Curved - view open,Level,805.0,Off Path-Curve: Out Of Control On Cway,Out of control on curve,W,0,0,1,0,1,0,1,0,0,0,0,0
366087,Minor injury,2020,July,Monday,22,Hit object,Single Vehicle,152.638001079426,-27.4407754061687,Brisbane Valley Hwy,Unknown,Brisbane Valley Highway (Ipswich - Harlin),Fernvale,Somerset Region,4306,Lowood,Ipswich,Southern,SEQ North,North Coast,Lowood,Ipswich Hinterland,Ipswich,Inner Regional,Lockyer,Blair,State-controlled,No Roadway Feature,No traffic control,100 - 110 km/h,Sealed - Dry,Clear,Darkness - Not lighted,Curved - view open,Level,803.0,Off Path-Curve: Off Cway Rt Bend Hit Obj,Off carriageway on curve hit object,N,0,0,0,1,1,1,0,0,0,0,0,0
366088,Hospitalisation,2020,July,Tuesday,0,Hit animal,Other,152.646949159348,-27.4014540997428,Wivenhoe - Somerset Rd,Unknown,Wivenhoe - Somerset Road,Split Yard Creek,Somerset Region,4306,Lowood,Ipswich,Southern,SEQ North,North Coast,Lowood,Ipswich Hinterland,Ipswich,Inner Regional,Nanango,Blair,State-controlled,No Roadway Feature,No traffic control,80 - 90 km/h,Sealed - Dry,Clear,Darkness - Not lighted,Curved - view open,Level,609.0,Pass & Misc: Hit Animal,Hit animal,S,0,2,2,0,4,1,0,0,0,0,0,0
366089,Minor injury,2020,July,Sunday,9,Angle,Multi-Vehicle,152.612405100791,-27.2905474024517,Sim Jue Ck Rd,Wivenhoe - Somerset Rd,Wivenhoe - Somerset Road,Dundas,Somerset Region,4306,Lowood,Ipswich,Southern,SEQ North,North Coast,Esk,Ipswich Hinterland,Ipswich,Inner Regional,Nanango,Blair,State-controlled,Intersection - T-Junction,No traffic control,80 - 90 km/h,Sealed - Wet,Raining,Daylight,Straight,Crest,104.0,Veh'S Adjacent Approach: Thru-Right,Intersection from adjacent approaches,S,0,0,0,1,1,2,0,0,0,0,0,0
366090,Hospitalisation,2020,August,Saturday,9,Sideswipe,Multi-Vehicle,152.680343991477,-27.3071484093015,Mount Glorious Rd,Unknown,Mount Glorious Road,Dundas,Somerset Region,4306,Esk,Ipswich,Southern,SEQ North,North Coast,Esk,Ipswich Hinterland,Ipswich,Inner Regional,Nanango,Blair,State-controlled,No Roadway Feature,No traffic control,80 - 90 km/h,Sealed - Dry,Clear,Daylight,Curved - view obscured,Level,305.0,Veh'S Same Direction: Lane Side Swipe,Lane changes,W,0,1,0,0,1,0,2,0,0,0,0,0
366091,Medical treatment,2020,September,Tuesday,18,Overturned,Single Vehicle,152.52631918139,-27.4654463953472,Forest Hill - Fernvale Rd,Unknown,Forest Hill - Fernvale Road,Mount Tarampa,Somerset Region,4311,Lowood,Ipswich,Southern,SEQ North,North Coast,Lowood,Ipswich Hinterland,Ipswich,Inner Regional,Nanango,Blair,State-controlled,No Roadway Feature,No traffic control,100 - 110 km/h,Sealed - Dry,Clear,Darkness - Not lighted,Curved - view open,Level,802.0,Off Path-Curve: Off Cway Left Bend,Off carriageway on curve,W,0,0,1,0,1,1,0,0,0,0,0,0
366092,Medical treatment,2020,September,Wednesday,14,Hit object,Single Vehicle,152.578543092383,-27.3877873898791,Brisbane Valley Hwy,Unknown,Brisbane Valley Highway (Ipswich - Harlin),Wivenhoe Hill,Somerset Region,4311,Lowood,Ipswich,Southern,SEQ North,North Coast,Lowood,Ipswich Hinterland,Ipswich,Inner Regional,Nanango,Blair,State-controlled,No Roadway Feature,No traffic control,100 - 110 km/h,Sealed - Dry,Clear,Daylight,Curved - view open,Level,703.0,Off Path-Straight: Left Off Cway Hit Obj,Off carriageway on straight hit object,S,0,0,1,0,1,1,0,0,0,0,0,0
366093,Hospitalisation,2020,September,Thursday,21,Hit object,Single Vehicle,152.639601080508,-27.4306814062472,Brisbane Valley Hwy,Unknown,Brisbane Valley Highway (Ipswich - Harlin),Wivenhoe Pocket,Somerset Region,4306,Lowood,Ipswich,Southern,SEQ North,North Coast,Lowood,Ipswich Hinterland,Ipswich,Inner Regional,Nanango,Blair,State-controlled,Bridge/Causeway,No traffic control,0 - 50 km/h,Sealed - Dry,Clear,Darkness - Not lighted,Straight,Dip,703.0,Off Path-Straight: Left Off Cway Hit Obj,Off carriageway on straight hit object,N,0,1,0,0,1,1,0,0,0,0,0,0
366094,Hospitalisation,2020,September,Monday,13,Overturned,Single Vehicle,152.570552069739,-27.4483819895698,Clarendon Rd,Unknown,,Lowood,Somerset Region,4311,Lowood,Ipswich,Southern,SEQ North,North Coast,Lowood,Ipswich Hinterland,Ipswich,Inner Regional,Lockyer,Blair,Locally-controlled,No Roadway Feature,No traffic control,60 km/h,Sealed - Dry,Clear,Daylight,Straight,Grade,701.0,Off Path-Straight: Left Off Cway,Off carriageway on straight,E,0,1,0,2,3,1,0,0,0,0,0,0
366095,Hospitalisation,2020,September,Wednesday,21,Head-on,Multi-Vehicle,152.590983080136,-27.4758314018017,Glamorgan Vale Rd,Unknown,,Lowood,Somerset Region,4311,Lowood,Ipswich,Southern,SEQ North,North Coast,Lowood,Ipswich Hinterland,Ipswich,Inner Regional,Lockyer,Blair,Locally-controlled,No Roadway Feature,No traffic control,60 km/h,Sealed - Dry,Clear,Darkness - Not lighted,Curved - view obscured,Grade,201.0,Veh'S Opposite Approach: Head On,Head-on,E,0,2,0,1,3,2,0,0,0,0,0,0
366096,Hospitalisation,2020,September,Sunday,16,Fall from vehicle,Single Vehicle,152.531329081931,-27.5132643962177,Salvia Rd,Unknown,,Prenzlau,Somerset Region,4311,Lowood,Ipswich,Southern,SEQ North,North Coast,Lowood,Ipswich Hinterland,Ipswich,Inner Regional,Lockyer,Blair,Locally-controlled,No Roadway Feature,No traffic control,80 - 90 km/h,Sealed - Dry,Clear,Daylight,Straight,Level,701.0,Off Path-Straight: Left Off Cway,Off carriageway on straight,N,0,1,0,0,1,0,1,0,0,0,0,0