Crash_Ref_Number,Crash_Severity,Crash_Year,Crash_Month,Crash_Day_Of_Week,Crash_Hour,Crash_Nature,Crash_Type,Crash_Longitude,Crash_Latitude,Crash_Street,Crash_Street_Intersecting,State_Road_Name,Loc_Suburb,Loc_Local_Government_Area,Loc_Post_Code,Loc_Police_Division,Loc_Police_District,Loc_Police_Region,Loc_Queensland_Transport_Region,Loc_Main_Roads_Region,Loc_ABS_Statistical_Area_2,Loc_ABS_Statistical_Area_3,Loc_ABS_Statistical_Area_4,Loc_ABS_Remoteness,Loc_State_Electorate,Loc_Federal_Electorate,Crash_Controlling_Authority,Crash_Roadway_Feature,Crash_Traffic_Control,Crash_Speed_Limit,Crash_Road_Surface_Condition,Crash_Atmospheric_Condition,Crash_Lighting_Condition,Crash_Road_Horiz_Align,Crash_Road_Vert_Align,Crash_DCA_Code,Crash_DCA_Description,Crash_DCA_Group_Description,DCA_Key_Approach_Dir,Count_Casualty_Fatality,Count_Casualty_Hospitalised,Count_Casualty_MedicallyTreated,Count_Casualty_MinorInjury,Count_Casualty_Total,Count_Unit_Car,Count_Unit_Motorcycle_Moped,Count_Unit_Truck,Count_Unit_Bus,Count_Unit_Bicycle,Count_Unit_Pedestrian,Count_Unit_Other
366097,Hospitalisation,2020,October,Thursday,0,Overturned,Single Vehicle,152.484494094816,-27.4499043911115,Coominya Connection Rd,Mount Tarampa Rd,Coominya Connection Road,Mount Tarampa,Somerset Region,4311,Lowood,Ipswich,Southern,SEQ North,North Coast,Lowood,Ipswich Hinterland,Ipswich,Inner Regional,Nanango,Blair,State-controlled,Intersection - T-Junction,No traffic control,80 - 90 km/h,Sealed - Dry,Clear,Darkness - Not lighted,Straight,Level,805.0,Off Path-Curve: Out Of Control On Cway,Out of control on curve,N,0,1,0,0,1,1,0,0,0,0,0,0
366098,Hospitalisation,2020,October,Friday,5,Hit object,Single Vehicle,152.482957087973,-27.5066553914083,Brightview Rd,Unknown,,Brightview,Somerset Region,4311,Lowood,Ipswich,Southern,SEQ North,North Coast,Lowood,Ipswich Hinterland,Ipswich,Inner Regional,Lockyer,Blair,Locally-controlled,No Roadway Feature,No traffic control,100 - 110 km/h,Sealed - Dry,Clear,Dawn/Dusk,Straight,Level,703.0,Off Path-Straight: Left Off Cway Hit Obj,Off carriageway on straight hit object,S,0,1,0,0,1,1,0,0,0,0,0,0
366099,Hospitalisation,2020,October,Saturday,21,Hit object,Single Vehicle,152.649870076645,-27.4528914074381,Brisbane Valley Hwy,Unknown,Brisbane Valley Highway (Ipswich - Harlin),Fernvale,Somerset Region,4306,Lowood,Ipswich,Southern,SEQ North,North Coast,Lowood,Ipswich Hinterland,Ipswich,Inner Regional,Lockyer,Blair,State-controlled,Bridge/Causeway,No traffic control,60 km/h,Sealed - Wet,Clear,Darkness - Lighted,Straight,Level,704.0,Off Path-Straight:Right Off Cway Hit Obj,Off carriageway on straight hit object,E,0,1,0,0,1,1,0,0,0,0,0,0
366100,Medical treatment,2020,November,Sunday,4,Head-on,Multi-Vehicle,152.54957343194,-27.5215015780793,Lowood - Minden Rd,Unknown,,Coolana,Somerset Region,4311,Lowood,Ipswich,Southern,SEQ North,North Coast,Lowood,Ipswich Hinterland,Ipswich,Inner Regional,Lockyer,Blair,Locally-controlled,No Roadway Feature,No traffic control,80 - 90 km/h,Sealed - Dry,Clear,Dawn/Dusk,Curved - view obscured,Level,201.0,Veh'S Opposite Approach: Head On,Head-on,S,0,0,1,0,1,2,0,0,0,0,0,0
366101,Hospitalisation,2020,November,Wednesday,19,Hit object,Single Vehicle,152.510813090895,-27.4586993937683,Forest Hill - Fernvale Rd,Mount Tarampa Rd,Forest Hill - Fernvale Road,Mount Tarampa,Somerset Region,4311,Lowood,Ipswich,Southern,SEQ North,North Coast,Lowood,Ipswich Hinterland,Ipswich,Inner Regional,Nanango,Blair,State-controlled,Intersection - T-Junction,Give way sign,100 - 110 km/h,Sealed - Dry,Clear,Darkness - Not lighted,Curved - view open,Level,803.0,Off Path-Curve: Off Cway Rt Bend Hit Obj,Off carriageway on curve hit object,E,0,2,0,0,2,1,0,0,0,0,0,0
366102,Minor injury,2020,November,Thursday,16,Angle,Multi-Vehicle,152.582062082681,-27.4630564008207,Railway St,Unknown,Forest Hill - Fernvale Road,Lowood,Somerset Region,4311,Lowood,Ipswich,Southern,SEQ North,North Coast,Lowood,Ipswich Hinterland,Ipswich,Inner Regional,Lockyer,Blair,State-controlled,No Roadway Feature,No traffic control,0 - 50 km/h,Sealed - Dry,Clear,Daylight,Straight,Level,406.0,Veh'S Manoeuvring: Leaving Driveway,Vehicle leaving driveway,N,0,0,0,1,1,1,0,1,0,0,0,0
366103,Hospitalisation,2020,November,Saturday,14,Head-on,Multi-Vehicle,152.749490628498,-27.3119263631959,Mount Glorious Rd,Unknown,Mount Glorious Road,Dundas,Somerset Region,4306,Ferny Grove,North Brisbane,Brisbane,SEQ North,North Coast,Esk,Ipswich Hinterland,Ipswich,Inner Regional,Nanango,Blair,State-controlled,No Roadway Feature,No traffic control,60 km/h,Sealed - Dry,Clear,Daylight,Curved - view obscured,Grade,201.0,Veh'S Opposite Approach: Head On,Head-on,S,0,1,0,0,1,0,1,1,0,0,0,0
366104,Medical treatment,2020,December,Wednesday,17,Hit object,Single Vehicle,152.577539793499,-27.3877254857796,Brisbane Valley Hwy,Unknown,Brisbane Valley Highway (Ipswich - Harlin),Wivenhoe Hill,Somerset Region,4311,Lowood,Ipswich,Southern,SEQ North,North Coast,Lowood,Ipswich Hinterland,Ipswich,Inner Regional,Nanango,Blair,State-controlled,No Roadway Feature,No traffic control,100 - 110 km/h,Sealed - Dry,Clear,Daylight,Straight,Grade,704.0,Off Path-Straight:Right Off Cway Hit Obj,Off carriageway on straight hit object,W,0,0,1,0,1,1,0,0,0,0,0,0
366105,Hospitalisation,2020,December,Wednesday,21,Hit object,Single Vehicle,152.656447075113,-27.4595214081411,Fairney View Fernvale Rd,Unknown,,Fernvale,Somerset Region,4306,Lowood,Ipswich,Southern,SEQ North,North Coast,Lowood,Ipswich Hinterland,Ipswich,Inner Regional,Lockyer,Blair,Locally-controlled,No Roadway Feature,No traffic control,60 km/h,Sealed - Wet,Raining,Darkness - Not lighted,Straight,Grade,400.0,Veh'S Manoeuvring: Other,Other,E,0,1,0,0,1,1,0,0,0,0,0,0
366106,Hospitalisation,2020,December,Wednesday,20,Hit object,Single Vehicle,152.588594081169,-27.4695814015166,Forest Hill - Fernvale Rd,Unknown,Forest Hill - Fernvale Road,Lowood,Somerset Region,4311,Lowood,Ipswich,Southern,SEQ North,North Coast,Lowood,Ipswich Hinterland,Ipswich,Inner Regional,Lockyer,Blair,State-controlled,No Roadway Feature,No traffic control,60 km/h,Sealed - Wet,Raining,Darkness - Not lighted,Curved - view open,Level,804.0,Off Path-Curve: Off Cway Lt Bend Hit Obj,Off carriageway on curve hit object,W,0,1,0,0,1,1,0,0,0,0,0,0
366107,Hospitalisation,2020,December,Monday,11,Overturned,Single Vehicle,152.624920085067,-27.4066584046064,Brisbane Valley Hwy,Unknown,Brisbane Valley Highway (Ipswich - Harlin),Wivenhoe Pocket,Somerset Region,4306,Lowood,Ipswich,Southern,SEQ North,North Coast,Lowood,Ipswich Hinterland,Ipswich,Inner Regional,Nanango,Blair,State-controlled,No Roadway Feature,No traffic control,100 - 110 km/h,Sealed - Dry,Clear,Daylight,Straight,Level,705.0,Off Path-Straight:Out Of Control On Cway,Out of control on straight,W,0,1,0,0,1,1,0,0,0,0,0,0
366108,Hospitalisation,2021,February,Wednesday,7,Hit object,Single Vehicle,152.503423095034,-27.4316373928279,Clarendon Rd,Unknown,,Clarendon,Somerset Region,4311,Lowood,Ipswich,Southern,SEQ North,North Coast,Lowood,Ipswich Hinterland,Ipswich,Inner Regional,Nanango,Blair,Locally-controlled,No Roadway Feature,No traffic control,100 - 110 km/h,Sealed - Dry,Clear,Daylight,Straight,Level,704.0,Off Path-Straight:Right Off Cway Hit Obj,Off carriageway on straight hit object,W,0,2,0,0,2,0,0,0,0,0,0,1
366109,Hospitalisation,2021,February,Tuesday,1,Hit object,Single Vehicle,152.638685079246,-27.4416324062431,Brisbane Valley Hwy,Unknown,Brisbane Valley Highway (Ipswich - Harlin),Fernvale,Somerset Region,4306,Lowood,Ipswich,Southern,SEQ North,North Coast,Lowood,Ipswich Hinterland,Ipswich,Inner Regional,Lockyer,Blair,State-controlled,No Roadway Feature,No traffic control,100 - 110 km/h,Sealed - Dry,Clear,Darkness - Lighted,Straight,Level,703.0,Off Path-Straight: Left Off Cway Hit Obj,Off carriageway on straight hit object,N,0,1,0,0,1,1,0,0,0,0,0,0
366110,Hospitalisation,2021,February,Thursday,9,Head-on,Multi-Vehicle,152.498332080877,-27.5505933932659,Warrego Hwy,Unknown,Warrego Highway (Ipswich - Toowoomba),Prenzlau,Somerset Region,4311,Marburg,Ipswich,Southern,SEQ North,North Coast,Lowood,Ipswich Hinterland,Ipswich,Inner Regional,Lockyer,Blair,State-controlled,Median Opening,No traffic control,100 - 110 km/h,Sealed - Dry,Clear,Daylight,Straight,Level,201.0,Veh'S Opposite Approach: Head On,Head-on,W,0,2,1,1,4,2,0,0,0,0,0,0
366111,Hospitalisation,2021,February,Thursday,13,Angle,Multi-Vehicle,152.550209085754,-27.4659493977036,Forest Hill - Fernvale Rd,Lowood - Minden Rd,Forest Hill - Fernvale Road,Lowood,Somerset Region,4311,Lowood,Ipswich,Southern,SEQ North,North Coast,Lowood,Ipswich Hinterland,Ipswich,Inner Regional,Lockyer,Blair,State-controlled,Intersection - T-Junction,Give way sign,80 - 90 km/h,Sealed - Dry,Clear,Daylight,Straight,Level,104.0,Veh'S Adjacent Approach: Thru-Right,Intersection from adjacent approaches,N,0,1,0,0,1,2,0,0,0,0,0,0
366112,Hospitalisation,2021,February,Thursday,14,Hit object,Single Vehicle,152.570630075244,-27.5329634002449,Postmans Track,Unknown,,Minden,Somerset Region,4311,Marburg,Ipswich,Southern,SEQ North,North Coast,Lowood,Ipswich Hinterland,Ipswich,Inner Regional,Lockyer,Blair,Locally-controlled,No Roadway Feature,No traffic control,0 - 50 km/h,Unsealed - Dry,Clear,Daylight,Straight,Dip,704.0,Off Path-Straight:Right Off Cway Hit Obj,Off carriageway on straight hit object,W,0,1,2,0,3,1,0,0,0,0,0,0
366113,Hospitalisation,2021,February,Friday,15,Overturned,Single Vehicle,152.483417103837,-27.3777273904357,Bellwards Rd,Bunney Rd,,Coominya,Somerset Region,4311,Lowood,Ipswich,Southern,SEQ North,North Coast,Lowood,Ipswich Hinterland,Ipswich,Inner Regional,Nanango,Blair,Locally-controlled,Intersection - T-Junction,No traffic control,100 - 110 km/h,Sealed - Dry,Clear,Daylight,Curved - view open,Level,803.0,Off Path-Curve: Off Cway Rt Bend Hit Obj,Off carriageway on curve hit object,N,0,1,0,0,1,1,0,0,0,0,0,0
366114,Hospitalisation,2021,March,Thursday,5,Head-on,Multi-Vehicle,152.631057083707,-27.4123034052574,Brisbane Valley Hwy,Wivenhoe Pkt Rd,Brisbane Valley Highway (Ipswich - Harlin),Wivenhoe Pocket,Somerset Region,4306,Lowood,Ipswich,Southern,SEQ North,North Coast,Lowood,Ipswich Hinterland,Ipswich,Inner Regional,Nanango,Blair,State-controlled,Intersection - T-Junction,No traffic control,100 - 110 km/h,Sealed - Dry,Clear,Daylight,Straight,Grade,201.0,Veh'S Opposite Approach: Head On,Head-on,S,0,1,1,0,2,2,0,0,0,0,0,0
366115,Minor injury,2021,March,Saturday,13,Overturned,Single Vehicle,152.627172078869,-27.454643405208,Forest Hill - Fernvale Rd,Unknown,Forest Hill - Fernvale Road,Vernor,Somerset Region,4306,Lowood,Ipswich,Southern,SEQ North,North Coast,Lowood,Ipswich Hinterland,Ipswich,Inner Regional,Lockyer,Blair,State-controlled,No Roadway Feature,No traffic control,100 - 110 km/h,Sealed - Dry,Clear,Daylight,Straight,Level,702.0,Off Path-Straight: Right Off Cway,Off carriageway on straight,N,0,0,0,1,1,1,0,0,0,0,0,0
366116,Hospitalisation,2021,March,Monday,15,Hit object,Single Vehicle,152.569924091804,-27.3999433991252,West Rd,Unknown,,Patrick Estate,Somerset Region,4311,Lowood,Ipswich,Southern,SEQ North,North Coast,Lowood,Ipswich Hinterland,Ipswich,Inner Regional,Nanango,Blair,Locally-controlled,No Roadway Feature,No traffic control,100 - 110 km/h,Sealed - Wet,Raining,Daylight,Curved - view obscured,Level,804.0,Off Path-Curve: Off Cway Lt Bend Hit Obj,Off carriageway on curve hit object,E,0,1,0,1,2,1,0,0,0,0,0,0
366117,Hospitalisation,2021,March,Sunday,15,Hit object,Single Vehicle,152.759673080088,-27.3305834173549,Mount Glorious Rd,Unknown,Mount Glorious Road,England Creek,Brisbane City,4306,Ferny Grove,North Brisbane,Brisbane,SEQ North,Metropolitan,Lake Manchester - England Creek,Ipswich Hinterland,Ipswich,Inner Regional,Moggill,Ryan,State-controlled,No Roadway Feature,No traffic control,0 - 50 km/h,Sealed - Dry,Clear,Daylight,Curved - view open,Crest,804.0,Off Path-Curve: Off Cway Lt Bend Hit Obj,Off carriageway on curve hit object,W,0,1,0,0,1,1,0,0,0,0,0,0
366118,Medical treatment,2021,March,Tuesday,15,Sideswipe,Multi-Vehicle,152.514155098766,-27.3920773935709,Coominya Connection Rd,Unknown,Coominya Connection Road,Coominya,Somerset Region,4311,Lowood,Ipswich,Southern,SEQ North,North Coast,Lowood,Ipswich Hinterland,Ipswich,Inner Regional,Nanango,Blair,State-controlled,No Roadway Feature,No traffic control,80 - 90 km/h,Sealed - Dry,Raining,Daylight,Straight,Level,506.0,Veh'S Overtaking: Overtake-Right Turn,Overtaking same direction,N,0,0,1,0,1,2,0,0,0,0,0,0
366119,Hospitalisation,2021,March,Monday,9,Hit object,Single Vehicle,152.536682086346,-27.4729403964265,Brightview Rd,Forest Hill - Fernvale Rd,Forest Hill - Fernvale Road,Lowood,Somerset Region,4311,Lowood,Ipswich,Southern,SEQ North,North Coast,Lowood,Ipswich Hinterland,Ipswich,Inner Regional,Lockyer,Blair,State-controlled,No Roadway Feature,No traffic control,60 km/h,Sealed - Wet,Raining,Daylight,Curved - view open,Level,803.0,Off Path-Curve: Off Cway Rt Bend Hit Obj,Off carriageway on curve hit object,S,0,1,0,0,1,1,0,0,0,0,0,0
366120,Hospitalisation,2021,April,Saturday,16,Hit object,Single Vehicle,152.563692084643,-27.4631923990104,Reinbotts Rd,Unknown,,Lowood,Somerset Region,4311,Lowood,Ipswich,Southern,SEQ North,North Coast,Lowood,Ipswich Hinterland,Ipswich,Inner Regional,Lockyer,Blair,Locally-controlled,No Roadway Feature,No traffic control,80 - 90 km/h,Sealed - Dry,Clear,Daylight,Straight,Level,704.0,Off Path-Straight:Right Off Cway Hit Obj,Off carriageway on straight hit object,S,0,1,0,0,1,1,0,0,0,0,0,0
366121,Hospitalisation,2021,April,Saturday,16,Hit object,Single Vehicle,152.469779706916,-27.3808498631208,Larsens Rd,Unknown,,Coominya,Somerset Region,4311,Lowood,Ipswich,Southern,SEQ North,North Coast,Lowood,Ipswich Hinterland,Ipswich,Inner Regional,Nanango,Blair,Locally-controlled,No Roadway Feature,No traffic control,60 km/h,Sealed - Dry,Clear,Daylight,Straight,Level,704.0,Off Path-Straight:Right Off Cway Hit Obj,Off carriageway on straight hit object,S,0,1,0,0,1,0,1,0,0,0,0,0
366122,Hospitalisation,2021,April,Sunday,10,Fall from vehicle,Single Vehicle,152.409010001515,-27.3395786248346,Willaura Dr,Unknown,,Mount Hallen,Somerset Region,4312,Esk,Ipswich,Southern,SEQ North,North Coast,Esk,Ipswich Hinterland,Ipswich,Inner Regional,Nanango,Blair,Locally-controlled,No Roadway Feature,No traffic control,80 - 90 km/h,Sealed - Dry,Clear,Daylight,Curved - view open,Dip,805.0,Off Path-Curve: Out Of Control On Cway,Out of control on curve,W,0,1,0,0,1,0,1,0,0,0,0,0
366123,Medical treatment,2021,May,Monday,8,Hit object,Single Vehicle,152.66656954011,-27.4749066092642,Brisbane Valley Hwy,Unknown,Brisbane Valley Highway (Ipswich - Harlin),Fernvale,Somerset Region,4306,Lowood,Ipswich,Southern,SEQ North,North Coast,Lowood,Ipswich Hinterland,Ipswich,Inner Regional,Lockyer,Blair,State-controlled,No Roadway Feature,No traffic control,100 - 110 km/h,Sealed - Dry,Clear,Daylight,Curved - view open,Level,607.0,Veh'S On Path: Temporary Object On C'Way,Other,N,0,0,1,0,1,0,1,0,0,0,0,0
366124,Hospitalisation,2021,May,Monday,15,Hit object,Single Vehicle,152.587840691196,-27.3893214008083,Brisbane Valley Hwy,Unknown,Brisbane Valley Highway (Ipswich - Harlin),Wivenhoe Hill,Somerset Region,4311,Lowood,Ipswich,Southern,SEQ North,North Coast,Lowood,Ipswich Hinterland,Ipswich,Inner Regional,Nanango,Blair,State-controlled,No Roadway Feature,No traffic control,100 - 110 km/h,Sealed - Dry,Clear,Daylight,Straight,Level,704.0,Off Path-Straight:Right Off Cway Hit Obj,Off carriageway on straight hit object,E,0,1,0,0,1,1,0,0,0,0,0,0
366125,Hospitalisation,2021,May,Sunday,2,Hit object,Single Vehicle,152.631057083707,-27.4123034052574,Brisbane Valley Hwy,Wivenhoe Pkt Rd,Brisbane Valley Highway (Ipswich - Harlin),Wivenhoe Pocket,Somerset Region,4306,Lowood,Ipswich,Southern,SEQ North,North Coast,Lowood,Ipswich Hinterland,Ipswich,Inner Regional,Nanango,Blair,State-controlled,Intersection - T-Junction,No traffic control,100 - 110 km/h,Sealed - Dry,Clear,Darkness - Not lighted,Straight,Level,703.0,Off Path-Straight: Left Off Cway Hit Obj,Off carriageway on straight hit object,W,0,1,0,0,1,1,0,0,0,0,0,0
366126,Medical treatment,2021,May,Saturday,10,Rear-end,Multi-Vehicle,152.549349233704,-27.4913262028192,Lowood - Minden Rd,Unknown,,Tarampa,Somerset Region,4311,Lowood,Ipswich,Southern,SEQ North,North Coast,Lowood,Ipswich Hinterland,Ipswich,Inner Regional,Lockyer,Blair,Locally-controlled,No Roadway Feature,No traffic control,100 - 110 km/h,Sealed - Dry,Clear,Daylight,Curved - view open,Level,302.0,Veh'S Same Direction: Left Rear,Rear-end,S,0,0,1,0,1,2,0,0,0,0,0,0
366127,Minor injury,2021,May,Monday,18,Hit animal,Other,152.477108511935,-27.4634919854932,Forest Hill - Fernvale Rd,Unknown,Forest Hill - Fernvale Road,Mount Tarampa,Somerset Region,4311,Lowood,Ipswich,Southern,SEQ North,North Coast,Lowood,Ipswich Hinterland,Ipswich,Inner Regional,Nanango,Blair,State-controlled,No Roadway Feature,No traffic control,100 - 110 km/h,Sealed - Dry,Clear,Darkness - Not lighted,Straight,Level,609.0,Pass & Misc: Hit Animal,Hit animal,E,0,0,0,1,1,1,0,0,0,0,0,0
366128,Hospitalisation,2021,May,Tuesday,16,Rear-end,Multi-Vehicle,152.663312072932,-27.4711154089119,Brisbane Valley Hwy,Unknown,Brisbane Valley Highway (Ipswich - Harlin),Fernvale,Somerset Region,4306,Lowood,Ipswich,Southern,SEQ North,North Coast,Lowood,Ipswich Hinterland,Ipswich,Inner Regional,Lockyer,Blair,State-controlled,No Roadway Feature,No traffic control,100 - 110 km/h,Sealed - Dry,Clear,Daylight,Curved - view open,Level,301.0,Veh'S Same Direction: Rear End,Rear-end,W,0,1,0,0,1,2,0,0,0,0,0,0
366129,Medical treatment,2021,June,Monday,11,Overturned,Single Vehicle,152.48821909203,-27.46921439163,Forest Hill - Fernvale Rd,Unknown,Forest Hill - Fernvale Road,Mount Tarampa,Somerset Region,4311,Lowood,Ipswich,Southern,SEQ North,North Coast,Lowood,Ipswich Hinterland,Ipswich,Inner Regional,Nanango,Blair,State-controlled,No Roadway Feature,No traffic control,80 - 90 km/h,Sealed - Dry,Clear,Daylight,Curved - view obscured,Level,801.0,Off Path-Curve: Off Cway Right Bend,Off carriageway on curve,W,0,0,1,0,1,0,0,1,0,0,0,0
366130,Minor injury,2021,June,Sunday,17,Sideswipe,Multi-Vehicle,152.548369078546,-27.5257373979941,Lowood - Minden Rd,Unknown,,Coolana,Somerset Region,4311,Marburg,Ipswich,Southern,SEQ North,North Coast,Lowood,Ipswich Hinterland,Ipswich,Inner Regional,Lockyer,Blair,Locally-controlled,No Roadway Feature,No traffic control,100 - 110 km/h,Sealed - Dry,Clear,Dawn/Dusk,Curved - view open,Level,408.0,Veh'S Manoeuvring: Entering From Footway,Vehicle leaving driveway,S,0,0,0,1,1,2,0,0,0,0,0,0
366131,Hospitalisation,2021,July,Saturday,11,Fall from vehicle,Single Vehicle,152.668035093885,-27.2983354080132,Mount Glorious Rd,Unknown,Mount Glorious Road,Dundas,Somerset Region,4306,Lowood,Ipswich,Southern,SEQ North,North Coast,Esk,Ipswich Hinterland,Ipswich,Inner Regional,Nanango,Blair,State-controlled,No Roadway Feature,No traffic control,80 - 90 km/h,Sealed - Dry,Clear,Daylight,Curved - view open,Crest,901.0,Pass & Misc: Fell In/From Vehicle,Other,W,0,1,0,0,1,0,1,0,0,0,0,0
366132,Medical treatment,2021,July,Saturday,21,Overturned,Single Vehicle,152.502709087078,-27.4966423932708,Brightview Rd,Unknown,,Brightview,Somerset Region,4311,Lowood,Ipswich,Southern,SEQ North,North Coast,Lowood,Ipswich Hinterland,Ipswich,Inner Regional,Lockyer,Blair,Locally-controlled,No Roadway Feature,No traffic control,100 - 110 km/h,Sealed - Dry,Clear,Darkness - Not lighted,Curved - view open,Level,802.0,Off Path-Curve: Off Cway Left Bend,Off carriageway on curve,E,0,0,1,0,1,1,0,0,0,0,0,0
366133,Medical treatment,2021,July,Tuesday,8,Rear-end,Multi-Vehicle,152.638978080185,-27.4338204062104,Brisbane Valley Hwy,Unknown,Brisbane Valley Highway (Ipswich - Harlin),Fernvale,Somerset Region,4306,Lowood,Ipswich,Southern,SEQ North,North Coast,Lowood,Ipswich Hinterland,Ipswich,Inner Regional,Lockyer,Blair,State-controlled,No Roadway Feature,No traffic control,100 - 110 km/h,Sealed - Dry,Clear,Daylight,Curved - view open,Level,301.0,Veh'S Same Direction: Rear End,Rear-end,N,0,0,1,0,1,1,0,1,0,0,0,0
366134,Hospitalisation,2021,July,Wednesday,11,Sideswipe,Multi-Vehicle,152.659815074396,-27.4623754084968,Beeston Dr,Brisbane Valley Hwy,Brisbane Valley Highway (Ipswich - Harlin),Fernvale,Somerset Region,4306,Lowood,Ipswich,Southern,SEQ North,North Coast,Lowood,Ipswich Hinterland,Ipswich,Inner Regional,Lockyer,Blair,State-controlled,Intersection - T-Junction,No traffic control,100 - 110 km/h,Sealed - Dry,Clear,Daylight,Straight,Level,201.0,Veh'S Opposite Approach: Head On,Head-on,W,0,1,0,0,1,2,0,0,0,0,0,0
366135,Fatal,2021,July,Saturday,11,Hit object,Single Vehicle,152.494520100812,-27.3925843916442,Cloake St,Unknown,,Coominya,Somerset Region,4311,Lowood,Ipswich,Southern,SEQ North,North Coast,Lowood,Ipswich Hinterland,Ipswich,Inner Regional,Nanango,Blair,Locally-controlled,No Roadway Feature,No traffic control,100 - 110 km/h,Sealed - Dry,Clear,Daylight,Straight,Level,704.0,Off Path-Straight:Right Off Cway Hit Obj,Off carriageway on straight hit object,S,1,0,0,0,1,1,0,0,0,0,0,0
366136,Hospitalisation,2021,July,Monday,16,Angle,Multi-Vehicle,152.52485308154,-27.5220733956497,Bichels Rd,Schulz Rd,,Prenzlau,Somerset Region,4311,Lowood,Ipswich,Southern,SEQ North,North Coast,Lowood,Ipswich Hinterland,Ipswich,Inner Regional,Lockyer,Blair,Locally-controlled,Intersection - T-Junction,No traffic control,60 km/h,Sealed - Dry,Clear,Daylight,Straight,Level,707.0,Off Path-Straight: Right Turn,Off carriageway on straight,W,0,1,0,0,1,0,1,0,0,0,0,0
366137,Minor injury,2021,July,Tuesday,17,Overturned,Single Vehicle,152.537183289406,-27.4720178684686,Forest Hill - Fernvale Rd,Unknown,Forest Hill - Fernvale Road,Rifle Range,Somerset Region,4311,Lowood,Ipswich,Southern,SEQ North,North Coast,Lowood,Ipswich Hinterland,Ipswich,Inner Regional,Lockyer,Blair,State-controlled,No Roadway Feature,No traffic control,100 - 110 km/h,Sealed - Dry,Clear,Darkness - Not lighted,Curved - view open,Level,201.0,Veh'S Opposite Approach: Head On,Head-on,S,0,0,0,1,1,2,0,0,0,0,0,0
366138,Hospitalisation,2021,August,Sunday,9,Angle,Multi-Vehicle,152.668000093891,-27.2983194080096,Goffeys Rd,Mount Glorious Rd,Mount Glorious Road,Dundas,Somerset Region,4306,Lowood,Ipswich,Southern,SEQ North,North Coast,Esk,Ipswich Hinterland,Ipswich,Inner Regional,Nanango,Blair,State-controlled,Intersection - T-Junction,No traffic control,80 - 90 km/h,Sealed - Dry,Clear,Daylight,Straight,Level,506.0,Veh'S Overtaking: Overtake-Right Turn,Overtaking same direction,N,0,1,0,0,1,0,2,0,0,0,0,0
366139,Hospitalisation,2021,September,Wednesday,13,Hit object,Single Vehicle,152.552361083884,-27.47917739802,Klibbe Rd,Unknown,,Lowood,Somerset Region,4311,Lowood,Ipswich,Southern,SEQ North,North Coast,Lowood,Ipswich Hinterland,Ipswich,Inner Regional,Lockyer,Blair,Locally-controlled,No Roadway Feature,No traffic control,80 - 90 km/h,Sealed - Dry,Clear,Daylight,Straight,Grade,704.0,Off Path-Straight:Right Off Cway Hit Obj,Off carriageway on straight hit object,W,0,1,0,0,1,1,0,0,0,0,0,0
366140,Hospitalisation,2021,September,Saturday,10,Fall from vehicle,Single Vehicle,152.443532458482,-27.3503967793042,Willaura Dr,Unknown,,Coominya,Somerset Region,4311,Esk,Ipswich,Southern,SEQ North,North Coast,Lowood,Ipswich Hinterland,Ipswich,Inner Regional,Nanango,Blair,Locally-controlled,No Roadway Feature,No traffic control,100 - 110 km/h,Sealed - Dry,Clear,Daylight,Straight,Level,705.0,Off Path-Straight:Out Of Control On Cway,Out of control on straight,E,0,1,0,0,1,0,1,0,0,0,0,0
366141,Hospitalisation,2021,September,Wednesday,13,Sideswipe,Multi-Vehicle,152.648016077138,-27.4505274072361,Brisbane Valley Hwy,Unknown,Brisbane Valley Highway (Ipswich - Harlin),Fernvale,Somerset Region,4306,Lowood,Ipswich,Southern,SEQ North,North Coast,Lowood,Ipswich Hinterland,Ipswich,Inner Regional,Lockyer,Blair,State-controlled,No Roadway Feature,No traffic control,60 km/h,Sealed - Dry,Clear,Daylight,Straight,Level,201.0,Veh'S Opposite Approach: Head On,Head-on,S,0,1,0,0,1,1,0,1,0,0,0,0
366142,Hospitalisation,2021,September,Monday,6,Hit object,Single Vehicle,152.519087078727,-27.5498183953011,Warrego Hwy,Unknown,Warrego Highway (Ipswich - Toowoomba),Prenzlau,Somerset Region,4311,Marburg,Ipswich,Southern,SEQ North,North Coast,Lowood,Ipswich Hinterland,Ipswich,Inner Regional,Lockyer,Blair,State-controlled,No Roadway Feature,No traffic control,100 - 110 km/h,Sealed - Dry,Clear,Dawn/Dusk,Curved - view open,Level,803.0,Off Path-Curve: Off Cway Rt Bend Hit Obj,Off carriageway on curve hit object,E,0,1,0,0,1,1,0,0,0,0,0,0
366143,Hospitalisation,2021,October,Saturday,15,Hit object,Single Vehicle,152.408445116575,-27.3395833827793,Willaura Dr,Unknown,,Mount Hallen,Somerset Region,4312,Esk,Ipswich,Southern,SEQ North,North Coast,Esk,Ipswich Hinterland,Ipswich,Inner Regional,Nanango,Blair,Locally-controlled,No Roadway Feature,No traffic control,100 - 110 km/h,Sealed - Dry,Clear,Daylight,Straight,Grade,705.0,Off Path-Straight:Out Of Control On Cway,Out of control on straight,E,0,2,0,1,3,1,0,0,0,0,0,0