Crash_Ref_Number,Crash_Severity,Crash_Year,Crash_Month,Crash_Day_Of_Week,Crash_Hour,Crash_Nature,Crash_Type,Crash_Longitude,Crash_Latitude,Crash_Street,Crash_Street_Intersecting,State_Road_Name,Loc_Suburb,Loc_Local_Government_Area,Loc_Post_Code,Loc_Police_Division,Loc_Police_District,Loc_Police_Region,Loc_Queensland_Transport_Region,Loc_Main_Roads_Region,Loc_ABS_Statistical_Area_2,Loc_ABS_Statistical_Area_3,Loc_ABS_Statistical_Area_4,Loc_ABS_Remoteness,Loc_State_Electorate,Loc_Federal_Electorate,Crash_Controlling_Authority,Crash_Roadway_Feature,Crash_Traffic_Control,Crash_Speed_Limit,Crash_Road_Surface_Condition,Crash_Atmospheric_Condition,Crash_Lighting_Condition,Crash_Road_Horiz_Align,Crash_Road_Vert_Align,Crash_DCA_Code,Crash_DCA_Description,Crash_DCA_Group_Description,DCA_Key_Approach_Dir,Count_Casualty_Fatality,Count_Casualty_Hospitalised,Count_Casualty_MedicallyTreated,Count_Casualty_MinorInjury,Count_Casualty_Total,Count_Unit_Car,Count_Unit_Motorcycle_Moped,Count_Unit_Truck,Count_Unit_Bus,Count_Unit_Bicycle,Count_Unit_Pedestrian,Count_Unit_Other
366144,Hospitalisation,2021,October,Monday,19,Hit animal,Other,152.620768534138,-27.3128441234543,Wivenhoe - Somerset Rd,Unknown,Wivenhoe - Somerset Road,Lake Wivenhoe,Somerset Region,4312,Lowood,Ipswich,Southern,SEQ North,North Coast,Esk,Ipswich Hinterland,Ipswich,Inner Regional,Nanango,Blair,State-controlled,No Roadway Feature,No traffic control,80 - 90 km/h,Sealed - Wet,Raining,Darkness - Not lighted,Straight,Level,609.0,Pass & Misc: Hit Animal,Hit animal,N,0,1,0,0,1,1,0,0,0,0,0,0
366145,Hospitalisation,2021,October,Friday,12,Hit object,Single Vehicle,152.400733119648,-27.3212863818794,Gatton - Esk Rd,Unknown,Gatton-Esk Road,Mount Hallen,Somerset Region,4312,Esk,Ipswich,Southern,SEQ North,North Coast,Esk,Ipswich Hinterland,Ipswich,Inner Regional,Nanango,Blair,State-controlled,No Roadway Feature,No traffic control,100 - 110 km/h,Sealed - Dry,Clear,Daylight,Straight,Crest,703.0,Off Path-Straight: Left Off Cway Hit Obj,Off carriageway on straight hit object,N,0,1,0,0,1,1,0,0,0,0,0,0
366146,Medical treatment,2021,October,Saturday,21,Hit object,Single Vehicle,152.638038082884,-27.4128994059522,Wivenhoe - Somerset Rd,Unknown,Wivenhoe - Somerset Road,Wivenhoe Pocket,Somerset Region,4306,Lowood,Ipswich,Southern,SEQ North,North Coast,Lowood,Ipswich Hinterland,Ipswich,Inner Regional,Nanango,Blair,State-controlled,No Roadway Feature,No traffic control,80 - 90 km/h,Sealed - Dry,Clear,Darkness - Not lighted,Curved - view open,Grade,804.0,Off Path-Curve: Off Cway Lt Bend Hit Obj,Off carriageway on curve hit object,E,0,0,1,0,1,1,0,0,0,0,0,0
366147,Hospitalisation,2021,November,Sunday,20,Angle,Multi-Vehicle,152.502889348687,-27.4915609762484,Brightview Rd,Unknown,,Brightview,Somerset Region,4311,Lowood,Ipswich,Southern,SEQ North,North Coast,Lowood,Ipswich Hinterland,Ipswich,Inner Regional,Lockyer,Blair,Locally-controlled,No Roadway Feature,No traffic control,100 - 110 km/h,Sealed - Wet,Raining,Darkness - Not lighted,Curved - view open,Level,804.0,Off Path-Curve: Off Cway Lt Bend Hit Obj,Off carriageway on curve hit object,S,0,1,0,0,1,1,0,0,0,0,0,0
366148,Hospitalisation,2021,November,Wednesday,9,Rear-end,Multi-Vehicle,152.406381960842,-27.3392085965743,Willaura Dr,Unknown,,Mount Hallen,Somerset Region,4312,Esk,Ipswich,Southern,SEQ North,North Coast,Esk,Ipswich Hinterland,Ipswich,Inner Regional,Nanango,Blair,Locally-controlled,No Roadway Feature,No traffic control,0 - 50 km/h,Sealed - Dry,Clear,Daylight,Curved - view open,Grade,303.0,Veh'S Same Direction: Right Rear,Rear-end,,0,1,0,1,2,2,0,0,0,0,0,0
366149,Fatal,2021,November,Wednesday,5,Angle,Multi-Vehicle,152.485198095082,-27.4471383911589,Coominya Connection Rd,Watsons Rd,Coominya Connection Road,Mount Tarampa,Somerset Region,4311,Lowood,Ipswich,Southern,SEQ North,North Coast,Lowood,Ipswich Hinterland,Ipswich,Inner Regional,Nanango,Blair,State-controlled,Intersection - Cross,Stop sign,100 - 110 km/h,Sealed - Dry,Clear,Daylight,Straight,Level,101.0,Veh'S Adjacent Approach: Thru-Thru,Intersection from adjacent approaches,E,1,2,0,0,3,1,0,0,0,0,0,1
366150,Hospitalisation,2021,December,Saturday,17,Head-on,Multi-Vehicle,152.487359365406,-27.4345281062717,Coominya Connection Rd,Unknown,Coominya Connection Road,Clarendon,Somerset Region,4311,Lowood,Ipswich,Southern,SEQ North,North Coast,Lowood,Ipswich Hinterland,Ipswich,Inner Regional,Nanango,Blair,State-controlled,No Roadway Feature,No traffic control,100 - 110 km/h,Sealed - Dry,Clear,Daylight,Straight,Level,705.0,Off Path-Straight:Out Of Control On Cway,Out of control on straight,N,0,1,1,0,2,1,1,0,0,0,0,0
366151,Medical treatment,2020,January,Thursday,8,Hit pedestrian,Hit pedestrian,153.063571016936,-27.5737574496473,Elva St,Mains Rd,,Sunnybank,Brisbane City,4109,Upper Mount Gravatt,South Brisbane,Brisbane,SEQ South,Metropolitan,Sunnybank,Sunnybank,Brisbane - South,Major Cities,Toohey,Moreton,Locally-controlled,Intersection - T-Junction,Give way sign,0 - 50 km/h,Sealed - Dry,Clear,Daylight,Straight,Level,0.0,Ped'N: Hit Other,Other,E,0,0,1,0,1,1,0,0,0,0,1,0
366152,Hospitalisation,2020,January,Thursday,12,Hit object,Single Vehicle,153.098122011517,-27.5871334532288,Gateway Art Rd On Ramp,Gateway Arterial Rd,Gateway Extension Motorway (Drewvale - Eight Mile Plains),Eight Mile Plains,Brisbane City,4113,Upper Mount Gravatt,South Brisbane,Brisbane,SEQ South,Metropolitan,Eight Mile Plains,Mt Gravatt,Brisbane - South,Major Cities,Toohey,Moreton,State-controlled,Intersection - Interchange,No traffic control,100 - 110 km/h,Sealed - Wet,Raining,Daylight,Straight,Level,704.0,Off Path-Straight:Right Off Cway Hit Obj,Off carriageway on straight hit object,N,0,2,0,0,2,0,0,1,0,0,0,0
366153,Medical treatment,2020,January,Thursday,15,Rear-end,Multi-Vehicle,153.098122011492,-27.5873334532304,Gateway Art Rd On Ramp,Gateway Arterial Rd,Gateway Extension Motorway (Drewvale - Eight Mile Plains),Eight Mile Plains,Brisbane City,4113,Upper Mount Gravatt,South Brisbane,Brisbane,SEQ South,Metropolitan,Eight Mile Plains,Mt Gravatt,Brisbane - South,Major Cities,Toohey,Moreton,State-controlled,Intersection - Interchange,No traffic control,100 - 110 km/h,Sealed - Dry,Clear,Daylight,Straight,Level,301.0,Veh'S Same Direction: Rear End,Rear-end,S,0,0,1,0,1,2,0,0,0,0,0,0
366154,Hospitalisation,2020,January,Thursday,23,Angle,Multi-Vehicle,153.060136017612,-27.5713474492829,Mccullough St,Woodsiana St,,Sunnybank,Brisbane City,4109,Upper Mount Gravatt,South Brisbane,Brisbane,SEQ South,Metropolitan,Sunnybank,Sunnybank,Brisbane - South,Major Cities,Toohey,Moreton,Locally-controlled,Intersection - T-Junction,Operating traffic lights,60 km/h,Sealed - Dry,Clear,Darkness - Lighted,Straight,Level,104.0,Veh'S Adjacent Approach: Thru-Right,Intersection from adjacent approaches,E,0,1,0,0,1,2,0,0,0,0,0,0
366155,Medical treatment,2020,January,Thursday,11,Rear-end,Multi-Vehicle,153.091654013813,-27.5745184524782,Logan Rd,Unknown,Logan Sub-Arterial Road,Eight Mile Plains,Brisbane City,4113,Upper Mount Gravatt,South Brisbane,Brisbane,SEQ South,Metropolitan,Eight Mile Plains,Mt Gravatt,Brisbane - South,Major Cities,Toohey,Moreton,State-controlled,No Roadway Feature,No traffic control,60 km/h,Sealed - Wet,Raining,Daylight,Straight,Level,301.0,Veh'S Same Direction: Rear End,Rear-end,S,0,0,1,0,1,2,0,0,0,0,0,0
366156,Medical treatment,2020,January,Thursday,5,Rear-end,Multi-Vehicle,153.079700016904,-27.560290451163,Kessels Rd,Unknown,Griffith Arterial Road,Upper Mount Gravatt,Brisbane City,4122,Upper Mount Gravatt,South Brisbane,Brisbane,SEQ South,Metropolitan,Upper Mount Gravatt,Mt Gravatt,Brisbane - South,Major Cities,Mansfield,Bonner,State-controlled,No Roadway Feature,No traffic control,60 km/h,Sealed - Wet,Raining,Dawn/Dusk,Straight,Level,301.0,Veh'S Same Direction: Rear End,Rear-end,N,0,0,1,0,1,3,0,0,0,0,0,0
366157,Hospitalisation,2020,January,Sunday,23,Angle,Multi-Vehicle,153.117684014738,-27.545113454867,Gateway Art Rd Ramp Xi,Mt Gravatt - Capalaba Rd,Redland Sub-Arterial Road,Rochedale,Brisbane City,4156,Upper Mount Gravatt,South Brisbane,Brisbane,SEQ South,Metropolitan,Rochedale - Burbank,Mt Gravatt,Brisbane - South,Major Cities,Mansfield,Bonner,State-controlled,Intersection - Interchange,Operating traffic lights,70 km/h,Sealed - Dry,Clear,Darkness - Lighted,Straight,Grade,202.0,Veh'S Opposite Approach: Thru-Right,Opposing vehicles turning,E,0,1,1,0,2,2,0,0,0,0,0,0
366158,Minor injury,2020,January,Monday,13,Angle,Multi-Vehicle,153.092457017644,-27.5436064523149,Broadwater Rd,Newnham Rd,,Mount Gravatt East,Brisbane City,4122,Holland Park,South Brisbane,Brisbane,SEQ South,Metropolitan,Wishart,Mt Gravatt,Brisbane - South,Major Cities,Mansfield,Bonner,Locally-controlled,Intersection - Cross,Operating traffic lights,60 km/h,Sealed - Dry,Clear,Daylight,Straight,Crest,202.0,Veh'S Opposite Approach: Thru-Right,Opposing vehicles turning,W,0,0,0,1,1,2,0,0,0,0,0,0
366159,Medical treatment,2020,January,Tuesday,8,Angle,Multi-Vehicle,153.098613008946,-27.6069834534349,Beenleigh Rd,Stiller Dr,,Kuraby,Brisbane City,4112,Upper Mount Gravatt,South Brisbane,Brisbane,SEQ South,Metropolitan,Kuraby,Sunnybank,Brisbane - South,Major Cities,Stretton,Moreton,Locally-controlled,Intersection - Cross,Operating traffic lights,60 km/h,Sealed - Dry,Clear,Daylight,Straight,Level,101.0,Veh'S Adjacent Approach: Thru-Thru,Intersection from adjacent approaches,N,0,0,1,0,1,2,0,0,0,0,0,0
366160,Medical treatment,2020,January,Tuesday,16,Rear-end,Multi-Vehicle,153.065924019658,-27.5502574496983,Klumpp Rd,Mains Rd,South-East Arterial Road (Pacific Motorway),Upper Mount Gravatt,Brisbane City,4122,Upper Mount Gravatt,South Brisbane,Brisbane,SEQ South,Metropolitan,Salisbury - Nathan,Nathan,Brisbane - South,Major Cities,Toohey,Moreton,State-controlled,Intersection - Cross,Operating traffic lights,60 km/h,Sealed - Dry,Clear,Daylight,Straight,Level,301.0,Veh'S Same Direction: Rear End,Rear-end,E,0,0,1,0,1,2,0,0,0,0,0,0
366161,Minor injury,2020,January,Friday,15,Sideswipe,Multi-Vehicle,153.063571016936,-27.5737574496473,Elva St,Mains Rd,,Sunnybank,Brisbane City,4109,Upper Mount Gravatt,South Brisbane,Brisbane,SEQ South,Metropolitan,Sunnybank,Sunnybank,Brisbane - South,Major Cities,Toohey,Moreton,Locally-controlled,Intersection - T-Junction,No traffic control,60 km/h,Sealed - Dry,Clear,Daylight,Straight,Level,309.0,Veh'S Same Direction: Left Turn S/Swipe,Parallel lanes turning,S,0,0,0,2,2,2,0,0,0,0,0,0
366162,Medical treatment,2020,January,Sunday,18,Rear-end,Multi-Vehicle,153.087878015237,-27.5664934520348,Logan Rd,Newnham Rd,Logan Sub-Arterial Road,Upper Mount Gravatt,Brisbane City,4122,Upper Mount Gravatt,South Brisbane,Brisbane,SEQ South,Metropolitan,Upper Mount Gravatt,Mt Gravatt,Brisbane - South,Major Cities,Mansfield,Bonner,State-controlled,Intersection - Cross,Operating traffic lights,60 km/h,Sealed - Dry,Clear,Darkness - Lighted,Straight,Level,303.0,Veh'S Same Direction: Right Rear,Rear-end,E,0,0,1,1,2,2,0,0,0,0,0,0
366163,Minor injury,2020,January,Thursday,17,Rear-end,Multi-Vehicle,153.091639016288,-27.5550004523225,Dawson Rd,Mt Gravatt - Capalaba Rd,Redland Sub-Arterial Road,Wishart,Brisbane City,4122,Upper Mount Gravatt,South Brisbane,Brisbane,SEQ South,Metropolitan,Wishart,Mt Gravatt,Brisbane - South,Major Cities,Mansfield,Bonner,State-controlled,Intersection - T-Junction,No traffic control,60 km/h,Sealed - Dry,Clear,Daylight,Straight,Level,302.0,Veh'S Same Direction: Left Rear,Rear-end,E,0,0,0,1,1,1,1,0,0,0,0,0
366164,Hospitalisation,2020,January,Friday,21,Angle,Multi-Vehicle,153.078936010576,-27.6108764514854,Gateway Arterial Rd,Persse Rd,Gateway Extension Motorway (Drewvale - Eight Mile Plains),Runcorn,Brisbane City,4113,Acacia Ridge,South Brisbane,Brisbane,SEQ South,Metropolitan,Kuraby,Sunnybank,Brisbane - South,Major Cities,Stretton,Moreton,State-controlled,Intersection - T-Junction,No traffic control,60 km/h,Sealed - Dry,Clear,Darkness - Lighted,Straight,Level,202.0,Veh'S Opposite Approach: Thru-Right,Opposing vehicles turning,N,0,2,0,1,3,2,0,0,0,0,0,0
366165,Medical treatment,2020,January,Friday,23,Angle,Multi-Vehicle,153.100772011525,-27.5848184534773,Gateway Art Rd Off Ramp,Gateway Art Rd On Ramp,Logan Sub-Arterial Road,Eight Mile Plains,Brisbane City,4113,Upper Mount Gravatt,South Brisbane,Brisbane,SEQ South,Metropolitan,Eight Mile Plains,Mt Gravatt,Brisbane - South,Major Cities,Toohey,Moreton,State-controlled,Intersection - Interchange,Operating traffic lights,80 - 90 km/h,Sealed - Dry,Clear,Darkness - Lighted,Straight,Level,104.0,Veh'S Adjacent Approach: Thru-Right,Intersection from adjacent approaches,E,0,0,1,0,1,2,0,0,0,0,0,0
366166,Medical treatment,2020,February,Saturday,14,Angle,Multi-Vehicle,153.086958015652,-27.5640044519225,Link St,Logan Rd,Logan Sub-Arterial Road,Upper Mount Gravatt,Brisbane City,4122,Upper Mount Gravatt,South Brisbane,Brisbane,SEQ South,Metropolitan,Upper Mount Gravatt,Mt Gravatt,Brisbane - South,Major Cities,Mansfield,Bonner,State-controlled,Intersection - Cross,Operating traffic lights,60 km/h,Sealed - Dry,Clear,Darkness - Lighted,Straight,Level,101.0,Veh'S Adjacent Approach: Thru-Thru,Intersection from adjacent approaches,S,0,0,2,0,2,2,0,0,0,0,0,0
366167,Hospitalisation,2020,February,Tuesday,18,Rear-end,Multi-Vehicle,153.090575811233,-27.5721226523507,Logan Rd,Unknown,Logan Sub-Arterial Road,Eight Mile Plains,Brisbane City,4113,Upper Mount Gravatt,South Brisbane,Brisbane,SEQ South,Metropolitan,Eight Mile Plains,Mt Gravatt,Brisbane - South,Major Cities,Toohey,Moreton,State-controlled,No Roadway Feature,No traffic control,60 km/h,Sealed - Dry,Clear,Dawn/Dusk,Straight,Grade,301.0,Veh'S Same Direction: Rear End,Rear-end,S,0,1,0,0,1,1,1,0,0,0,0,0
366168,Medical treatment,2020,February,Tuesday,15,Rear-end,Multi-Vehicle,153.100572015451,-27.554023453214,Mt Gravatt - Capalaba Rd,Unknown,Redland Sub-Arterial Road,Wishart,Brisbane City,4122,Upper Mount Gravatt,South Brisbane,Brisbane,SEQ South,Metropolitan,Wishart,Mt Gravatt,Brisbane - South,Major Cities,Mansfield,Bonner,State-controlled,No Roadway Feature,No traffic control,60 km/h,Sealed - Wet,Clear,Daylight,Straight,Level,301.0,Veh'S Same Direction: Rear End,Rear-end,N,0,0,1,0,1,2,0,1,0,0,0,0
366169,Medical treatment,2020,February,Wednesday,17,Angle,Multi-Vehicle,153.044123020397,-27.5629724476077,Boundary St,Nyleta St,,Coopers Plains,Brisbane City,4108,Upper Mount Gravatt,South Brisbane,Brisbane,SEQ South,Metropolitan,Coopers Plains,Nathan,Brisbane - South,Major Cities,Toohey,Moreton,Locally-controlled,Intersection - Cross,Give way sign,0 - 50 km/h,Sealed - Dry,Clear,Daylight,Straight,Level,101.0,Veh'S Adjacent Approach: Thru-Thru,Intersection from adjacent approaches,E,0,0,1,0,1,2,0,0,0,0,0,0
366170,Medical treatment,2020,February,Wednesday,14,Hit parked vehicle,Single Vehicle,153.090736010072,-27.6048064526248,Beenleigh Rd,Unknown,,Kuraby,Brisbane City,4112,Upper Mount Gravatt,South Brisbane,Brisbane,SEQ South,Metropolitan,Kuraby,Sunnybank,Brisbane - South,Major Cities,Stretton,Moreton,Locally-controlled,No Roadway Feature,No traffic control,60 km/h,Sealed - Dry,Clear,Daylight,Straight,Level,403.0,Veh'S Manoeuvring: Parking Veh'S Only,Other,S,0,0,1,0,1,2,0,0,0,0,0,0
366171,Minor injury,2020,February,Thursday,8,Rear-end,Multi-Vehicle,153.06350589144,-27.5461323014226,Pacific Hwy,Unknown,South-East Arterial Road (Pacific Motorway),Mount Gravatt,Brisbane City,4122,Upper Mount Gravatt,South Brisbane,Brisbane,SEQ South,Metropolitan,Mount Gravatt,Mt Gravatt,Brisbane - South,Major Cities,Mansfield,Bonner,State-controlled,No Roadway Feature,No traffic control,100 - 110 km/h,Sealed - Wet,Raining,Daylight,Straight,Level,301.0,Veh'S Same Direction: Rear End,Rear-end,S,0,0,0,1,1,2,0,0,0,0,0,0
366172,Hospitalisation,2020,February,Thursday,9,Sideswipe,Multi-Vehicle,153.098617011536,-27.5865654532741,Gateway Arterial Rd,Unknown,Gateway Extension Motorway (Drewvale - Eight Mile Plains),Eight Mile Plains,Brisbane City,4113,Upper Mount Gravatt,South Brisbane,Brisbane,SEQ South,Metropolitan,Eight Mile Plains,Mt Gravatt,Brisbane - South,Major Cities,Toohey,Moreton,State-controlled,No Roadway Feature,No traffic control,100 - 110 km/h,Sealed - Wet,Raining,Daylight,Straight,Level,306.0,Veh'S Same Direction: Lane Change Right,Lane changes,N,0,1,0,0,1,2,0,1,0,0,0,0
366173,Hospitalisation,2020,February,Thursday,15,Rear-end,Multi-Vehicle,153.107237012445,-27.5720694540276,Gateway Art Rd Ramp Md,Gateway Arterial Rd,Gateway Motorway (Eight Mile Plains - Nudgee),Rochedale,Brisbane City,4123,Upper Mount Gravatt,South Brisbane,Brisbane,SEQ South,Metropolitan,Rochedale - Burbank,Mt Gravatt,Brisbane - South,Major Cities,Mansfield,Bonner,State-controlled,Intersection - Interchange,No traffic control,100 - 110 km/h,Sealed - Wet,Raining,Daylight,Straight,Level,300.0,Veh'S Same Direction: Other,Other,N,0,2,1,3,6,6,0,0,0,0,0,0
366174,Hospitalisation,2020,February,Saturday,15,Rear-end,Multi-Vehicle,153.082183016016,-27.5651904514515,Pacific Hwy,Unknown,South-East Arterial Road (Pacific Motorway),Macgregor,Brisbane City,4109,Upper Mount Gravatt,South Brisbane,Brisbane,SEQ South,Metropolitan,Macgregor (qld),Mt Gravatt,Brisbane - South,Major Cities,Mansfield,Moreton,State-controlled,No Roadway Feature,No traffic control,100 - 110 km/h,Sealed - Wet,Raining,Daylight,Straight,Grade,301.0,Veh'S Same Direction: Rear End,Rear-end,W,0,1,0,0,1,2,0,0,0,0,0,0
366175,Minor injury,2020,February,Sunday,9,Rear-end,Multi-Vehicle,153.119515014517,-27.545306455053,Mt Gravatt - Capalaba Rd,Unknown,Redland Sub-Arterial Road,Rochedale,Brisbane City,4156,Upper Mount Gravatt,South Brisbane,Brisbane,SEQ South,Metropolitan,Rochedale - Burbank,Mt Gravatt,Brisbane - South,Major Cities,Mansfield,Bonner,State-controlled,No Roadway Feature,Give way sign,60 km/h,Sealed - Wet,Raining,Daylight,Straight,Dip,301.0,Veh'S Same Direction: Rear End,Rear-end,W,0,0,0,2,2,2,0,0,0,0,0,0
366176,Medical treatment,2020,February,Tuesday,7,Angle,Multi-Vehicle,153.083499011737,-27.5978384518416,Bellmead St,Plum St,,Runcorn,Brisbane City,4113,Upper Mount Gravatt,South Brisbane,Brisbane,SEQ South,Metropolitan,Runcorn,Sunnybank,Brisbane - South,Major Cities,Stretton,Moreton,Locally-controlled,Intersection - Cross,Operating traffic lights,60 km/h,Sealed - Dry,Clear,Daylight,Straight,Grade,202.0,Veh'S Opposite Approach: Thru-Right,Opposing vehicles turning,N,0,0,3,0,3,2,0,0,0,0,0,0
366177,Minor injury,2020,February,Wednesday,15,Rear-end,Multi-Vehicle,153.085006012608,-27.5896794519288,Warrigal Rd,Unknown,,Eight Mile Plains,Brisbane City,4113,Upper Mount Gravatt,South Brisbane,Brisbane,SEQ South,Metropolitan,Runcorn,Sunnybank,Brisbane - South,Major Cities,Stretton,Moreton,Locally-controlled,No Roadway Feature,No traffic control,60 km/h,Sealed - Dry,Clear,Daylight,Straight,Level,301.0,Veh'S Same Direction: Rear End,Rear-end,S,0,0,0,1,1,3,0,0,0,0,0,0
366178,Minor injury,2020,February,Wednesday,17,Rear-end,Multi-Vehicle,153.088909014819,-27.5689134521576,South East Arterial Rd,Unknown,South-East Arterial Road (Pacific Motorway),Eight Mile Plains,Brisbane City,4113,Upper Mount Gravatt,South Brisbane,Brisbane,SEQ South,Metropolitan,Eight Mile Plains,Mt Gravatt,Brisbane - South,Major Cities,Toohey,Bonner,State-controlled,Intersection - Interchange,No traffic control,60 km/h,Sealed - Wet,Raining,Daylight,Curved - view open,Level,301.0,Veh'S Same Direction: Rear End,Rear-end,E,0,0,0,1,1,2,0,0,0,0,0,0
366179,Medical treatment,2020,February,Wednesday,3,Angle,Multi-Vehicle,153.087005013762,-27.5788744520447,Warrigal Rd,Unknown,,Eight Mile Plains,Brisbane City,4113,Upper Mount Gravatt,South Brisbane,Brisbane,SEQ South,Metropolitan,Eight Mile Plains,Mt Gravatt,Brisbane - South,Major Cities,Toohey,Moreton,Locally-controlled,No Roadway Feature,No traffic control,60 km/h,Sealed - Dry,Clear,Daylight,Straight,Level,301.0,Veh'S Same Direction: Rear End,Rear-end,N,0,0,1,0,1,2,0,0,0,0,0,0
366180,Medical treatment,2020,February,Wednesday,2,Rear-end,Multi-Vehicle,153.090258014357,-27.5714174523132,Logan Rd,South East Arterial Rd,Logan Sub-Arterial Road,Eight Mile Plains,Brisbane City,4113,Upper Mount Gravatt,South Brisbane,Brisbane,SEQ South,Metropolitan,Eight Mile Plains,Mt Gravatt,Brisbane - South,Major Cities,Toohey,Moreton,State-controlled,Intersection - Interchange,Give way sign,60 km/h,Sealed - Dry,Clear,Daylight,Curved - view obscured,Level,302.0,Veh'S Same Direction: Left Rear,Rear-end,W,0,0,1,0,1,2,0,0,0,0,0,0
366181,Hospitalisation,2020,February,Thursday,15,Overturned,Single Vehicle,153.079441010163,-27.6137074515586,Compton Rd,Gateway Arterial Rd,Gateway Extension Motorway (Drewvale - Eight Mile Plains),Stretton,Brisbane City,4116,Calamvale,South Brisbane,Brisbane,SEQ South,Metropolitan,Kuraby,Sunnybank,Brisbane - South,Major Cities,Stretton,Moreton,State-controlled,Intersection - Cross,Operating traffic lights,70 km/h,Sealed - Wet,Raining,Daylight,Straight,Level,104.0,Veh'S Adjacent Approach: Thru-Right,Intersection from adjacent approaches,E,0,2,0,1,3,2,0,0,0,0,0,0
366182,Medical treatment,2020,February,Thursday,9,Rear-end,Multi-Vehicle,153.091897013706,-27.5751624525077,Logan Rd,Unknown,Logan Sub-Arterial Road,Eight Mile Plains,Brisbane City,4113,Upper Mount Gravatt,South Brisbane,Brisbane,SEQ South,Metropolitan,Eight Mile Plains,Mt Gravatt,Brisbane - South,Major Cities,Toohey,Moreton,State-controlled,No Roadway Feature,No traffic control,70 km/h,Sealed - Wet,Clear,Darkness - Lighted,Straight,Dip,301.0,Veh'S Same Direction: Rear End,Rear-end,S,0,0,1,0,1,2,0,0,0,0,0,0
366183,Hospitalisation,2020,February,Friday,4,Hit object,Single Vehicle,153.06855001796,-27.5614324500506,Griffith Arterial Rd,Unknown,Griffith Arterial Road,Macgregor,Brisbane City,4109,Upper Mount Gravatt,South Brisbane,Brisbane,SEQ South,Metropolitan,Macgregor (qld),Mt Gravatt,Brisbane - South,Major Cities,Toohey,Moreton,State-controlled,Intersection - Interchange,No traffic control,60 km/h,Sealed - Wet,Fog,Darkness - Lighted,Straight,Grade,703.0,Off Path-Straight: Left Off Cway Hit Obj,Off carriageway on straight hit object,W,0,1,0,0,1,1,0,0,0,0,0,0
366184,Minor injury,2020,February,Friday,8,Rear-end,Multi-Vehicle,153.107631015318,-27.5490744538857,Mt Gravatt - Capalaba Rd,Unknown,Redland Sub-Arterial Road,Wishart,Brisbane City,4122,Upper Mount Gravatt,South Brisbane,Brisbane,SEQ South,Metropolitan,Wishart,Mt Gravatt,Brisbane - South,Major Cities,Mansfield,Bonner,State-controlled,No Roadway Feature,No traffic control,70 km/h,Sealed - Dry,Clear,Daylight,Straight,Level,301.0,Veh'S Same Direction: Rear End,Rear-end,N,0,0,0,1,1,1,0,2,0,0,0,0
366185,Hospitalisation,2020,February,Friday,15,Fall from vehicle,Single Vehicle,153.063978016445,-27.5772934497161,Arcoona St,Kylie St,,Sunnybank,Brisbane City,4109,Upper Mount Gravatt,South Brisbane,Brisbane,SEQ South,Metropolitan,Sunnybank,Sunnybank,Brisbane - South,Major Cities,Toohey,Moreton,Locally-controlled,Intersection - T-Junction,No traffic control,0 - 50 km/h,Sealed - Dry,Clear,Daylight,Curved - view obscured,Level,201.0,Veh'S Opposite Approach: Head On,Head-on,S,0,1,0,0,1,1,1,0,0,0,0,0
366186,Hospitalisation,2020,February,Saturday,23,Head-on,Multi-Vehicle,153.040289895882,-27.5624036472181,Nyleta St,Unknown,,Coopers Plains,Brisbane City,4108,Upper Mount Gravatt,South Brisbane,Brisbane,SEQ South,Metropolitan,Coopers Plains,Nathan,Brisbane - South,Major Cities,Toohey,Moreton,Locally-controlled,No Roadway Feature,No traffic control,0 - 50 km/h,Sealed - Dry,Clear,Darkness - Lighted,Straight,Level,201.0,Veh'S Opposite Approach: Head On,Head-on,E,0,1,0,0,1,2,0,0,0,0,0,0
366187,Hospitalisation,2020,February,Wednesday,13,Rear-end,Multi-Vehicle,153.065034979623,-27.5670892667418,Mains Rd,Unknown,,Macgregor,Brisbane City,4109,Upper Mount Gravatt,South Brisbane,Brisbane,SEQ South,Metropolitan,Robertson,Nathan,Brisbane - South,Major Cities,Toohey,Moreton,Locally-controlled,No Roadway Feature,No traffic control,60 km/h,Sealed - Dry,Clear,Daylight,Straight,Level,301.0,Veh'S Same Direction: Rear End,Rear-end,S,0,1,0,0,1,1,1,0,0,0,0,0
366188,Medical treatment,2020,February,Friday,7,Rear-end,Multi-Vehicle,153.106727144278,-27.5738148669901,Gateway Arterial Rd,Unknown,Gateway Motorway (Eight Mile Plains - Nudgee),Rochedale,Brisbane City,4123,Upper Mount Gravatt,South Brisbane,Brisbane,SEQ South,Metropolitan,Rochedale - Burbank,Mt Gravatt,Brisbane - South,Major Cities,Mansfield,Bonner,State-controlled,No Roadway Feature,No traffic control,100 - 110 km/h,Sealed - Dry,Clear,Daylight,Straight,Level,301.0,Veh'S Same Direction: Rear End,Rear-end,N,0,0,1,0,1,3,0,0,0,0,0,0
366189,Medical treatment,2020,February,Tuesday,17,Rear-end,Multi-Vehicle,153.088203015001,-27.56807845208,South East Arterial Rd,Unknown,,Upper Mount Gravatt,Brisbane City,4122,Upper Mount Gravatt,South Brisbane,Brisbane,SEQ South,Metropolitan,Upper Mount Gravatt,Mt Gravatt,Brisbane - South,Major Cities,Mansfield,Bonner,Locally-controlled,Intersection - Interchange,No traffic control,80 - 90 km/h,Sealed - Dry,Clear,Daylight,Straight,Level,301.0,Veh'S Same Direction: Rear End,Rear-end,E,0,0,2,0,2,2,0,0,0,0,0,0
366190,Medical treatment,2020,February,Wednesday,7,Rear-end,Multi-Vehicle,153.058893021938,-27.5382184488964,Pacific Hwy,Unknown,South-East Arterial Road (Pacific Motorway),Mount Gravatt,Brisbane City,4122,Upper Mount Gravatt,South Brisbane,Brisbane,SEQ South,Metropolitan,Mount Gravatt,Mt Gravatt,Brisbane - South,Major Cities,Mansfield,Bonner,State-controlled,No Roadway Feature,No traffic control,100 - 110 km/h,Sealed - Dry,Clear,Daylight,Straight,Level,301.0,Veh'S Same Direction: Rear End,Rear-end,N,0,0,1,0,1,1,0,1,0,0,0,0