Crash_Ref_Number,Crash_Severity,Crash_Year,Crash_Month,Crash_Day_Of_Week,Crash_Hour,Crash_Nature,Crash_Type,Crash_Longitude,Crash_Latitude,Crash_Street,Crash_Street_Intersecting,State_Road_Name,Loc_Suburb,Loc_Local_Government_Area,Loc_Post_Code,Loc_Police_Division,Loc_Police_District,Loc_Police_Region,Loc_Queensland_Transport_Region,Loc_Main_Roads_Region,Loc_ABS_Statistical_Area_2,Loc_ABS_Statistical_Area_3,Loc_ABS_Statistical_Area_4,Loc_ABS_Remoteness,Loc_State_Electorate,Loc_Federal_Electorate,Crash_Controlling_Authority,Crash_Roadway_Feature,Crash_Traffic_Control,Crash_Speed_Limit,Crash_Road_Surface_Condition,Crash_Atmospheric_Condition,Crash_Lighting_Condition,Crash_Road_Horiz_Align,Crash_Road_Vert_Align,Crash_DCA_Code,Crash_DCA_Description,Crash_DCA_Group_Description,DCA_Key_Approach_Dir,Count_Casualty_Fatality,Count_Casualty_Hospitalised,Count_Casualty_MedicallyTreated,Count_Casualty_MinorInjury,Count_Casualty_Total,Count_Unit_Car,Count_Unit_Motorcycle_Moped,Count_Unit_Truck,Count_Unit_Bus,Count_Unit_Bicycle,Count_Unit_Pedestrian,Count_Unit_Other
366191,Medical treatment,2020,February,Friday,11,Angle,Multi-Vehicle,153.087728015297,-27.566149452017,Logan Rd,Macgregor St,Logan Sub-Arterial Road,Upper Mount Gravatt,Brisbane City,4122,Upper Mount Gravatt,South Brisbane,Brisbane,SEQ South,Metropolitan,Upper Mount Gravatt,Mt Gravatt,Brisbane - South,Major Cities,Mansfield,Bonner,State-controlled,Intersection - Cross,Operating traffic lights,70 km/h,Sealed - Dry,Clear,Daylight,Straight,Dip,104.0,Veh'S Adjacent Approach: Thru-Right,Intersection from adjacent approaches,N,0,0,1,1,2,2,0,0,0,0,0,0
366192,Medical treatment,2020,February,Saturday,12,Rear-end,Multi-Vehicle,153.074140888304,-27.5618596526162,Kessels Rd,Unknown,Griffith Arterial Road,Macgregor,Brisbane City,4109,Upper Mount Gravatt,South Brisbane,Brisbane,SEQ South,Metropolitan,Macgregor (qld),Mt Gravatt,Brisbane - South,Major Cities,Toohey,Moreton,State-controlled,No Roadway Feature,No traffic control,60 km/h,Sealed - Dry,Clear,Daylight,Straight,Grade,301.0,Veh'S Same Direction: Rear End,Rear-end,E,0,0,2,0,2,3,0,0,0,0,0,0
366193,Medical treatment,2020,February,Saturday,15,Rear-end,Multi-Vehicle,153.104104011754,-27.5801754537761,Gateway Arterial Rd,Unknown,Gateway Motorway (Eight Mile Plains - Nudgee),Rochedale,Brisbane City,4123,Upper Mount Gravatt,South Brisbane,Brisbane,SEQ South,Metropolitan,Rochedale - Burbank,Mt Gravatt,Brisbane - South,Major Cities,Mansfield,Bonner,State-controlled,No Roadway Feature,No traffic control,100 - 110 km/h,Sealed - Dry,Clear,Daylight,Straight,Level,301.0,Veh'S Same Direction: Rear End,Rear-end,S,0,0,1,1,2,2,0,0,0,0,0,0
366194,Medical treatment,2020,March,Thursday,12,Rear-end,Multi-Vehicle,153.050708495225,-27.5587254992358,Kessels Rd,Troughton Rd,Griffith Arterial Road,Coopers Plains,Brisbane City,4108,Upper Mount Gravatt,South Brisbane,Brisbane,SEQ South,Metropolitan,Salisbury - Nathan,Nathan,Brisbane - South,Major Cities,Toohey,Moreton,State-controlled,Intersection - Cross,Operating traffic lights,60 km/h,Sealed - Dry,Clear,Daylight,Straight,Grade,301.0,Veh'S Same Direction: Rear End,Rear-end,E,0,0,2,0,2,2,0,0,0,0,0,0
366195,Hospitalisation,2020,March,Friday,17,Rear-end,Multi-Vehicle,153.117498021282,-27.5409886418157,Gateway Arterial Rd,Unknown,Gateway Motorway (Eight Mile Plains - Nudgee),Mackenzie,Brisbane City,4156,Upper Mount Gravatt,South Brisbane,Brisbane,SEQ South,Metropolitan,Rochedale - Burbank,Mt Gravatt,Brisbane - South,Major Cities,Mansfield,Bonner,State-controlled,No Roadway Feature,No traffic control,80 - 90 km/h,Sealed - Wet,Clear,Daylight,Curved - view open,Grade,301.0,Veh'S Same Direction: Rear End,Rear-end,S,0,1,0,0,1,1,0,1,0,0,0,0
366196,Medical treatment,2020,March,Friday,17,Angle,Multi-Vehicle,153.08713001384,-27.5781514520516,Chester Rd,Warrigal Rd,,Eight Mile Plains,Brisbane City,4113,Upper Mount Gravatt,South Brisbane,Brisbane,SEQ South,Metropolitan,Eight Mile Plains,Mt Gravatt,Brisbane - South,Major Cities,Toohey,Moreton,Locally-controlled,Intersection - T-Junction,Give way sign,60 km/h,Sealed - Wet,Raining,Daylight,Straight,Grade,104.0,Veh'S Adjacent Approach: Thru-Right,Intersection from adjacent approaches,S,0,0,1,0,1,1,1,0,0,0,0,0
366197,Hospitalisation,2020,March,Friday,6,Rear-end,Multi-Vehicle,153.091681017277,-27.5471594522648,Newnham Rd,Wishart Rd,,Upper Mount Gravatt,Brisbane City,4122,Upper Mount Gravatt,South Brisbane,Brisbane,SEQ South,Metropolitan,Upper Mount Gravatt,Mt Gravatt,Brisbane - South,Major Cities,Mansfield,Bonner,Locally-controlled,Intersection - Cross,Operating traffic lights,60 km/h,Sealed - Dry,Clear,Dawn/Dusk,Straight,Level,301.0,Veh'S Same Direction: Rear End,Rear-end,N,0,1,0,0,1,1,0,1,0,0,0,0
366198,Minor injury,2020,March,Friday,18,Rear-end,Multi-Vehicle,153.099668012763,-27.5759894532964,Invalid Street From Police,Unknown,South-East Arterial Road (Pacific Motorway),Eight Mile Plains,Brisbane City,4113,Upper Mount Gravatt,South Brisbane,Brisbane,SEQ South,Metropolitan,Eight Mile Plains,Mt Gravatt,Brisbane - South,Major Cities,Toohey,Bonner,State-controlled,No Roadway Feature,No traffic control,100 - 110 km/h,Sealed - Dry,Clear,Daylight,Straight,Level,301.0,Veh'S Same Direction: Rear End,Rear-end,E,0,0,0,1,1,2,0,0,0,0,0,0
366199,Medical treatment,2020,March,Sunday,16,Angle,Multi-Vehicle,153.089133015795,-27.5610254521179,Delavan St,Newnham Rd,,Upper Mount Gravatt,Brisbane City,4122,Upper Mount Gravatt,South Brisbane,Brisbane,SEQ South,Metropolitan,Wishart,Mt Gravatt,Brisbane - South,Major Cities,Mansfield,Bonner,Locally-controlled,Intersection - T-Junction,Operating traffic lights,60 km/h,Sealed - Dry,Clear,Daylight,Straight,Grade,202.0,Veh'S Opposite Approach: Thru-Right,Opposing vehicles turning,N,0,0,1,1,2,2,0,0,0,0,0,0
366200,Medical treatment,2020,March,Monday,13,Angle,Multi-Vehicle,153.062117017371,-27.5715644494838,Canna St,Mccullough St,,Sunnybank,Brisbane City,4109,Upper Mount Gravatt,South Brisbane,Brisbane,SEQ South,Metropolitan,Robertson,Nathan,Brisbane - South,Major Cities,Toohey,Moreton,Locally-controlled,Intersection - T-Junction,Operating traffic lights,60 km/h,Sealed - Wet,Clear,Daylight,Straight,Level,202.0,Veh'S Opposite Approach: Thru-Right,Opposing vehicles turning,W,0,0,1,0,1,3,0,0,0,0,0,0
366201,Medical treatment,2020,March,Monday,13,Angle,Multi-Vehicle,153.062045017369,-27.5716364494771,Canna St,Mccullough St,,Sunnybank,Brisbane City,4109,Upper Mount Gravatt,South Brisbane,Brisbane,SEQ South,Metropolitan,Robertson,Nathan,Brisbane - South,Major Cities,Toohey,Moreton,Locally-controlled,Intersection - T-Junction,Operating traffic lights,60 km/h,Sealed - Dry,Clear,Daylight,Straight,Level,202.0,Veh'S Opposite Approach: Thru-Right,Opposing vehicles turning,W,0,0,1,3,4,3,0,0,0,0,0,0
366202,Medical treatment,2020,March,Monday,13,Angle,Multi-Vehicle,153.041227021822,-27.5541694472473,Henson Rd,Orange Grove Rd,,Salisbury,Brisbane City,4107,Upper Mount Gravatt,South Brisbane,Brisbane,SEQ South,Metropolitan,Salisbury - Nathan,Nathan,Brisbane - South,Major Cities,Toohey,Moreton,Locally-controlled,Intersection - T-Junction,Operating traffic lights,60 km/h,Sealed - Wet,Raining,Daylight,Straight,Crest,104.0,Veh'S Adjacent Approach: Thru-Right,Intersection from adjacent approaches,N,0,0,1,0,1,2,0,0,0,0,0,0
366203,Medical treatment,2020,March,Monday,17,Rear-end,Multi-Vehicle,153.064814662595,-27.5674983807229,Mains Rd,Unknown,,Macgregor,Brisbane City,4109,Upper Mount Gravatt,South Brisbane,Brisbane,SEQ South,Metropolitan,Robertson,Nathan,Brisbane - South,Major Cities,Toohey,Moreton,Locally-controlled,No Roadway Feature,No traffic control,60 km/h,Sealed - Wet,Raining,Daylight,Straight,Level,301.0,Veh'S Same Direction: Rear End,Rear-end,N,0,0,2,0,2,2,0,0,0,0,0,0
366204,Hospitalisation,2020,March,Friday,18,Rear-end,Multi-Vehicle,153.104087064414,-27.5828767397958,Pacific Hwy,Unknown,South-East Arterial Road (Pacific Motorway),Eight Mile Plains,Brisbane City,4113,Upper Mount Gravatt,South Brisbane,Brisbane,SEQ South,Metropolitan,Rochedale - Burbank,Mt Gravatt,Brisbane - South,Major Cities,Toohey,Bonner,State-controlled,No Roadway Feature,No traffic control,80 - 90 km/h,Sealed - Dry,Clear,Darkness - Lighted,Straight,Level,301.0,Veh'S Same Direction: Rear End,Rear-end,N,0,1,1,0,2,3,0,0,0,0,0,0
366205,Minor injury,2020,March,Sunday,15,Rear-end,Multi-Vehicle,153.081069016807,-27.5598944512976,Kessels Rd,Logan Rd,Griffith Arterial Road,Upper Mount Gravatt,Brisbane City,4122,Upper Mount Gravatt,South Brisbane,Brisbane,SEQ South,Metropolitan,Upper Mount Gravatt,Mt Gravatt,Brisbane - South,Major Cities,Mansfield,Bonner,State-controlled,Intersection - Cross,Operating traffic lights,60 km/h,Sealed - Dry,Clear,Daylight,Straight,Level,301.0,Veh'S Same Direction: Rear End,Rear-end,E,0,0,0,1,1,2,0,0,0,0,0,0
366206,Medical treatment,2020,March,Tuesday,7,Rear-end,Multi-Vehicle,153.086732013597,-27.5804104520293,Warrigal Rd,Unknown,,Eight Mile Plains,Brisbane City,4113,Upper Mount Gravatt,South Brisbane,Brisbane,SEQ South,Metropolitan,Eight Mile Plains,Mt Gravatt,Brisbane - South,Major Cities,Toohey,Moreton,Locally-controlled,No Roadway Feature,No traffic control,60 km/h,Sealed - Dry,Clear,Daylight,Straight,Level,301.0,Veh'S Same Direction: Rear End,Rear-end,N,0,0,1,1,2,2,0,1,0,0,0,0
366207,Hospitalisation,2020,March,Tuesday,16,Angle,Multi-Vehicle,153.042252020866,-27.560857447403,Cricket St,Highgate St,,Coopers Plains,Brisbane City,4108,Upper Mount Gravatt,South Brisbane,Brisbane,SEQ South,Metropolitan,Coopers Plains,Nathan,Brisbane - South,Major Cities,Toohey,Moreton,Locally-controlled,Intersection - Cross,Give way sign,0 - 50 km/h,Sealed - Dry,Clear,Daylight,Straight,Dip,1.0,Ped'N: Near Side Vehicle Hit From Right,Pedestrian,W,0,1,0,0,1,1,0,0,0,0,1,0
366208,Medical treatment,2020,March,Tuesday,13,Angle,Multi-Vehicle,153.100664011522,-27.5849364534674,Gateway Art Rd On Ramp,Logan Rd,Logan Sub-Arterial Road,Eight Mile Plains,Brisbane City,4113,Upper Mount Gravatt,South Brisbane,Brisbane,SEQ South,Metropolitan,Eight Mile Plains,Mt Gravatt,Brisbane - South,Major Cities,Toohey,Moreton,State-controlled,Intersection - Cross,Operating traffic lights,80 - 90 km/h,Sealed - Dry,Clear,Daylight,Straight,Level,202.0,Veh'S Opposite Approach: Thru-Right,Opposing vehicles turning,E,0,0,2,0,2,2,0,0,0,0,0,0
366209,Hospitalisation,2020,March,Friday,16,Rear-end,Multi-Vehicle,153.061727268419,-27.5715110744442,Mccullough St,Unknown,,Sunnybank,Brisbane City,4109,Upper Mount Gravatt,South Brisbane,Brisbane,SEQ South,Metropolitan,Robertson,Nathan,Brisbane - South,Major Cities,Toohey,Moreton,Locally-controlled,No Roadway Feature,No traffic control,60 km/h,Sealed - Wet,Clear,Daylight,Straight,Level,301.0,Veh'S Same Direction: Rear End,Rear-end,E,0,1,0,0,1,3,0,0,0,0,0,0
366210,Hospitalisation,2020,March,Friday,14,Hit parked vehicle,Single Vehicle,153.094656016902,-27.5475964525677,Wishart Rd,Unknown,,Wishart,Brisbane City,4122,Upper Mount Gravatt,South Brisbane,Brisbane,SEQ South,Metropolitan,Wishart,Mt Gravatt,Brisbane - South,Major Cities,Mansfield,Bonner,Locally-controlled,No Roadway Feature,No traffic control,0 - 50 km/h,Sealed - Dry,Clear,Daylight,Straight,Level,601.0,Veh'S On Path: Parked,Hit parked vehicle,E,0,1,0,0,1,2,0,0,0,0,0,0
366211,Hospitalisation,2020,April,Saturday,12,Head-on,Multi-Vehicle,153.095135011265,-27.5916634529639,Underwood Rd,Unknown,,Eight Mile Plains,Brisbane City,4113,Upper Mount Gravatt,South Brisbane,Brisbane,SEQ South,Metropolitan,Runcorn,Sunnybank,Brisbane - South,Major Cities,Stretton,Moreton,Locally-controlled,No Roadway Feature,No traffic control,60 km/h,Sealed - Dry,Clear,Daylight,Straight,Level,201.0,Veh'S Opposite Approach: Head On,Head-on,E,0,3,0,1,4,2,0,0,0,0,0,0
366212,Fatal,2020,April,Saturday,19,Fall from vehicle,Single Vehicle,153.08580901299,-27.5859864519805,Warrigal Rd,Unknown,,Eight Mile Plains,Brisbane City,4113,Upper Mount Gravatt,South Brisbane,Brisbane,SEQ South,Metropolitan,Eight Mile Plains,Mt Gravatt,Brisbane - South,Major Cities,Toohey,Moreton,Locally-controlled,No Roadway Feature,No traffic control,60 km/h,Sealed - Wet,Clear,Darkness - Lighted,Straight,Level,900.0,Pass & Misc: Other,Other,W,1,0,0,0,1,0,1,0,0,0,0,0
366213,Medical treatment,2020,April,Sunday,22,Hit object,Single Vehicle,153.053754018412,-27.5704584486345,Mccullough St,Shelley St,,Sunnybank,Brisbane City,4109,Upper Mount Gravatt,South Brisbane,Brisbane,SEQ South,Metropolitan,Robertson,Nathan,Brisbane - South,Major Cities,Toohey,Moreton,Locally-controlled,Intersection - T-Junction,No traffic control,60 km/h,Sealed - Dry,Clear,Darkness - Lighted,Straight,Level,703.0,Off Path-Straight: Left Off Cway Hit Obj,Off carriageway on straight hit object,W,0,0,1,0,1,1,0,0,0,0,0,0
366214,Medical treatment,2020,April,Tuesday,13,Rear-end,Multi-Vehicle,153.060136017612,-27.5713474492829,Mccullough St,Woodsiana St,,Sunnybank,Brisbane City,4109,Upper Mount Gravatt,South Brisbane,Brisbane,SEQ South,Metropolitan,Sunnybank,Sunnybank,Brisbane - South,Major Cities,Toohey,Moreton,Locally-controlled,Intersection - T-Junction,Operating traffic lights,60 km/h,Sealed - Dry,Clear,Daylight,Straight,Level,301.0,Veh'S Same Direction: Rear End,Rear-end,W,0,0,1,0,1,2,0,0,0,0,0,0
366215,Hospitalisation,2020,April,Thursday,17,Hit pedestrian,Hit pedestrian,153.102873962353,-27.5528390794364,Mt Gravatt - Capalaba Rd,Unknown,Redland Sub-Arterial Road,Wishart,Brisbane City,4122,Upper Mount Gravatt,South Brisbane,Brisbane,SEQ South,Metropolitan,Wishart,Mt Gravatt,Brisbane - South,Major Cities,Mansfield,Bonner,State-controlled,No Roadway Feature,No traffic control,60 km/h,Sealed - Dry,Clear,Dawn/Dusk,Straight,Level,1.0,Ped'N: Near Side Vehicle Hit From Right,Pedestrian,W,0,1,0,0,1,1,0,0,0,0,1,0
366216,Medical treatment,2020,April,Thursday,14,Rear-end,Multi-Vehicle,153.103932015338,-27.5520614535368,Boyanda St,Mt Gravatt - Capalaba Rd,Redland Sub-Arterial Road,Wishart,Brisbane City,4122,Upper Mount Gravatt,South Brisbane,Brisbane,SEQ South,Metropolitan,Wishart,Mt Gravatt,Brisbane - South,Major Cities,Mansfield,Bonner,State-controlled,Intersection - T-Junction,No traffic control,60 km/h,Sealed - Dry,Clear,Daylight,Straight,Level,302.0,Veh'S Same Direction: Left Rear,Rear-end,W,0,0,2,0,2,2,0,0,0,0,0,0
366217,Medical treatment,2020,April,Saturday,20,Angle,Multi-Vehicle,153.114600010772,-27.579005454824,Gardner Rd,Miles Platting Rd,,Rochedale,Brisbane City,4123,Upper Mount Gravatt,South Brisbane,Brisbane,SEQ South,Metropolitan,Rochedale - Burbank,Mt Gravatt,Brisbane - South,Major Cities,Mansfield,Bonner,Locally-controlled,Intersection - T-Junction,Operating traffic lights,60 km/h,Sealed - Dry,Clear,Darkness - Lighted,Straight,Grade,202.0,Veh'S Opposite Approach: Thru-Right,Opposing vehicles turning,,0,0,1,0,1,2,0,0,0,0,0,0
366218,Hospitalisation,2020,April,Monday,11,Rear-end,Multi-Vehicle,153.124147008856,-27.5859964558411,Rochedale Rd,Unknown,,Rochedale,Brisbane City,4123,Upper Mount Gravatt,South Brisbane,Brisbane,SEQ South,Metropolitan,Rochedale - Burbank,Mt Gravatt,Brisbane - South,Major Cities,Mansfield,Bonner,Locally-controlled,No Roadway Feature,No traffic control,60 km/h,Sealed - Dry,Clear,Daylight,Straight,Level,301.0,Veh'S Same Direction: Rear End,Rear-end,S,0,1,1,0,2,5,0,0,0,0,0,0
366219,Hospitalisation,2020,April,Wednesday,18,Hit parked vehicle,Single Vehicle,153.100762015447,-27.5538884532321,Mt Gravatt - Capalaba Rd,Unknown,Redland Sub-Arterial Road,Wishart,Brisbane City,4122,Upper Mount Gravatt,South Brisbane,Brisbane,SEQ South,Metropolitan,Wishart,Mt Gravatt,Brisbane - South,Major Cities,Mansfield,Bonner,State-controlled,No Roadway Feature,No traffic control,60 km/h,Sealed - Dry,Clear,Darkness - Lighted,Straight,Grade,703.0,Off Path-Straight: Left Off Cway Hit Obj,Off carriageway on straight hit object,N,0,1,0,0,1,3,0,0,0,0,0,0
366220,Medical treatment,2020,April,Wednesday,12,Angle,Multi-Vehicle,153.081141016788,-27.5599794513055,Kessels Rd,Logan Rd,Logan Sub-Arterial Road,Upper Mount Gravatt,Brisbane City,4122,Upper Mount Gravatt,South Brisbane,Brisbane,SEQ South,Metropolitan,Upper Mount Gravatt,Mt Gravatt,Brisbane - South,Major Cities,Mansfield,Bonner,State-controlled,Intersection - Cross,Operating traffic lights,60 km/h,Sealed - Dry,Clear,Daylight,Straight,Crest,101.0,Veh'S Adjacent Approach: Thru-Thru,Intersection from adjacent approaches,E,0,0,1,0,1,2,0,0,0,0,0,0
366221,Hospitalisation,2020,April,Friday,8,Rear-end,Multi-Vehicle,153.118547013015,-27.5579734550556,Gardner Rd,Unknown,,Rochedale,Brisbane City,4123,Upper Mount Gravatt,South Brisbane,Brisbane,SEQ South,Metropolitan,Rochedale - Burbank,Mt Gravatt,Brisbane - South,Major Cities,Mansfield,Bonner,Locally-controlled,No Roadway Feature,No traffic control,70 km/h,Sealed - Dry,Clear,Daylight,Straight,Grade,303.0,Veh'S Same Direction: Right Rear,Rear-end,N,0,1,0,0,1,2,0,0,0,0,0,0
366222,Minor injury,2020,April,Monday,16,Rear-end,Multi-Vehicle,153.039964021117,-27.5608194471729,Burgess St,Orange Grove Rd,,Salisbury,Brisbane City,4107,Upper Mount Gravatt,South Brisbane,Brisbane,SEQ South,Metropolitan,Coopers Plains,Nathan,Brisbane - South,Major Cities,Toohey,Moreton,Locally-controlled,Intersection - T-Junction,No traffic control,60 km/h,Sealed - Dry,Clear,Daylight,Straight,Level,303.0,Veh'S Same Direction: Right Rear,Rear-end,S,0,0,0,1,1,2,0,0,0,0,0,0
366223,Hospitalisation,2020,April,Tuesday,13,Rear-end,Multi-Vehicle,153.040732092289,-27.5588070362342,Riawena Rd,Unknown,Griffith Arterial Road,Coopers Plains,Brisbane City,4108,Upper Mount Gravatt,South Brisbane,Brisbane,SEQ South,Metropolitan,Coopers Plains,Nathan,Brisbane - South,Major Cities,Toohey,Moreton,State-controlled,No Roadway Feature,No traffic control,70 km/h,Sealed - Dry,Clear,Daylight,Curved - view open,Level,302.0,Veh'S Same Direction: Left Rear,Rear-end,W,0,1,0,0,1,2,0,1,0,0,0,0
366224,Medical treatment,2020,April,Wednesday,9,Hit pedestrian,Hit pedestrian,153.118816756284,-27.5713910601887,Parolin Pde,Unknown,,Rochedale,Brisbane City,4123,Upper Mount Gravatt,South Brisbane,Brisbane,SEQ South,Metropolitan,Rochedale - Burbank,Mt Gravatt,Brisbane - South,Major Cities,Mansfield,Bonner,Locally-controlled,No Roadway Feature,No traffic control,0 - 50 km/h,Sealed - Dry,Clear,Daylight,Straight,Level,2.0,Ped'N: Hit Emerging Behind Vehicle,Pedestrian,S,0,0,1,0,1,1,0,0,0,0,1,0
366225,Hospitalisation,2020,April,Wednesday,17,Angle,Multi-Vehicle,153.074039017288,-27.5620704506076,Kessels Rd,Unknown,Griffith Arterial Road,Macgregor,Brisbane City,4109,Upper Mount Gravatt,South Brisbane,Brisbane,SEQ South,Metropolitan,Macgregor (qld),Mt Gravatt,Brisbane - South,Major Cities,Toohey,Moreton,State-controlled,No Roadway Feature,No traffic control,60 km/h,Sealed - Dry,Clear,Dawn/Dusk,Curved - view open,Level,400.0,Veh'S Manoeuvring: Other,Other,W,0,1,0,0,1,1,0,0,0,1,0,0
366226,Hospitalisation,2020,April,Wednesday,7,Angle,Multi-Vehicle,153.106568010335,-27.5892694540961,Logan Rd,Millers Rd,Logan Sub-Arterial Road,Eight Mile Plains,Brisbane City,4113,Upper Mount Gravatt,South Brisbane,Brisbane,SEQ South,Metropolitan,Eight Mile Plains,Mt Gravatt,Brisbane - South,Major Cities,Toohey,Moreton,State-controlled,Intersection - T-Junction,No traffic control,80 - 90 km/h,Sealed - Dry,Clear,Daylight,Curved - view open,Level,107.0,Veh'S Adjacent Approach: Thru-Left,Intersection from adjacent approaches,W,0,1,0,0,1,1,0,0,0,1,0,0
366227,Minor injury,2020,April,Wednesday,13,Angle,Multi-Vehicle,153.084332016824,-27.5569794516028,Barkoola St,Norton St,,Upper Mount Gravatt,Brisbane City,4122,Upper Mount Gravatt,South Brisbane,Brisbane,SEQ South,Metropolitan,Upper Mount Gravatt,Mt Gravatt,Brisbane - South,Major Cities,Mansfield,Bonner,Locally-controlled,Intersection - T-Junction,No traffic control,0 - 50 km/h,Sealed - Dry,Clear,Daylight,Straight,Level,104.0,Veh'S Adjacent Approach: Thru-Right,Intersection from adjacent approaches,S,0,0,0,1,1,1,1,0,0,0,0,0
366228,Hospitalisation,2020,April,Thursday,15,Overturned,Single Vehicle,153.10185201178,-27.5818854535629,South East Art Rd Ramp Xt,Unknown,South-East Arterial Road (Pacific Motorway),Eight Mile Plains,Brisbane City,4113,Upper Mount Gravatt,South Brisbane,Brisbane,SEQ South,Metropolitan,Eight Mile Plains,Mt Gravatt,Brisbane - South,Major Cities,Toohey,Moreton,State-controlled,Intersection - Interchange,No traffic control,0 - 50 km/h,Sealed - Dry,Clear,Daylight,Curved - view open,Level,305.0,Veh'S Same Direction: Lane Side Swipe,Lane changes,N,0,2,0,0,2,1,0,1,0,0,0,0
366229,Hospitalisation,2020,May,Wednesday,5,Fall from vehicle,Single Vehicle,153.106799700313,-27.5498173498079,Mt Gravatt - Capalaba Rd,Shillington Pl,Redland Sub-Arterial Road,Wishart,Brisbane City,4122,Upper Mount Gravatt,South Brisbane,Brisbane,SEQ South,Metropolitan,Wishart,Mt Gravatt,Brisbane - South,Major Cities,Mansfield,Bonner,State-controlled,Intersection - Cross,Operating traffic lights,60 km/h,Sealed - Wet,Clear,Darkness - Lighted,Straight,Level,202.0,Veh'S Opposite Approach: Thru-Right,Opposing vehicles turning,N,0,1,0,0,1,1,1,0,0,0,0,0
366230,Medical treatment,2020,May,Wednesday,15,Rear-end,Multi-Vehicle,153.085953013105,-27.5849554519868,Warrigal Rd,Unknown,,Eight Mile Plains,Brisbane City,4113,Upper Mount Gravatt,South Brisbane,Brisbane,SEQ South,Metropolitan,Eight Mile Plains,Mt Gravatt,Brisbane - South,Major Cities,Toohey,Moreton,Locally-controlled,No Roadway Feature,No traffic control,0 - 50 km/h,Sealed - Dry,Clear,Daylight,Straight,Level,301.0,Veh'S Same Direction: Rear End,Rear-end,S,0,0,2,0,2,3,0,0,0,0,0,0
366231,Minor injury,2020,May,Thursday,14,Rear-end,Multi-Vehicle,153.073944017325,-27.5618574505964,Kessels Rd,Unknown,Griffith Arterial Road,Macgregor,Brisbane City,4109,Upper Mount Gravatt,South Brisbane,Brisbane,SEQ South,Metropolitan,Macgregor (qld),Mt Gravatt,Brisbane - South,Major Cities,Toohey,Moreton,State-controlled,No Roadway Feature,No traffic control,60 km/h,Sealed - Dry,Clear,Daylight,Curved - view open,Level,301.0,Veh'S Same Direction: Rear End,Rear-end,E,0,0,0,1,1,2,0,0,0,0,0,0
366232,Medical treatment,2020,May,Wednesday,8,Angle,Multi-Vehicle,153.066134018267,-27.5610634498047,Griffith Arterial Rd,Mains Rd,Nathan Connection Arterial Road,Macgregor,Brisbane City,4109,Upper Mount Gravatt,South Brisbane,Brisbane,SEQ South,Metropolitan,Macgregor (qld),Mt Gravatt,Brisbane - South,Major Cities,Toohey,Moreton,State-controlled,Intersection - Cross,Operating traffic lights,60 km/h,Sealed - Dry,Clear,Daylight,Straight,Level,101.0,Veh'S Adjacent Approach: Thru-Thru,Intersection from adjacent approaches,S,0,0,1,0,1,2,0,0,0,0,0,0
366233,Medical treatment,2020,May,Friday,15,Angle,Multi-Vehicle,153.043097021175,-27.5576944474629,Kessels Rd,Riawena Rd,Griffith Arterial Road,Salisbury,Brisbane City,4107,Upper Mount Gravatt,South Brisbane,Brisbane,SEQ South,Metropolitan,Salisbury - Nathan,Nathan,Brisbane - South,Major Cities,Toohey,Moreton,State-controlled,Intersection - T-Junction,No traffic control,60 km/h,Sealed - Dry,Clear,Daylight,Curved - view open,Level,202.0,Veh'S Opposite Approach: Thru-Right,Opposing vehicles turning,W,0,0,3,0,3,2,0,0,0,0,0,0
366234,Hospitalisation,2020,May,Saturday,2,Hit object,Single Vehicle,153.039810023588,-27.5414094470042,Toohey Rd,Unknown,,Salisbury,Brisbane City,4107,Upper Mount Gravatt,South Brisbane,Brisbane,SEQ South,Metropolitan,Salisbury - Nathan,Nathan,Brisbane - South,Major Cities,Toohey,Moreton,Locally-controlled,No Roadway Feature,No traffic control,60 km/h,Sealed - Dry,Clear,Darkness - Lighted,Curved - view open,Level,805.0,Off Path-Curve: Out Of Control On Cway,Out of control on curve,S,0,1,0,0,1,1,0,0,0,0,0,0
366235,Hospitalisation,2020,May,Saturday,11,Hit object,Single Vehicle,153.064677017538,-27.5680634497135,Mains Rd,Unknown,,Macgregor,Brisbane City,4109,Upper Mount Gravatt,South Brisbane,Brisbane,SEQ South,Metropolitan,Robertson,Nathan,Brisbane - South,Major Cities,Toohey,Moreton,Locally-controlled,No Roadway Feature,No traffic control,60 km/h,Sealed - Dry,Clear,Daylight,Straight,Level,703.0,Off Path-Straight: Left Off Cway Hit Obj,Off carriageway on straight hit object,N,0,2,0,0,2,1,0,0,0,0,0,0
366236,Medical treatment,2020,May,Sunday,12,Rear-end,Multi-Vehicle,153.043287021168,-27.5575894474812,Kessels Rd,Riawena Rd,Griffith Arterial Road,Salisbury,Brisbane City,4107,Upper Mount Gravatt,South Brisbane,Brisbane,SEQ South,Metropolitan,Salisbury - Nathan,Nathan,Brisbane - South,Major Cities,Toohey,Moreton,State-controlled,Intersection - T-Junction,Give way sign,60 km/h,Sealed - Dry,Clear,Daylight,Curved - view open,Level,301.0,Veh'S Same Direction: Rear End,Rear-end,E,0,0,1,0,1,2,0,0,0,0,0,0
366237,Medical treatment,2020,May,Monday,7,Rear-end,Multi-Vehicle,153.050318020263,-27.5587514481968,Kessels Rd,Troughton Rd,Griffith Arterial Road,Coopers Plains,Brisbane City,4108,Upper Mount Gravatt,South Brisbane,Brisbane,SEQ South,Metropolitan,Coopers Plains,Nathan,Brisbane - South,Major Cities,Toohey,Moreton,State-controlled,Intersection - T-Junction,Give way sign,0 - 50 km/h,Sealed - Wet,Clear,Daylight,Straight,Level,302.0,Veh'S Same Direction: Left Rear,Rear-end,W,0,0,1,0,1,2,0,0,0,0,0,0