Crash_Ref_Number,Crash_Severity,Crash_Year,Crash_Month,Crash_Day_Of_Week,Crash_Hour,Crash_Nature,Crash_Type,Crash_Longitude,Crash_Latitude,Crash_Street,Crash_Street_Intersecting,State_Road_Name,Loc_Suburb,Loc_Local_Government_Area,Loc_Post_Code,Loc_Police_Division,Loc_Police_District,Loc_Police_Region,Loc_Queensland_Transport_Region,Loc_Main_Roads_Region,Loc_ABS_Statistical_Area_2,Loc_ABS_Statistical_Area_3,Loc_ABS_Statistical_Area_4,Loc_ABS_Remoteness,Loc_State_Electorate,Loc_Federal_Electorate,Crash_Controlling_Authority,Crash_Roadway_Feature,Crash_Traffic_Control,Crash_Speed_Limit,Crash_Road_Surface_Condition,Crash_Atmospheric_Condition,Crash_Lighting_Condition,Crash_Road_Horiz_Align,Crash_Road_Vert_Align,Crash_DCA_Code,Crash_DCA_Description,Crash_DCA_Group_Description,DCA_Key_Approach_Dir,Count_Casualty_Fatality,Count_Casualty_Hospitalised,Count_Casualty_MedicallyTreated,Count_Casualty_MinorInjury,Count_Casualty_Total,Count_Unit_Car,Count_Unit_Motorcycle_Moped,Count_Unit_Truck,Count_Unit_Bus,Count_Unit_Bicycle,Count_Unit_Pedestrian,Count_Unit_Other
366284,Hospitalisation,2021,December,Friday,8,Hit object,Single Vehicle,152.772991141779,-26.8216954146349,Maleny - Stanley River Rd,Unknown,Maleny - Stanley River Road,Booroobin,Moreton Bay Region,4552,Woodford,Moreton,North Coast,SEQ North,North Coast,Woodford - Daguilar,Caboolture Hinterland,Moreton Bay - North,Inner Regional,Glass House,Longman,State-controlled,No Roadway Feature,No traffic control,80 - 90 km/h,Sealed - Wet,Clear,Daylight,Curved - view obscured,Grade,803.0,Off Path-Curve: Off Cway Rt Bend Hit Obj,Off carriageway on curve hit object,E,0,1,0,0,1,1,0,0,0,0,0,0
366285,Hospitalisation,2021,December,Monday,15,Hit object,Single Vehicle,152.787923121597,-26.9722644173187,D'Aguilar Hwy,Unknown,D'Aguilar Highway (Caboolture - Kilcoy),Woodford,Moreton Bay Region,4514,Woodford,Moreton,North Coast,SEQ North,North Coast,Woodford - Daguilar,Caboolture Hinterland,Moreton Bay - North,Inner Regional,Glass House,Longman,State-controlled,No Roadway Feature,No traffic control,80 - 90 km/h,Sealed - Dry,Clear,Daylight,Straight,Level,703.0,Off Path-Straight: Left Off Cway Hit Obj,Off carriageway on straight hit object,W,0,1,0,0,1,1,0,0,0,0,0,0
366286,Hospitalisation,2021,December,Wednesday,13,Rear-end,Multi-Vehicle,152.822861035706,-26.9982241850018,D'Aguilar Hwy,Unknown,D'Aguilar Highway (Caboolture - Kilcoy),Bracalba,Moreton Bay Region,4512,Woodford,Moreton,North Coast,SEQ North,North Coast,Woodford - Daguilar,Caboolture Hinterland,Moreton Bay - North,Inner Regional,Glass House,Longman,State-controlled,No Roadway Feature,No traffic control,80 - 90 km/h,Sealed - Dry,Clear,Daylight,Straight,Grade,301.0,Veh'S Same Direction: Rear End,Rear-end,E,0,1,0,1,2,3,0,0,0,0,0,0
366287,Hospitalisation,2021,December,Thursday,6,Hit object,Single Vehicle,152.761635716887,-26.9356613764148,D'Aguilar Hwy,Unknown,D'Aguilar Highway (Caboolture - Kilcoy),Woodford,Moreton Bay Region,4514,Woodford,Moreton,North Coast,SEQ North,North Coast,Woodford - Daguilar,Caboolture Hinterland,Moreton Bay - North,Inner Regional,Glass House,Longman,State-controlled,Bridge/Causeway,Police,100 - 110 km/h,Sealed - Dry,Clear,Daylight,Straight,Level,703.0,Off Path-Straight: Left Off Cway Hit Obj,Off carriageway on straight hit object,E,0,1,0,0,1,1,0,0,0,0,0,0
366288,Medical treatment,2021,December,Thursday,10,Fall from vehicle,Single Vehicle,152.852737161198,-26.9367411414891,Beerburrum - Woodford Rd,Unknown,,Woodford,Moreton Bay Region,4514,Woodford,Moreton,North Coast,SEQ North,North Coast,Woodford - Daguilar,Caboolture Hinterland,Moreton Bay - North,Inner Regional,Glass House,Longman,Locally-controlled,No Roadway Feature,No traffic control,60 km/h,Unsealed - Wet,Raining,Daylight,Curved - view open,Level,805.0,Off Path-Curve: Out Of Control On Cway,Out of control on curve,W,0,0,1,0,1,0,1,0,0,0,0,0
366289,Medical treatment,2020,August,Wednesday,10,Angle,Multi-Vehicle,153.194108984889,-27.7149144639179,Boundary St,George St,Beenleigh Connection Road,Beenleigh,Logan City,4207,Beenleigh,Logan,South Eastern,SEQ South,South Coast,Beenleigh,Beenleigh,Logan - Beaudesert,Major Cities,Macalister,Forde,State-controlled,Intersection - Roundabout,Give way sign,0 - 50 km/h,Sealed - Dry,Clear,Daylight,Straight,Level,101.0,Veh'S Adjacent Approach: Thru-Thru,Intersection from adjacent approaches,E,0,0,1,2,3,2,0,0,0,0,0,0
366290,Medical treatment,2020,August,Wednesday,13,Angle,Multi-Vehicle,153.212496982221,-27.7202014658184,Beenleigh Connection Rd,Pacific Hwy,Pacific Highway (Pacific Motorway),Beenleigh,Logan City,4207,Beenleigh,Logan,South Eastern,SEQ South,South Coast,Beenleigh,Beenleigh,Logan - Beaudesert,Major Cities,Macalister,Forde,State-controlled,Intersection - Roundabout,No traffic control,60 km/h,Sealed - Dry,Clear,Daylight,Curved - view open,Level,309.0,Veh'S Same Direction: Left Turn S/Swipe,Parallel lanes turning,N,0,0,1,0,1,2,0,0,0,0,0,0
366291,Hospitalisation,2020,August,Friday,15,Hit object,Single Vehicle,153.287717971332,-27.7416024736046,Norwell Rd,Stapylton - Jacobs Well Rd,Stapylton - Jacobs Well Road,Woongoolba,Gold Coast City,4207,Coomera,Gold Coast,South Eastern,SEQ South,South Coast,Jacobs Well - Alberton,Ormeau - Oxenford,Gold Coast,Inner Regional,Coomera,Fadden,State-controlled,Intersection - T-Junction,Give way sign,60 km/h,Sealed - Wet,Raining,Daylight,Curved - view open,Level,803.0,Off Path-Curve: Off Cway Rt Bend Hit Obj,Off carriageway on curve hit object,N,0,1,0,0,1,1,0,0,0,0,0,0
366292,Minor injury,2020,August,Saturday,9,Sideswipe,Multi-Vehicle,153.269365426135,-27.782098429063,Kilkivan Dr,Unknown,,Ormeau,Gold Coast City,4208,Coomera,Gold Coast,South Eastern,SEQ South,South Coast,Ormeau - Yatala,Ormeau - Oxenford,Gold Coast,Major Cities,Coomera,Fadden,Locally-controlled,No Roadway Feature,No traffic control,0 - 50 km/h,Sealed - Dry,Clear,Daylight,Straight,Level,308.0,Veh'S Same Direction: Right Turn S/Swipe,Parallel lanes turning,N,0,0,0,1,1,2,0,0,0,0,0,0
366293,Hospitalisation,2020,August,Sunday,13,Angle,Multi-Vehicle,153.246128972788,-27.7654604695781,Halfway Dr,Unknown,,Ormeau,Gold Coast City,4208,Coomera,Gold Coast,South Eastern,SEQ South,South Coast,Ormeau - Yatala,Ormeau - Oxenford,Gold Coast,Major Cities,Coomera,Forde,Locally-controlled,No Roadway Feature,No traffic control,0 - 50 km/h,Sealed - Dry,Clear,Daylight,Straight,Level,308.0,Veh'S Same Direction: Right Turn S/Swipe,Parallel lanes turning,S,0,1,0,0,1,1,1,0,0,0,0,0
366294,Medical treatment,2020,August,Saturday,16,Angle,Multi-Vehicle,153.211417984623,-27.7023074655682,Bishop St,River Hills Rd,,Eagleby,Logan City,4207,Beenleigh,Logan,South Eastern,SEQ South,South Coast,Eagleby,Beenleigh,Logan - Beaudesert,Major Cities,Macalister,Forde,Locally-controlled,Intersection - T-Junction,No traffic control,60 km/h,Sealed - Dry,Clear,Dawn/Dusk,Straight,Level,202.0,Veh'S Opposite Approach: Thru-Right,Opposing vehicles turning,,0,0,1,0,1,2,0,0,0,0,0,0
366295,Medical treatment,2020,August,Sunday,8,Angle,Multi-Vehicle,153.252569967996,-27.7974274704821,Ellenborough Av,Ormeau Ridge Rd,,Ormeau Hills,Gold Coast City,4208,Coomera,Gold Coast,South Eastern,SEQ South,South Coast,Ormeau - Yatala,Ormeau - Oxenford,Gold Coast,Major Cities,Coomera,Forde,Locally-controlled,Intersection - Roundabout,Give way sign,0 - 50 km/h,Sealed - Dry,Clear,Daylight,Straight,Level,101.0,Veh'S Adjacent Approach: Thru-Thru,Intersection from adjacent approaches,E,0,0,1,0,1,1,1,0,0,0,0,0
366296,Hospitalisation,2020,August,Sunday,17,Hit object,Single Vehicle,153.228336978654,-27.7346904675348,Stapylton - Jacobs Well Rd,Unknown,Pacific Highway (Pacific Motorway),Stapylton,Gold Coast City,4207,Coomera,Gold Coast,South Eastern,SEQ South,South Coast,Ormeau - Yatala,Ormeau - Oxenford,Gold Coast,Major Cities,Coomera,Fadden,State-controlled,Intersection - Interchange,No traffic control,60 km/h,Sealed - Dry,Clear,Darkness - Lighted,Curved - view open,Level,804.0,Off Path-Curve: Off Cway Lt Bend Hit Obj,Off carriageway on curve hit object,E,0,1,0,0,1,1,0,0,0,0,0,0
366297,Medical treatment,2020,August,Wednesday,11,Rear-end,Multi-Vehicle,153.200191984115,-27.7158134645398,George St,Unknown,,Beenleigh,Logan City,4207,Beenleigh,Logan,South Eastern,SEQ South,South Coast,Beenleigh,Beenleigh,Logan - Beaudesert,Major Cities,Macalister,Forde,Locally-controlled,No Roadway Feature,No traffic control,60 km/h,Sealed - Dry,Clear,Daylight,Straight,Level,301.0,Veh'S Same Direction: Rear End,Rear-end,E,0,0,1,0,1,3,0,0,0,0,0,0
366298,Medical treatment,2020,August,Sunday,17,Rear-end,Multi-Vehicle,153.212662981695,-27.7241864658665,Main St,Martens St,Beenleigh Connection Road,Beenleigh,Logan City,4207,Beenleigh,Logan,South Eastern,SEQ South,South Coast,Beenleigh,Beenleigh,Logan - Beaudesert,Major Cities,Macalister,Forde,State-controlled,Intersection - Roundabout,Give way sign,60 km/h,Sealed - Dry,Clear,Daylight,Straight,Level,302.0,Veh'S Same Direction: Left Rear,Rear-end,E,0,0,1,1,2,2,0,0,0,0,0,0
366299,Medical treatment,2020,August,Tuesday,8,Angle,Multi-Vehicle,153.164039987443,-27.7204374609247,Belyando St,Ridgevale Blvd,,Holmview,Logan City,4207,Beenleigh,Logan,South Eastern,SEQ South,South Coast,Edens Landing - Holmview,Beenleigh,Logan - Beaudesert,Major Cities,Macalister,Forde,Locally-controlled,Intersection - T-Junction,No traffic control,0 - 50 km/h,Sealed - Dry,Clear,Daylight,Straight,Level,106.0,Veh'S Adjacent Approach: Left-Right,Intersection from adjacent approaches,E,0,0,1,0,1,2,0,0,0,0,0,0
366300,Medical treatment,2020,August,Wednesday,8,Rear-end,Multi-Vehicle,153.213047984417,-27.7025394657349,Fryar Rd,River Hills Rd,,Eagleby,Logan City,4207,Beenleigh,Logan,South Eastern,SEQ South,South Coast,Eagleby,Beenleigh,Logan - Beaudesert,Major Cities,Macalister,Forde,Locally-controlled,Intersection - Cross,Operating traffic lights,60 km/h,Sealed - Dry,Clear,Daylight,Straight,Level,301.0,Veh'S Same Direction: Rear End,Rear-end,S,0,0,1,0,1,2,0,0,0,0,0,0
366301,Hospitalisation,2020,August,Wednesday,16,Head-on,Multi-Vehicle,153.258759968097,-27.7913864710615,Tillyroen Rd,Unknown,,Ormeau,Gold Coast City,4208,Coomera,Gold Coast,South Eastern,SEQ South,South Coast,Ormeau - Yatala,Ormeau - Oxenford,Gold Coast,Major Cities,Coomera,Forde,Locally-controlled,No Roadway Feature,No traffic control,70 km/h,Sealed - Dry,Clear,Daylight,Curved - view open,Level,201.0,Veh'S Opposite Approach: Head On,Head-on,N,0,1,0,1,2,2,0,0,0,0,0,0
366302,Medical treatment,2020,August,Thursday,22,Hit object,Single Vehicle,153.245762531576,-27.759617837495,Lahrs Rd,Unknown,,Ormeau,Gold Coast City,4208,Coomera,Gold Coast,South Eastern,SEQ South,South Coast,Ormeau - Yatala,Ormeau - Oxenford,Gold Coast,Major Cities,Coomera,Fadden,Locally-controlled,No Roadway Feature,No traffic control,60 km/h,Sealed - Dry,Clear,Darkness - Lighted,Curved - view open,Level,808.0,Off Path-Curve: Mounts Traffic Island,Off carriageway on curve hit object,N,0,0,1,0,1,1,0,0,0,0,0,0
366303,Medical treatment,2020,August,Saturday,10,Angle,Multi-Vehicle,153.193939986901,-27.7149594669012,Boundary St,George St,Beenleigh Connection Road,Beenleigh,Logan City,4207,Beenleigh,Logan,South Eastern,SEQ South,South Coast,Beenleigh,Beenleigh,Logan - Beaudesert,Major Cities,Macalister,Forde,State-controlled,Intersection - Roundabout,Give way sign,0 - 50 km/h,Sealed - Dry,Clear,Daylight,Curved - view open,Level,101.0,Veh'S Adjacent Approach: Thru-Thru,Intersection from adjacent approaches,S,0,0,1,0,1,2,0,0,0,0,0,0
366304,Minor injury,2020,September,Wednesday,11,Rear-end,Multi-Vehicle,153.228690978609,-27.734736467571,Pacific Hwy Off Ramp,Stapylton - Jacobs Well Rd,Pacific Highway (Pacific Motorway),Stapylton,Gold Coast City,4207,Coomera,Gold Coast,South Eastern,SEQ South,South Coast,Ormeau - Yatala,Ormeau - Oxenford,Gold Coast,Major Cities,Coomera,Fadden,State-controlled,Intersection - Roundabout,No traffic control,60 km/h,Sealed - Dry,Clear,Daylight,Straight,Level,301.0,Veh'S Same Direction: Rear End,Rear-end,S,0,0,0,1,1,1,0,1,0,0,0,0
366305,Hospitalisation,2020,September,Friday,16,Hit object,Single Vehicle,153.252652970564,-27.7773074703321,Lahrs Rd,Unknown,,Ormeau,Gold Coast City,4208,Coomera,Gold Coast,South Eastern,SEQ South,South Coast,Ormeau - Yatala,Ormeau - Oxenford,Gold Coast,Major Cities,Coomera,Fadden,Locally-controlled,No Roadway Feature,No traffic control,80 - 90 km/h,Sealed - Dry,Clear,Daylight,Straight,Level,704.0,Off Path-Straight:Right Off Cway Hit Obj,Off carriageway on straight hit object,N,0,1,0,0,1,1,0,0,0,0,0,0
366306,Minor injury,2020,September,Friday,14,Hit parked vehicle,Single Vehicle,153.24887997305,-27.7610854698222,Lahrs Rd,Unknown,,Ormeau,Gold Coast City,4208,Coomera,Gold Coast,South Eastern,SEQ South,South Coast,Ormeau - Yatala,Ormeau - Oxenford,Gold Coast,Major Cities,Coomera,Fadden,Locally-controlled,No Roadway Feature,No traffic control,60 km/h,Sealed - Dry,Clear,Daylight,Straight,Level,704.0,Off Path-Straight:Right Off Cway Hit Obj,Off carriageway on straight hit object,S,0,0,0,1,1,1,0,0,0,0,0,2
366307,Minor injury,2020,September,Saturday,9,Angle,Multi-Vehicle,153.251848977835,-27.7211644698083,Rotary Pk Rd,Stapylton - Jacobs Well Rd,Stapylton - Jacobs Well Road,Stapylton,Gold Coast City,4207,Coomera,Gold Coast,South Eastern,SEQ South,South Coast,Ormeau - Yatala,Ormeau - Oxenford,Gold Coast,Major Cities,Coomera,Fadden,State-controlled,Intersection - T-Junction,No traffic control,80 - 90 km/h,Sealed - Dry,Clear,Daylight,Curved - view obscured,Level,202.0,Veh'S Opposite Approach: Thru-Right,Opposing vehicles turning,S,0,0,0,1,1,2,0,0,0,0,0,0
366308,Hospitalisation,2020,September,Monday,1,Hit object,Single Vehicle,153.195018985451,-27.709732463969,Boundary St,Unknown,Beenleigh Connection Road,Beenleigh,Logan City,4207,Beenleigh,Logan,South Eastern,SEQ South,South Coast,Beenleigh,Beenleigh,Logan - Beaudesert,Major Cities,Macalister,Forde,State-controlled,No Roadway Feature,No traffic control,60 km/h,Sealed - Dry,Clear,Darkness - Lighted,Straight,Level,600.0,Veh'S On Path: Other,Other,S,0,1,0,1,2,2,0,0,0,0,0,0
366309,Medical treatment,2020,September,Wednesday,10,Rear-end,Multi-Vehicle,153.156532989517,-27.7105484600892,Woodlands Blvd,Unknown,,Waterford,Logan City,4133,Beenleigh,Logan,South Eastern,SEQ South,South Coast,Bethania - Waterford,Loganlea - Carbrook,Logan - Beaudesert,Major Cities,Macalister,Forde,Locally-controlled,No Roadway Feature,No traffic control,0 - 50 km/h,Sealed - Dry,Smoke/Dust,Daylight,Straight,Crest,301.0,Veh'S Same Direction: Rear End,Rear-end,N,0,0,1,0,1,2,0,0,0,0,0,0
366310,Hospitalisation,2020,September,Thursday,14,Angle,Multi-Vehicle,153.157353992279,-27.6881684599957,Federation Dr,Station Rd,,Bethania,Logan City,4205,Beenleigh,Logan,South Eastern,SEQ South,South Coast,Bethania - Waterford,Loganlea - Carbrook,Logan - Beaudesert,Major Cities,Waterford,Forde,Locally-controlled,Intersection - T-Junction,No traffic control,60 km/h,Sealed - Dry,Clear,Daylight,Straight,Level,406.0,Veh'S Manoeuvring: Leaving Driveway,Vehicle leaving driveway,W,0,1,0,1,2,2,0,0,0,0,0,0
366311,Medical treatment,2020,September,Thursday,7,Rear-end,Multi-Vehicle,153.204978982665,-27.7231084650811,Milne St,Unknown,Beenleigh Connection Road,Beenleigh,Logan City,4207,Beenleigh,Logan,South Eastern,SEQ South,South Coast,Beenleigh,Beenleigh,Logan - Beaudesert,Major Cities,Macalister,Forde,State-controlled,No Roadway Feature,No traffic control,60 km/h,Sealed - Dry,Clear,Daylight,Straight,Crest,301.0,Veh'S Same Direction: Rear End,Rear-end,E,0,0,1,0,1,2,0,0,0,0,0,0
366312,Hospitalisation,2020,September,Friday,23,Rear-end,Multi-Vehicle,153.242489974104,-27.758262469153,Pacific Hwy,Unknown,Pacific Highway (Pacific Motorway),Ormeau,Gold Coast City,4208,Coomera,Gold Coast,South Eastern,SEQ South,South Coast,Ormeau - Yatala,Ormeau - Oxenford,Gold Coast,Major Cities,Coomera,Fadden,State-controlled,No Roadway Feature,No traffic control,100 - 110 km/h,Sealed - Wet,Raining,Darkness - Lighted,Straight,Level,301.0,Veh'S Same Direction: Rear End,Rear-end,S,0,1,0,1,2,3,0,0,0,0,0,0
366313,Hospitalisation,2020,September,Saturday,19,Hit object,Single Vehicle,153.170404523457,-27.7227612905855,Tallagandra Rd,Unknown,,Holmview,Logan City,4207,Beenleigh,Logan,South Eastern,SEQ South,South Coast,Edens Landing - Holmview,Beenleigh,Logan - Beaudesert,Major Cities,Macalister,Forde,Locally-controlled,No Roadway Feature,No traffic control,0 - 50 km/h,Sealed - Dry,Clear,Darkness - Lighted,Straight,Grade,708.0,Off Path-Straight: Mounts Traffic Island,Off carriageway on straight hit object,W,0,1,0,0,1,0,0,1,0,0,0,0
366314,Medical treatment,2020,September,Saturday,17,Angle,Multi-Vehicle,153.155357991589,-27.6952844598504,Albert St,Brisbane - Beenleigh Rd,Brisbane - Beenleigh Road,Bethania,Logan City,4205,Beenleigh,Logan,South Eastern,SEQ South,South Coast,Bethania - Waterford,Loganlea - Carbrook,Logan - Beaudesert,Major Cities,Waterford,Forde,State-controlled,Intersection - Cross,Stop sign,60 km/h,Sealed - Dry,Clear,Daylight,Straight,Level,101.0,Veh'S Adjacent Approach: Thru-Thru,Intersection from adjacent approaches,W,0,0,1,2,3,2,0,0,0,0,0,0
366315,Hospitalisation,2020,September,Sunday,1,Hit object,Single Vehicle,153.261078973804,-27.74485347093,Burnside Rd,Unknown,,Stapylton,Gold Coast City,4207,Coomera,Gold Coast,South Eastern,SEQ South,South Coast,Ormeau - Yatala,Ormeau - Oxenford,Gold Coast,Major Cities,Coomera,Fadden,Locally-controlled,Bridge/Causeway,No traffic control,60 km/h,Sealed - Wet,Raining,Darkness - Not lighted,Curved - view obscured,Dip,804.0,Off Path-Curve: Off Cway Lt Bend Hit Obj,Off carriageway on curve hit object,N,0,5,0,0,5,2,0,0,0,0,0,0
366316,Hospitalisation,2020,September,Sunday,1,Overturned,Single Vehicle,153.325827375433,-27.7787573277651,Skopps Rd,Unknown,,Norwell,Gold Coast City,4208,Coomera,Gold Coast,South Eastern,SEQ South,South Coast,Jacobs Well - Alberton,Ormeau - Oxenford,Gold Coast,Major Cities,Coomera,Fadden,Locally-controlled,No Roadway Feature,No traffic control,80 - 90 km/h,Sealed - Wet,Clear,Darkness - Not lighted,Curved - view obscured,Level,801.0,Off Path-Curve: Off Cway Right Bend,Off carriageway on curve,,0,5,0,0,5,1,0,0,0,0,0,0
366317,Medical treatment,2020,September,Sunday,14,Rear-end,Multi-Vehicle,153.213047984417,-27.7025394657349,Fryar Rd,River Hills Rd,,Eagleby,Logan City,4207,Beenleigh,Logan,South Eastern,SEQ South,South Coast,Eagleby,Beenleigh,Logan - Beaudesert,Major Cities,Macalister,Forde,Locally-controlled,Intersection - Cross,Operating traffic lights,0 - 50 km/h,Sealed - Dry,Clear,Daylight,Straight,Level,301.0,Veh'S Same Direction: Rear End,Rear-end,S,0,0,1,0,1,2,0,0,0,0,0,0
366318,Medical treatment,2020,September,Monday,15,Rear-end,Multi-Vehicle,153.213886454231,-27.718949193949,Distillery Rd,Pacific Hwy,Pacific Highway (Pacific Motorway),Eagleby,Logan City,4207,Beenleigh,Logan,South Eastern,SEQ South,South Coast,Eagleby,Beenleigh,Logan - Beaudesert,Major Cities,Macalister,Forde,State-controlled,Intersection - Roundabout,Give way sign,60 km/h,Sealed - Dry,Clear,Daylight,Curved - view open,Level,301.0,Veh'S Same Direction: Rear End,Rear-end,S,0,0,1,0,1,2,0,0,0,0,0,0
366319,Minor injury,2020,September,Wednesday,15,Rear-end,Multi-Vehicle,153.212612982029,-27.7216094658412,Beenleigh Connection Rd,Unknown,Beenleigh Connection Road,Beenleigh,Logan City,4207,Beenleigh,Logan,South Eastern,SEQ South,South Coast,Beenleigh,Beenleigh,Logan - Beaudesert,Major Cities,Macalister,Forde,State-controlled,No Roadway Feature,No traffic control,60 km/h,Sealed - Dry,Clear,Daylight,Straight,Level,301.0,Veh'S Same Direction: Rear End,Rear-end,S,0,0,0,1,1,3,0,0,0,0,0,0
366320,Medical treatment,2020,September,Sunday,13,Angle,Multi-Vehicle,153.194533984313,-27.7190664639936,Field St,Hammel St,Beenleigh Connection Road,Beenleigh,Logan City,4207,Beenleigh,Logan,South Eastern,SEQ South,South Coast,Beenleigh,Beenleigh,Logan - Beaudesert,Major Cities,Macalister,Forde,State-controlled,Intersection - T-Junction,Give way sign,60 km/h,Sealed - Dry,Clear,Daylight,Straight,Level,104.0,Veh'S Adjacent Approach: Thru-Right,Intersection from adjacent approaches,N,0,0,2,0,2,2,0,0,0,0,0,0
366321,Hospitalisation,2020,September,Monday,16,Angle,Multi-Vehicle,153.336178960777,-27.7829034788494,Behms Rd,Pimpama - Jacobs Well Rd,,Norwell,Gold Coast City,4208,Coomera,Gold Coast,South Eastern,SEQ South,South Coast,Jacobs Well - Alberton,Ormeau - Oxenford,Gold Coast,Major Cities,Coomera,Fadden,Locally-controlled,Intersection - T-Junction,No traffic control,80 - 90 km/h,Sealed - Dry,Clear,Daylight,Curved - view open,Level,104.0,Veh'S Adjacent Approach: Thru-Right,Intersection from adjacent approaches,N,0,1,0,1,2,2,0,0,0,0,0,0
366322,Minor injury,2020,September,Wednesday,18,Angle,Multi-Vehicle,153.203388984673,-27.7087284648071,City Rd,Logan St,Beenleigh Connection Road,Beenleigh,Logan City,4207,Beenleigh,Logan,South Eastern,SEQ South,South Coast,Beenleigh,Beenleigh,Logan - Beaudesert,Major Cities,Macalister,Forde,State-controlled,Intersection - Cross,Operating traffic lights,0 - 50 km/h,Sealed - Dry,Clear,Darkness - Lighted,Straight,Level,202.0,Veh'S Opposite Approach: Thru-Right,Opposing vehicles turning,S,0,0,0,1,1,1,0,0,0,0,0,1
366323,Medical treatment,2020,October,Thursday,17,Rear-end,Multi-Vehicle,153.2132605266,-27.7244191309288,Martens St,Unknown,Beenleigh Connection Road,Beenleigh,Logan City,4207,Beenleigh,Logan,South Eastern,SEQ South,South Coast,Beenleigh,Beenleigh,Logan - Beaudesert,Major Cities,Macalister,Forde,State-controlled,No Roadway Feature,No traffic control,0 - 50 km/h,Sealed - Dry,Clear,Daylight,Straight,Level,301.0,Veh'S Same Direction: Rear End,Rear-end,W,0,0,1,0,1,2,0,0,0,0,0,0
366324,Medical treatment,2020,October,Sunday,6,Angle,Multi-Vehicle,153.212672965144,-27.7206596838398,Distillery Rd,Pacific Hwy,Pacific Highway (Pacific Motorway),Beenleigh,Logan City,4207,Beenleigh,Logan,South Eastern,SEQ South,South Coast,Beenleigh,Beenleigh,Logan - Beaudesert,Major Cities,Macalister,Forde,State-controlled,Intersection - Roundabout,Give way sign,60 km/h,Sealed - Dry,Clear,Daylight,Straight,Level,100.0,Veh'S Adjacent Approach: Other,Intersection from adjacent approaches,W,0,0,1,1,2,1,0,0,0,2,0,0
366325,Medical treatment,2020,October,Sunday,8,Hit object,Single Vehicle,153.198859284024,-27.7019868722961,Pacific Hwy,Unknown,Pacific Highway (Pacific Motorway),Eagleby,Logan City,4207,Beenleigh,Logan,South Eastern,SEQ South,South Coast,Eagleby,Beenleigh,Logan - Beaudesert,Major Cities,Macalister,Forde,State-controlled,No Roadway Feature,No traffic control,100 - 110 km/h,Sealed - Dry,Clear,Daylight,Straight,Crest,700.0,Off Path-Straight: Other,Other,N,0,0,1,0,1,1,0,0,0,0,0,0
366326,Hospitalisation,2020,October,Tuesday,10,Angle,Multi-Vehicle,153.158858990416,-27.7015174602528,Castile Cres,Logan River Rd,Brisbane - Beenleigh Road,Edens Landing,Logan City,4207,Beenleigh,Logan,South Eastern,SEQ South,South Coast,Edens Landing - Holmview,Beenleigh,Logan - Beaudesert,Major Cities,Waterford,Forde,State-controlled,Intersection - Cross,Operating traffic lights,80 - 90 km/h,Sealed - Dry,Clear,Daylight,Straight,Level,202.0,Veh'S Opposite Approach: Thru-Right,Opposing vehicles turning,S,0,1,0,0,1,3,0,0,0,0,0,0
366327,Hospitalisation,2020,October,Thursday,10,Angle,Multi-Vehicle,153.236678975369,-27.7533034685257,Cuthbert Dr,Darlington Dr,Pacific Highway (Pacific Motorway),Yatala,Gold Coast City,4207,Coomera,Gold Coast,South Eastern,SEQ South,South Coast,Ormeau - Yatala,Ormeau - Oxenford,Gold Coast,Major Cities,Coomera,Forde,State-controlled,Intersection - T-Junction,Give way sign,60 km/h,Sealed - Dry,Clear,Daylight,Straight,Level,104.0,Veh'S Adjacent Approach: Thru-Right,Intersection from adjacent approaches,N,0,1,0,0,1,1,0,1,0,0,0,0
366328,Hospitalisation,2020,October,Friday,8,Rear-end,Multi-Vehicle,153.144919990975,-27.7089834589054,Easterly St,Waterford - Tamborine Rd,Waterford - Tamborine Road,Waterford,Logan City,4133,Beenleigh,Logan,South Eastern,SEQ South,South Coast,Bethania - Waterford,Loganlea - Carbrook,Logan - Beaudesert,Major Cities,Waterford,Forde,State-controlled,Intersection - T-Junction,Give way sign,60 km/h,Sealed - Dry,Clear,Daylight,Curved - view open,Level,303.0,Veh'S Same Direction: Right Rear,Rear-end,N,0,2,0,0,2,3,0,0,0,0,0,0
366329,Medical treatment,2020,October,Friday,15,Rear-end,Multi-Vehicle,153.209682317079,-27.7158750964997,George St,Unknown,Pacific Highway (Pacific Motorway),Eagleby,Logan City,4207,Beenleigh,Logan,South Eastern,SEQ South,South Coast,Eagleby,Beenleigh,Logan - Beaudesert,Major Cities,Macalister,Forde,State-controlled,No Roadway Feature,No traffic control,60 km/h,Sealed - Dry,Clear,Daylight,Straight,Level,301.0,Veh'S Same Direction: Rear End,Rear-end,S,0,0,1,0,1,3,0,0,0,0,0,0
366330,Hospitalisation,2020,October,Saturday,5,Hit object,Single Vehicle,153.210075865371,-27.6975840723953,Rinto Dr,Unknown,,Eagleby,Logan City,4207,Beenleigh,Logan,South Eastern,SEQ South,South Coast,Eagleby,Beenleigh,Logan - Beaudesert,Major Cities,Macalister,Forde,Locally-controlled,No Roadway Feature,No traffic control,0 - 50 km/h,Sealed - Dry,Clear,Daylight,Curved - view open,Level,803.0,Off Path-Curve: Off Cway Rt Bend Hit Obj,Off carriageway on curve hit object,W,0,2,0,0,2,1,0,0,0,0,0,0