Crash_Ref_Number,Crash_Severity,Crash_Year,Crash_Month,Crash_Day_Of_Week,Crash_Hour,Crash_Nature,Crash_Type,Crash_Longitude,Crash_Latitude,Crash_Street,Crash_Street_Intersecting,State_Road_Name,Loc_Suburb,Loc_Local_Government_Area,Loc_Post_Code,Loc_Police_Division,Loc_Police_District,Loc_Police_Region,Loc_Queensland_Transport_Region,Loc_Main_Roads_Region,Loc_ABS_Statistical_Area_2,Loc_ABS_Statistical_Area_3,Loc_ABS_Statistical_Area_4,Loc_ABS_Remoteness,Loc_State_Electorate,Loc_Federal_Electorate,Crash_Controlling_Authority,Crash_Roadway_Feature,Crash_Traffic_Control,Crash_Speed_Limit,Crash_Road_Surface_Condition,Crash_Atmospheric_Condition,Crash_Lighting_Condition,Crash_Road_Horiz_Align,Crash_Road_Vert_Align,Crash_DCA_Code,Crash_DCA_Description,Crash_DCA_Group_Description,DCA_Key_Approach_Dir,Count_Casualty_Fatality,Count_Casualty_Hospitalised,Count_Casualty_MedicallyTreated,Count_Casualty_MinorInjury,Count_Casualty_Total,Count_Unit_Car,Count_Unit_Motorcycle_Moped,Count_Unit_Truck,Count_Unit_Bus,Count_Unit_Bicycle,Count_Unit_Pedestrian,Count_Unit_Other
366331,Hospitalisation,2020,October,Thursday,14,Hit object,Single Vehicle,153.348157269496,-27.7749701630043,Stapylton - Jacobs Well Rd,Unknown,Stapylton - Jacobs Well Road,Jacobs Well,Gold Coast City,4208,Coomera,Gold Coast,South Eastern,SEQ South,South Coast,Jacobs Well - Alberton,Ormeau - Oxenford,Gold Coast,Major Cities,Coomera,Fadden,State-controlled,No Roadway Feature,No traffic control,80 - 90 km/h,Sealed - Dry,Clear,Daylight,Curved - view open,Level,803.0,Off Path-Curve: Off Cway Rt Bend Hit Obj,Off carriageway on curve hit object,W,0,1,0,0,1,1,0,0,0,0,0,0
366332,Hospitalisation,2020,October,Friday,0,Hit object,Single Vehicle,153.18409098615,-27.7135364628949,Logan River Rd,Unknown,Brisbane - Beenleigh Road,Beenleigh,Logan City,4207,Beenleigh,Logan,South Eastern,SEQ South,South Coast,Beenleigh,Beenleigh,Logan - Beaudesert,Major Cities,Macalister,Forde,State-controlled,No Roadway Feature,No traffic control,70 km/h,Sealed - Dry,Clear,Darkness - Lighted,Straight,Grade,708.0,Off Path-Straight: Mounts Traffic Island,Off carriageway on straight hit object,W,0,1,0,0,1,0,1,0,0,0,0,0
366333,Fatal,2020,October,Sunday,15,Head-on,Multi-Vehicle,153.170179988254,-27.7088544614533,Castile Cres,Lima St,,Holmview,Logan City,4207,Beenleigh,Logan,South Eastern,SEQ South,South Coast,Edens Landing - Holmview,Beenleigh,Logan - Beaudesert,Major Cities,Macalister,Forde,Locally-controlled,Intersection - T-Junction,No traffic control,60 km/h,Sealed - Dry,Clear,Daylight,Curved - view obscured,Crest,202.0,Veh'S Opposite Approach: Thru-Right,Opposing vehicles turning,N,1,0,0,1,2,1,1,0,0,0,0,0
366334,Minor injury,2020,October,Tuesday,8,Rear-end,Multi-Vehicle,153.212659198151,-27.720612144838,Distillery Rd,Pacific Hwy,Pacific Highway (Pacific Motorway),Beenleigh,Logan City,4207,Beenleigh,Logan,South Eastern,SEQ South,South Coast,Beenleigh,Beenleigh,Logan - Beaudesert,Major Cities,Macalister,Forde,State-controlled,Intersection - Roundabout,No traffic control,60 km/h,Sealed - Dry,Clear,Daylight,Straight,Crest,303.0,Veh'S Same Direction: Right Rear,Rear-end,N,0,0,0,1,1,2,0,0,0,0,0,0
366335,Minor injury,2020,October,Friday,19,Hit object,Single Vehicle,153.203212472873,-27.707306665778,City Rd,Unknown,Beenleigh Connection Road,Beenleigh,Logan City,4207,Beenleigh,Logan,South Eastern,SEQ South,South Coast,Beenleigh,Beenleigh,Logan - Beaudesert,Major Cities,Macalister,Forde,State-controlled,No Roadway Feature,No traffic control,60 km/h,Sealed - Dry,Clear,Darkness - Lighted,Curved - view open,Level,805.0,Off Path-Curve: Out Of Control On Cway,Out of control on curve,S,0,0,0,1,1,1,0,0,0,0,0,0
366336,Hospitalisation,2020,October,Tuesday,14,Fall from vehicle,Single Vehicle,153.140059993547,-27.6929154582886,Albert St,Unknown,Brisbane - Beenleigh Road,Waterford,Logan City,4133,Beenleigh,Logan,South Eastern,SEQ South,South Coast,Bethania - Waterford,Loganlea - Carbrook,Logan - Beaudesert,Major Cities,Waterford,Forde,State-controlled,Bridge/Causeway,No traffic control,60 km/h,Sealed - Dry,Clear,Daylight,Straight,Level,705.0,Off Path-Straight:Out Of Control On Cway,Out of control on straight,E,0,1,0,0,1,0,1,0,0,0,0,0
366337,Hospitalisation,2020,October,Wednesday,7,Sideswipe,Multi-Vehicle,153.253333970005,-27.7810914704308,Pacific Hwy,Unknown,Pacific Highway (Pacific Motorway),Ormeau,Gold Coast City,4208,Coomera,Gold Coast,South Eastern,SEQ South,South Coast,Ormeau - Yatala,Ormeau - Oxenford,Gold Coast,Major Cities,Coomera,Fadden,State-controlled,No Roadway Feature,No traffic control,100 - 110 km/h,Sealed - Dry,Clear,Daylight,Curved - view open,Level,305.0,Veh'S Same Direction: Lane Side Swipe,Lane changes,S,0,1,0,0,1,2,0,0,0,0,0,0
366338,Hospitalisation,2020,October,Saturday,19,Head-on,Multi-Vehicle,153.203388984673,-27.7087284648071,City Rd,Logan St,Beenleigh Connection Road,Beenleigh,Logan City,4207,Beenleigh,Logan,South Eastern,SEQ South,South Coast,Beenleigh,Beenleigh,Logan - Beaudesert,Major Cities,Macalister,Forde,State-controlled,Intersection - Cross,Operating traffic lights,60 km/h,Sealed - Wet,Clear,Darkness - Lighted,Straight,Grade,202.0,Veh'S Opposite Approach: Thru-Right,Opposing vehicles turning,S,0,1,0,0,1,2,0,0,0,0,0,0
366339,Hospitalisation,2020,November,Wednesday,11,Angle,Multi-Vehicle,153.203388984673,-27.7087284648071,City Rd,Logan St,Beenleigh Connection Road,Beenleigh,Logan City,4207,Beenleigh,Logan,South Eastern,SEQ South,South Coast,Beenleigh,Beenleigh,Logan - Beaudesert,Major Cities,Macalister,Forde,State-controlled,Intersection - Cross,Operating traffic lights,60 km/h,Sealed - Dry,Clear,Daylight,Straight,Level,202.0,Veh'S Opposite Approach: Thru-Right,Opposing vehicles turning,S,0,1,0,0,1,2,0,0,0,0,0,0
366340,Hospitalisation,2020,November,Wednesday,13,Angle,Multi-Vehicle,153.164672366124,-27.6910149377567,Clearwater St,Unknown,,Bethania,Logan City,4205,Beenleigh,Logan,South Eastern,SEQ South,South Coast,Bethania - Waterford,Loganlea - Carbrook,Logan - Beaudesert,Major Cities,Waterford,Forde,Locally-controlled,No Roadway Feature,No traffic control,0 - 50 km/h,Sealed - Dry,Clear,Daylight,Curved - view obscured,Level,201.0,Veh'S Opposite Approach: Head On,Head-on,E,0,2,0,0,2,2,0,0,0,0,0,0
366341,Medical treatment,2020,November,Wednesday,14,Rear-end,Multi-Vehicle,153.206667985224,-27.7016294650826,Laing St,River Hills Rd,,Eagleby,Logan City,4207,Beenleigh,Logan,South Eastern,SEQ South,South Coast,Eagleby,Beenleigh,Logan - Beaudesert,Major Cities,Macalister,Forde,Locally-controlled,Intersection - T-Junction,No traffic control,60 km/h,Sealed - Dry,Clear,Daylight,Straight,Level,303.0,Veh'S Same Direction: Right Rear,Rear-end,E,0,0,1,0,1,1,1,0,0,0,0,0
366342,Hospitalisation,2020,November,Wednesday,18,Fall from vehicle,Single Vehicle,153.252535970942,-27.7744554702978,Lahrs Rd,Motorway Cct,,Ormeau,Gold Coast City,4208,Coomera,Gold Coast,South Eastern,SEQ South,South Coast,Ormeau - Yatala,Ormeau - Oxenford,Gold Coast,Major Cities,Coomera,Fadden,Locally-controlled,Intersection - T-Junction,Give way sign,60 km/h,Sealed - Dry,Clear,Darkness - Lighted,Straight,Level,705.0,Off Path-Straight:Out Of Control On Cway,Out of control on straight,W,0,1,0,0,1,1,1,0,0,0,0,0
366343,Minor injury,2020,November,Friday,22,Angle,Multi-Vehicle,153.255846968944,-27.7872494707339,Peachey Rd,Tillyroen Rd,Pacific Highway (Pacific Motorway),Ormeau,Gold Coast City,4208,Coomera,Gold Coast,South Eastern,SEQ South,South Coast,Ormeau - Yatala,Ormeau - Oxenford,Gold Coast,Major Cities,Coomera,Forde,State-controlled,Intersection - Roundabout,Give way sign,60 km/h,Sealed - Dry,Clear,Darkness - Lighted,Curved - view open,Level,301.0,Veh'S Same Direction: Rear End,Rear-end,N,0,0,0,1,1,1,0,0,0,0,0,1
366344,Medical treatment,2020,November,Saturday,19,Rear-end,Multi-Vehicle,153.160520989228,-27.7094234604828,Gardiner Rd,Unknown,Brisbane - Beenleigh Road,Waterford,Logan City,4133,Beenleigh,Logan,South Eastern,SEQ South,South Coast,Bethania - Waterford,Loganlea - Carbrook,Logan - Beaudesert,Major Cities,Macalister,Forde,State-controlled,No Roadway Feature,No traffic control,60 km/h,Sealed - Dry,Clear,Darkness - Lighted,Curved - view open,Grade,301.0,Veh'S Same Direction: Rear End,Rear-end,N,0,0,1,0,1,3,0,0,0,0,0,0
366345,Hospitalisation,2020,November,Tuesday,14,Hit pedestrian,Hit pedestrian,153.246293391738,-27.7657122625967,Halfway Dr,Unknown,,Ormeau,Gold Coast City,4208,Coomera,Gold Coast,South Eastern,SEQ South,South Coast,Ormeau - Yatala,Ormeau - Oxenford,Gold Coast,Major Cities,Coomera,Forde,Locally-controlled,No Roadway Feature,No traffic control,0 - 50 km/h,Sealed - Dry,Clear,Daylight,Curved - view open,Level,1.0,Ped'N: Near Side Vehicle Hit From Right,Pedestrian,N,0,1,0,0,1,1,0,0,0,0,1,0
366346,Hospitalisation,2020,November,Tuesday,16,Rear-end,Multi-Vehicle,153.203165335539,-27.7099706977943,City Rd,Unknown,,Beenleigh,Logan City,4207,Beenleigh,Logan,South Eastern,SEQ South,South Coast,Beenleigh,Beenleigh,Logan - Beaudesert,Major Cities,Macalister,Forde,Locally-controlled,No Roadway Feature,No traffic control,60 km/h,Sealed - Dry,Clear,Daylight,Straight,Level,301.0,Veh'S Same Direction: Rear End,Rear-end,,0,1,0,0,1,1,0,0,0,0,0,1
366347,Medical treatment,2020,November,Wednesday,2,Overturned,Single Vehicle,153.177062500552,-27.7947296548245,Beaudesert - Beenleigh Rd,Unknown,Beaudesert - Beenleigh Road,Wolffdene,Logan City,4207,Beenleigh,Logan,South Eastern,SEQ South,South Coast,Wolffdene - Bahrs Scrub,Beenleigh,Logan - Beaudesert,Major Cities,Logan,Forde,State-controlled,No Roadway Feature,No traffic control,80 - 90 km/h,Sealed - Dry,Clear,Darkness - Not lighted,Curved - view open,Dip,805.0,Off Path-Curve: Out Of Control On Cway,Out of control on curve,N,0,0,1,0,1,1,0,0,0,0,0,0
366348,Minor injury,2020,November,Friday,11,Angle,Multi-Vehicle,153.181804986299,-27.7143134626702,Harburg Dr,Horizon Dr,,Beenleigh,Logan City,4207,Beenleigh,Logan,South Eastern,SEQ South,South Coast,Beenleigh,Beenleigh,Logan - Beaudesert,Major Cities,Macalister,Forde,Locally-controlled,Intersection - T-Junction,Give way sign,60 km/h,Sealed - Wet,Raining,Daylight,Straight,Level,107.0,Veh'S Adjacent Approach: Thru-Left,Intersection from adjacent approaches,S,0,0,0,2,2,2,0,0,0,0,0,0
366349,Minor injury,2020,November,Friday,8,Rear-end,Multi-Vehicle,153.141932993266,-27.6935264584823,Albert St,Nerang St,Brisbane - Beenleigh Road,Waterford,Logan City,4133,Beenleigh,Logan,South Eastern,SEQ South,South Coast,Bethania - Waterford,Loganlea - Carbrook,Logan - Beaudesert,Major Cities,Waterford,Forde,State-controlled,Intersection - T-Junction,Operating traffic lights,60 km/h,Sealed - Dry,Clear,Daylight,Straight,Level,303.0,Veh'S Same Direction: Right Rear,Rear-end,N,0,0,0,1,1,2,0,0,0,0,0,0
366350,Medical treatment,2020,November,Saturday,10,Rear-end,Multi-Vehicle,153.200597985795,-27.7023044644743,Brigade Dr,Pacific Hwy,Pacific Highway (Pacific Motorway),Eagleby,Logan City,4207,Beenleigh,Logan,South Eastern,SEQ South,South Coast,Eagleby,Beenleigh,Logan - Beaudesert,Major Cities,Macalister,Forde,State-controlled,Intersection - Interchange,Give way sign,60 km/h,Sealed - Dry,Clear,Daylight,Curved - view open,Level,302.0,Veh'S Same Direction: Left Rear,Rear-end,N,0,0,1,0,1,2,0,0,0,0,0,0
366351,Hospitalisation,2020,November,Sunday,14,Fall from vehicle,Single Vehicle,153.261096968458,-27.7865904712605,Avalon Ct,Merlin Pl,,Ormeau,Gold Coast City,4208,Coomera,Gold Coast,South Eastern,SEQ South,South Coast,Ormeau - Yatala,Ormeau - Oxenford,Gold Coast,Major Cities,Coomera,Fadden,Locally-controlled,Intersection - T-Junction,No traffic control,0 - 50 km/h,Sealed - Dry,Clear,Daylight,Curved - view open,Grade,805.0,Off Path-Curve: Out Of Control On Cway,Out of control on curve,S,0,1,0,0,1,0,1,0,0,0,0,0
366352,Minor injury,2020,November,Thursday,4,Hit object,Single Vehicle,153.26091696869,-27.7849304712292,Coles Dr,Eggersdorf Rd,,Ormeau,Gold Coast City,4208,Coomera,Gold Coast,South Eastern,SEQ South,South Coast,Ormeau - Yatala,Ormeau - Oxenford,Gold Coast,Major Cities,Coomera,Fadden,Locally-controlled,Intersection - T-Junction,Operating traffic lights,60 km/h,Sealed - Dry,Clear,Dawn/Dusk,Curved - view open,Grade,808.0,Off Path-Curve: Mounts Traffic Island,Off carriageway on curve hit object,N,0,0,0,1,1,1,0,0,0,0,0,0
366353,Medical treatment,2020,November,Thursday,8,Angle,Multi-Vehicle,153.21026898307,-27.7154474655556,Distillery Rd,Fryar Rd,,Eagleby,Logan City,4207,Beenleigh,Logan,South Eastern,SEQ South,South Coast,Eagleby,Beenleigh,Logan - Beaudesert,Major Cities,Macalister,Forde,Locally-controlled,Intersection - T-Junction,Operating traffic lights,0 - 50 km/h,Sealed - Dry,Clear,Daylight,Straight,Level,202.0,Veh'S Opposite Approach: Thru-Right,Opposing vehicles turning,N,0,0,1,0,1,2,0,0,0,0,0,0
366354,Hospitalisation,2020,November,Friday,13,Hit object,Single Vehicle,153.257104970138,-27.7768564707795,Goldmine Rd,Lewani Pde,,Ormeau,Gold Coast City,4208,Coomera,Gold Coast,South Eastern,SEQ South,South Coast,Ormeau - Yatala,Ormeau - Oxenford,Gold Coast,Major Cities,Coomera,Fadden,Locally-controlled,No Roadway Feature,No traffic control,60 km/h,Sealed - Dry,Clear,Daylight,Curved - view open,Level,804.0,Off Path-Curve: Off Cway Lt Bend Hit Obj,Off carriageway on curve hit object,E,0,1,0,0,1,1,0,0,0,0,0,0
366355,Hospitalisation,2020,November,Sunday,1,Hit object,Single Vehicle,153.28324355822,-27.7774793184335,Eggersdorf Rd,Unknown,,Norwell,Gold Coast City,4208,Coomera,Gold Coast,South Eastern,SEQ South,South Coast,Jacobs Well - Alberton,Ormeau - Oxenford,Gold Coast,Major Cities,Coomera,Fadden,Locally-controlled,No Roadway Feature,No traffic control,70 km/h,Sealed - Dry,Clear,Darkness - Not lighted,Curved - view open,Level,804.0,Off Path-Curve: Off Cway Lt Bend Hit Obj,Off carriageway on curve hit object,N,0,1,0,0,1,1,0,0,0,0,0,0
366356,Fatal,2020,November,Sunday,16,Head-on,Multi-Vehicle,153.334126960768,-27.7847084786551,Pimpama - Jacobs Well Rd,Unknown,,Norwell,Gold Coast City,4208,Coomera,Gold Coast,South Eastern,SEQ South,South Coast,Jacobs Well - Alberton,Ormeau - Oxenford,Gold Coast,Major Cities,Coomera,Fadden,Locally-controlled,No Roadway Feature,No traffic control,80 - 90 km/h,Sealed - Dry,Clear,Daylight,Curved - view obscured,Level,501.0,Veh'S Overtaking: Head On,Head-on,,1,1,0,0,2,1,1,0,0,0,0,0
366357,Hospitalisation,2020,November,Wednesday,8,Angle,Multi-Vehicle,153.194143984883,-27.7149274639216,Boundary St,George St,Beenleigh Connection Road,Beenleigh,Logan City,4207,Beenleigh,Logan,South Eastern,SEQ South,South Coast,Beenleigh,Beenleigh,Logan - Beaudesert,Major Cities,Macalister,Forde,State-controlled,Intersection - Roundabout,Give way sign,60 km/h,Sealed - Dry,Clear,Daylight,Curved - view open,Level,308.0,Veh'S Same Direction: Right Turn S/Swipe,Parallel lanes turning,E,0,1,0,0,1,3,0,0,0,0,0,0
366358,Minor injury,2020,November,Wednesday,8,Rear-end,Multi-Vehicle,153.141972993285,-27.6933484584849,Albert St,Nerang St,Brisbane - Beenleigh Road,Waterford,Logan City,4133,Beenleigh,Logan,South Eastern,SEQ South,South Coast,Bethania - Waterford,Loganlea - Carbrook,Logan - Beaudesert,Major Cities,Waterford,Forde,State-controlled,Intersection - T-Junction,Operating traffic lights,60 km/h,Sealed - Dry,Clear,Daylight,Straight,Level,303.0,Veh'S Same Direction: Right Rear,Rear-end,N,0,0,0,1,1,2,0,0,0,0,0,0
366359,Hospitalisation,2020,November,Thursday,12,Angle,Multi-Vehicle,153.215238976358,-27.7637694664389,Peachey Rd,Stephens Wy,,Luscombe,Gold Coast City,4207,Coomera,Gold Coast,South Eastern,SEQ South,South Coast,Ormeau - Yatala,Ormeau - Oxenford,Gold Coast,Major Cities,Coomera,Forde,Locally-controlled,Intersection - T-Junction,Give way sign,60 km/h,Sealed - Dry,Clear,Daylight,Curved - view open,Crest,104.0,Veh'S Adjacent Approach: Thru-Right,Intersection from adjacent approaches,N,0,1,0,1,2,2,0,0,0,0,0,0
366360,Medical treatment,2020,November,Thursday,17,Rear-end,Multi-Vehicle,153.223296748976,-27.728615775977,Pacific Hwy,Unknown,Pacific Highway (Pacific Motorway),Stapylton,Gold Coast City,4207,Coomera,Gold Coast,South Eastern,SEQ South,South Coast,Ormeau - Yatala,Ormeau - Oxenford,Gold Coast,Major Cities,Coomera,Fadden,State-controlled,No Roadway Feature,No traffic control,100 - 110 km/h,Sealed - Dry,Clear,Daylight,Straight,Level,301.0,Veh'S Same Direction: Rear End,Rear-end,S,0,0,1,0,1,2,0,0,0,0,0,0
366361,Medical treatment,2020,November,Friday,9,Angle,Multi-Vehicle,153.202409984795,-27.7086044647071,Logan St,York St,Beenleigh Connection Road,Beenleigh,Logan City,4207,Beenleigh,Logan,South Eastern,SEQ South,South Coast,Beenleigh,Beenleigh,Logan - Beaudesert,Major Cities,Macalister,Forde,State-controlled,No Roadway Feature,No traffic control,60 km/h,Sealed - Dry,Clear,Daylight,Straight,Level,406.0,Veh'S Manoeuvring: Leaving Driveway,Vehicle leaving driveway,E,0,0,1,0,1,3,0,0,0,0,0,0
366362,Hospitalisation,2020,November,Friday,5,Struck by external load,Other,153.230056977992,-27.7384074677381,Pacific Hwy,Unknown,Pacific Highway (Pacific Motorway),Yatala,Gold Coast City,4207,Coomera,Gold Coast,South Eastern,SEQ South,South Coast,Ormeau - Yatala,Ormeau - Oxenford,Gold Coast,Major Cities,Coomera,Fadden,State-controlled,Intersection - Interchange,No traffic control,100 - 110 km/h,Sealed - Dry,Clear,Dawn/Dusk,Straight,Level,610.0,Pass & Misc: Load Hit Vehicle,Other,N,0,1,0,0,1,0,1,0,0,0,0,0
366363,Minor injury,2020,November,Saturday,0,Hit parked vehicle,Single Vehicle,153.225432260324,-27.731909466219,Pacific Hwy,Unknown,Pacific Highway (Pacific Motorway),Yatala,Gold Coast City,4207,Coomera,Gold Coast,South Eastern,SEQ South,South Coast,Ormeau - Yatala,Ormeau - Oxenford,Gold Coast,Major Cities,Coomera,Fadden,State-controlled,No Roadway Feature,No traffic control,100 - 110 km/h,Sealed - Dry,Clear,Darkness - Lighted,Straight,Level,601.0,Veh'S On Path: Parked,Hit parked vehicle,N,0,0,0,1,1,1,0,0,0,0,0,1
366364,Fatal,2020,November,Saturday,14,Angle,Multi-Vehicle,153.193018983519,-27.7265764638997,Beaudesert - Beenleigh Rd,Tallagandra Rd,Beaudesert - Beenleigh Road,Beenleigh,Logan City,4207,Beenleigh,Logan,South Eastern,SEQ South,South Coast,Beenleigh,Beenleigh,Logan - Beaudesert,Major Cities,Macalister,Forde,State-controlled,Intersection - T-Junction,Operating traffic lights,60 km/h,Sealed - Dry,Clear,Daylight,Straight,Grade,202.0,Veh'S Opposite Approach: Thru-Right,Opposing vehicles turning,S,1,0,0,0,1,1,1,0,0,0,0,0
366365,Medical treatment,2020,November,Saturday,7,Angle,Multi-Vehicle,153.325418967196,-27.741989477434,Mill Rd,Short Cut Rd,,Steiglitz,Gold Coast City,4207,Coomera,Gold Coast,South Eastern,SEQ South,South Coast,Jacobs Well - Alberton,Ormeau - Oxenford,Gold Coast,Inner Regional,Coomera,Fadden,Locally-controlled,Intersection - Cross,Stop sign,60 km/h,Sealed - Dry,Clear,Daylight,Straight,Level,101.0,Veh'S Adjacent Approach: Thru-Thru,Intersection from adjacent approaches,,0,0,1,0,1,2,0,0,0,0,0,0
366366,Hospitalisation,2020,November,Sunday,2,Hit object,Single Vehicle,153.250398871922,-27.7686051700353,Pacific Hwy,Unknown,Pacific Highway (Pacific Motorway),Ormeau,Gold Coast City,4208,Coomera,Gold Coast,South Eastern,SEQ South,South Coast,Ormeau - Yatala,Ormeau - Oxenford,Gold Coast,Major Cities,Coomera,Fadden,State-controlled,No Roadway Feature,No traffic control,100 - 110 km/h,Sealed - Dry,Clear,Darkness - Not lighted,Straight,Level,704.0,Off Path-Straight:Right Off Cway Hit Obj,Off carriageway on straight hit object,N,0,1,0,0,1,1,0,0,0,0,0,0
366367,Medical treatment,2020,December,Wednesday,14,Hit parked vehicle,Single Vehicle,153.225164471979,-27.734837482215,Old Pacific Hwy,Unknown,,Yatala,Gold Coast City,4207,Coomera,Gold Coast,South Eastern,SEQ South,South Coast,Ormeau - Yatala,Ormeau - Oxenford,Gold Coast,Major Cities,Coomera,Forde,Locally-controlled,No Roadway Feature,No traffic control,60 km/h,Sealed - Dry,Clear,Daylight,Straight,Level,703.0,Off Path-Straight: Left Off Cway Hit Obj,Off carriageway on straight hit object,S,0,0,1,0,1,2,0,0,0,0,0,0
366368,Hospitalisation,2020,December,Thursday,10,Hit object,Single Vehicle,153.194219983732,-27.7238834639998,Beaudesert - Beenleigh Rd,Unknown,Beaudesert - Beenleigh Road,Mount Warren Park,Logan City,4207,Beenleigh,Logan,South Eastern,SEQ South,South Coast,Mount Warren Park,Beenleigh,Logan - Beaudesert,Major Cities,Macalister,Forde,State-controlled,No Roadway Feature,No traffic control,60 km/h,Sealed - Dry,Clear,Daylight,Straight,Level,700.0,Off Path-Straight: Other,Other,N,0,1,0,0,1,1,0,0,0,0,0,0
366369,Medical treatment,2020,December,Friday,15,Angle,Multi-Vehicle,153.194052984872,-27.7150934639137,Boundary St,George St,Beenleigh Connection Road,Beenleigh,Logan City,4207,Beenleigh,Logan,South Eastern,SEQ South,South Coast,Beenleigh,Beenleigh,Logan - Beaudesert,Major Cities,Macalister,Forde,State-controlled,Intersection - Roundabout,Give way sign,60 km/h,Sealed - Dry,Clear,Daylight,Straight,Level,202.0,Veh'S Opposite Approach: Thru-Right,Opposing vehicles turning,E,0,0,1,0,1,2,0,0,0,0,0,0
366370,Hospitalisation,2020,December,Saturday,3,Hit object,Single Vehicle,153.251765809921,-27.7752714272262,Pacific Hwy,Unknown,Pacific Highway (Pacific Motorway),Ormeau,Gold Coast City,4208,Coomera,Gold Coast,South Eastern,SEQ South,South Coast,Ormeau - Yatala,Ormeau - Oxenford,Gold Coast,Major Cities,Coomera,Fadden,State-controlled,Median Opening,No traffic control,100 - 110 km/h,Sealed - Dry,Clear,Daylight,Straight,Level,700.0,Off Path-Straight: Other,Other,N,0,1,0,0,1,1,0,0,0,0,0,0
366371,Minor injury,2020,December,Sunday,0,Hit parked vehicle,Single Vehicle,153.150289993294,-27.6861994592674,Edinburgh Dr,Unknown,,Bethania,Logan City,4205,Beenleigh,Logan,South Eastern,SEQ South,South Coast,Bethania - Waterford,Loganlea - Carbrook,Logan - Beaudesert,Major Cities,Waterford,Forde,Locally-controlled,No Roadway Feature,No traffic control,60 km/h,Sealed - Dry,Clear,Darkness - Lighted,Curved - view open,Grade,803.0,Off Path-Curve: Off Cway Rt Bend Hit Obj,Off carriageway on curve hit object,E,0,0,0,1,1,2,0,0,0,0,0,0
366372,Medical treatment,2020,December,Monday,8,Rear-end,Multi-Vehicle,153.212512982014,-27.7218124658327,Beenleigh Connection Rd,Unknown,Beenleigh Connection Road,Beenleigh,Logan City,4207,Beenleigh,Logan,South Eastern,SEQ South,South Coast,Beenleigh,Beenleigh,Logan - Beaudesert,Major Cities,Macalister,Forde,State-controlled,No Roadway Feature,No traffic control,0 - 50 km/h,Sealed - Dry,Clear,Daylight,Straight,Level,301.0,Veh'S Same Direction: Rear End,Rear-end,S,0,0,1,0,1,2,0,0,0,0,0,0
366373,Hospitalisation,2020,December,Wednesday,16,Sideswipe,Multi-Vehicle,153.231274977606,-27.740394467877,Pacific Hwy,Unknown,Pacific Highway (Pacific Motorway),Stapylton,Gold Coast City,4207,Coomera,Gold Coast,South Eastern,SEQ South,South Coast,Ormeau - Yatala,Ormeau - Oxenford,Gold Coast,Major Cities,Coomera,Fadden,State-controlled,No Roadway Feature,No traffic control,100 - 110 km/h,Sealed - Dry,Clear,Daylight,Straight,Level,305.0,Veh'S Same Direction: Lane Side Swipe,Lane changes,N,0,1,0,0,1,3,0,0,0,0,0,0
366374,Medical treatment,2020,December,Wednesday,16,Rear-end,Multi-Vehicle,153.248898972504,-27.7653364698576,Pacific Hwy,Unknown,Pacific Highway (Pacific Motorway),Ormeau,Gold Coast City,4208,Coomera,Gold Coast,South Eastern,SEQ South,South Coast,Ormeau - Yatala,Ormeau - Oxenford,Gold Coast,Major Cities,Coomera,Fadden,State-controlled,No Roadway Feature,No traffic control,80 - 90 km/h,Sealed - Dry,Clear,Daylight,Curved - view open,Level,301.0,Veh'S Same Direction: Rear End,Rear-end,N,0,0,1,0,1,3,0,0,0,0,0,0
366375,Minor injury,2020,December,Thursday,21,Head-on,Multi-Vehicle,153.1820409874,-27.7054724626243,Holmview Rd,Unknown,,Holmview,Logan City,4207,Beenleigh,Logan,South Eastern,SEQ South,South Coast,Edens Landing - Holmview,Beenleigh,Logan - Beaudesert,Major Cities,Macalister,Forde,Locally-controlled,No Roadway Feature,No traffic control,60 km/h,Sealed - Dry,Clear,Darkness - Lighted,Curved - view obscured,Level,201.0,Veh'S Opposite Approach: Head On,Head-on,N,0,0,0,1,1,2,0,0,0,0,0,0
366376,Medical treatment,2020,December,Thursday,16,Rear-end,Multi-Vehicle,153.195023606972,-27.7213238730609,Lehmans Rd,Milne St,Beenleigh Connection Road,Beenleigh,Logan City,4207,Beenleigh,Logan,South Eastern,SEQ South,South Coast,Beenleigh,Beenleigh,Logan - Beaudesert,Major Cities,Macalister,Forde,State-controlled,Intersection - Roundabout,Give way sign,60 km/h,Sealed - Dry,Clear,Daylight,Straight,Level,301.0,Veh'S Same Direction: Rear End,Rear-end,S,0,0,1,0,1,2,0,0,0,0,0,0
366377,Hospitalisation,2020,December,Sunday,13,Sideswipe,Multi-Vehicle,153.194798012233,-27.6959566208381,Pacific Hwy,Unknown,Pacific Highway (Pacific Motorway),Loganholme,Logan City,4129,Beenleigh,Logan,South Eastern,SEQ South,South Coast,Loganholme - Tanah Merah,Loganlea - Carbrook,Logan - Beaudesert,Major Cities,Waterford,Forde,State-controlled,Bridge/Causeway,No traffic control,100 - 110 km/h,Sealed - Wet,Raining,Daylight,Straight,Level,305.0,Veh'S Same Direction: Lane Side Swipe,Lane changes,N,0,1,0,0,1,2,1,0,0,0,0,0