Crash_Ref_Number,Crash_Severity,Crash_Year,Crash_Month,Crash_Day_Of_Week,Crash_Hour,Crash_Nature,Crash_Type,Crash_Longitude,Crash_Latitude,Crash_Street,Crash_Street_Intersecting,State_Road_Name,Loc_Suburb,Loc_Local_Government_Area,Loc_Post_Code,Loc_Police_Division,Loc_Police_District,Loc_Police_Region,Loc_Queensland_Transport_Region,Loc_Main_Roads_Region,Loc_ABS_Statistical_Area_2,Loc_ABS_Statistical_Area_3,Loc_ABS_Statistical_Area_4,Loc_ABS_Remoteness,Loc_State_Electorate,Loc_Federal_Electorate,Crash_Controlling_Authority,Crash_Roadway_Feature,Crash_Traffic_Control,Crash_Speed_Limit,Crash_Road_Surface_Condition,Crash_Atmospheric_Condition,Crash_Lighting_Condition,Crash_Road_Horiz_Align,Crash_Road_Vert_Align,Crash_DCA_Code,Crash_DCA_Description,Crash_DCA_Group_Description,DCA_Key_Approach_Dir,Count_Casualty_Fatality,Count_Casualty_Hospitalised,Count_Casualty_MedicallyTreated,Count_Casualty_MinorInjury,Count_Casualty_Total,Count_Unit_Car,Count_Unit_Motorcycle_Moped,Count_Unit_Truck,Count_Unit_Bus,Count_Unit_Bicycle,Count_Unit_Pedestrian,Count_Unit_Other
366378,Medical treatment,2020,December,Monday,17,Rear-end,Multi-Vehicle,153.213047984417,-27.7025394657349,Fryar Rd,River Hills Rd,,Eagleby,Logan City,4207,Beenleigh,Logan,South Eastern,SEQ South,South Coast,Eagleby,Beenleigh,Logan - Beaudesert,Major Cities,Macalister,Forde,Locally-controlled,Intersection - Cross,Operating traffic lights,60 km/h,Sealed - Wet,Clear,Daylight,Straight,Grade,302.0,Veh'S Same Direction: Left Rear,Rear-end,E,0,0,1,0,1,2,0,0,0,0,0,0
366379,Medical treatment,2020,December,Thursday,5,Angle,Multi-Vehicle,153.246520973068,-27.762946469598,Cuthbert Dr,Orange Mountain Rd,,Ormeau,Gold Coast City,4208,Coomera,Gold Coast,South Eastern,SEQ South,South Coast,Ormeau - Yatala,Ormeau - Oxenford,Gold Coast,Major Cities,Coomera,Forde,Locally-controlled,Intersection - Roundabout,Give way sign,0 - 50 km/h,Sealed - Wet,Raining,Dawn/Dusk,Curved - view open,Level,107.0,Veh'S Adjacent Approach: Thru-Left,Intersection from adjacent approaches,N,0,0,1,0,1,2,0,0,0,0,0,0
366380,Hospitalisation,2020,December,Saturday,21,Rear-end,Multi-Vehicle,153.158858990416,-27.7015174602528,Castile Cres,Logan River Rd,Brisbane - Beenleigh Road,Edens Landing,Logan City,4207,Beenleigh,Logan,South Eastern,SEQ South,South Coast,Edens Landing - Holmview,Beenleigh,Logan - Beaudesert,Major Cities,Waterford,Forde,State-controlled,Intersection - T-Junction,No traffic control,60 km/h,Sealed - Dry,Clear,Darkness - Lighted,Straight,Level,302.0,Veh'S Same Direction: Left Rear,Rear-end,W,0,2,0,0,2,2,0,0,0,0,0,0
366381,Fatal,2020,December,Sunday,8,Hit pedestrian,Hit pedestrian,153.262697971021,-27.7652194712544,Goldmine Rd,Unknown,,Ormeau,Gold Coast City,4208,Coomera,Gold Coast,South Eastern,SEQ South,South Coast,Ormeau - Yatala,Ormeau - Oxenford,Gold Coast,Major Cities,Coomera,Fadden,Locally-controlled,No Roadway Feature,No traffic control,0 - 50 km/h,Sealed - Dry,Clear,Daylight,Straight,Level,2.0,Ped'N: Hit Emerging Behind Vehicle,Pedestrian,,1,0,0,0,1,1,0,0,0,0,1,0
366382,Hospitalisation,2020,December,Sunday,16,Angle,Multi-Vehicle,153.157507989135,-27.7127174602047,Mossman Pde,Unknown,,Waterford,Logan City,4133,Beenleigh,Logan,South Eastern,SEQ South,South Coast,Bethania - Waterford,Loganlea - Carbrook,Logan - Beaudesert,Major Cities,Macalister,Forde,Locally-controlled,No Roadway Feature,No traffic control,0 - 50 km/h,Sealed - Dry,Clear,Daylight,Straight,Grade,406.0,Veh'S Manoeuvring: Leaving Driveway,Vehicle leaving driveway,W,0,1,0,0,1,2,0,1,0,0,0,0
366383,Hospitalisation,2020,December,Monday,20,Angle,Multi-Vehicle,153.156005991506,-27.6953814599165,Albert St,Church Rd,,Bethania,Logan City,4205,Beenleigh,Logan,South Eastern,SEQ South,South Coast,Bethania - Waterford,Loganlea - Carbrook,Logan - Beaudesert,Major Cities,Waterford,Forde,Locally-controlled,Intersection - Cross,Give way sign,0 - 50 km/h,Sealed - Dry,Clear,Darkness - Lighted,Straight,Level,104.0,Veh'S Adjacent Approach: Thru-Right,Intersection from adjacent approaches,N,0,1,1,0,2,2,0,0,0,0,0,0
366384,Hospitalisation,2020,December,Tuesday,11,Hit object,Single Vehicle,153.260719967335,-27.7956734712938,Pacific Hwy,Unknown,Pacific Highway (Pacific Motorway),Ormeau,Gold Coast City,4208,Coomera,Gold Coast,South Eastern,SEQ South,South Coast,Ormeau - Yatala,Ormeau - Oxenford,Gold Coast,Major Cities,Coomera,Fadden,State-controlled,No Roadway Feature,No traffic control,100 - 110 km/h,Sealed - Dry,Clear,Daylight,Straight,Level,705.0,Off Path-Straight:Out Of Control On Cway,Out of control on straight,S,0,1,1,0,2,1,0,0,0,0,0,0
366385,Hospitalisation,2020,December,Wednesday,9,Rear-end,Multi-Vehicle,153.139409419638,-27.6927513482217,Albert St,Unknown,Brisbane - Beenleigh Road,Waterford,Logan City,4133,Beenleigh,Logan,South Eastern,SEQ South,South Coast,Bethania - Waterford,Loganlea - Carbrook,Logan - Beaudesert,Major Cities,Waterford,Forde,State-controlled,Bridge/Causeway,No traffic control,70 km/h,Sealed - Dry,Clear,Daylight,Straight,Level,301.0,Veh'S Same Direction: Rear End,Rear-end,E,0,1,0,0,1,1,1,0,0,0,0,0
366386,Hospitalisation,2020,December,Wednesday,9,Hit object,Single Vehicle,153.163701990409,-27.6974514607095,Black Diamond Cres,Unknown,,Edens Landing,Logan City,4207,Beenleigh,Logan,South Eastern,SEQ South,South Coast,Edens Landing - Holmview,Beenleigh,Logan - Beaudesert,Major Cities,Macalister,Forde,Locally-controlled,No Roadway Feature,No traffic control,0 - 50 km/h,Sealed - Dry,Clear,Daylight,Curved - view open,Level,803.0,Off Path-Curve: Off Cway Rt Bend Hit Obj,Off carriageway on curve hit object,N,0,1,0,0,1,1,0,0,0,0,0,0
366387,Minor injury,2020,December,Thursday,4,Rear-end,Multi-Vehicle,153.172032987658,-27.7119564616648,Logan River Rd,Unknown,Brisbane - Beenleigh Road,Holmview,Logan City,4207,Beenleigh,Logan,South Eastern,SEQ South,South Coast,Edens Landing - Holmview,Beenleigh,Logan - Beaudesert,Major Cities,Macalister,Forde,State-controlled,No Roadway Feature,No traffic control,70 km/h,Sealed - Dry,Clear,Dawn/Dusk,Straight,Grade,301.0,Veh'S Same Direction: Rear End,Rear-end,W,0,0,0,1,1,2,0,0,0,0,0,0
366388,Medical treatment,2020,December,Wednesday,14,Overturned,Single Vehicle,153.255605969096,-27.7862664707017,Pacific Hwy,Unknown,Pacific Highway (Pacific Motorway),Ormeau,Gold Coast City,4208,Coomera,Gold Coast,South Eastern,SEQ South,South Coast,Ormeau - Yatala,Ormeau - Oxenford,Gold Coast,Major Cities,Coomera,Forde,State-controlled,Intersection - Interchange,No traffic control,60 km/h,Sealed - Wet,Raining,Daylight,Straight,Crest,701.0,Off Path-Straight: Left Off Cway,Off carriageway on straight,N,0,0,1,0,1,1,0,0,0,0,0,0
366389,Medical treatment,2020,December,Thursday,14,Angle,Multi-Vehicle,153.201112984031,-27.7156924646319,York St,Unknown,,Beenleigh,Logan City,4207,Beenleigh,Logan,South Eastern,SEQ South,South Coast,Beenleigh,Beenleigh,Logan - Beaudesert,Major Cities,Macalister,Forde,Locally-controlled,No Roadway Feature,No traffic control,0 - 50 km/h,Sealed - Dry,Clear,Daylight,Straight,Level,401.0,Veh'S Manoeuvring: Leaving Parking,Vehicle leaving driveway,N,0,0,1,0,1,2,0,0,0,0,0,0
366390,Minor injury,2021,January,Saturday,11,Rear-end,Multi-Vehicle,153.19754498637,-27.7003854641506,Pacific Hwy,Unknown,Pacific Highway (Pacific Motorway),Eagleby,Logan City,4207,Beenleigh,Logan,South Eastern,SEQ South,South Coast,Eagleby,Beenleigh,Logan - Beaudesert,Major Cities,Macalister,Forde,State-controlled,No Roadway Feature,No traffic control,100 - 110 km/h,Sealed - Dry,Clear,Daylight,Straight,Level,301.0,Veh'S Same Direction: Rear End,Rear-end,S,0,0,0,1,1,2,0,0,0,0,0,0
366391,Hospitalisation,2021,January,Sunday,1,Hit object,Single Vehicle,153.354113958481,-27.7856144806937,Huth Rd,Pimpama - Jacobs Well Rd,,Jacobs Well,Gold Coast City,4208,Coomera,Gold Coast,South Eastern,SEQ South,South Coast,Jacobs Well - Alberton,Ormeau - Oxenford,Gold Coast,Major Cities,Coomera,Fadden,Locally-controlled,Intersection - T-Junction,No traffic control,60 km/h,Sealed - Dry,Clear,Darkness - Not lighted,Curved - view obscured,Level,803.0,Off Path-Curve: Off Cway Rt Bend Hit Obj,Off carriageway on curve hit object,W,0,1,0,0,1,1,0,0,0,0,0,0
366392,Hospitalisation,2021,January,Sunday,21,Hit object,Single Vehicle,153.341319958656,-27.7950614794676,Kerkin Rd N,Unknown,,Norwell,Gold Coast City,4208,Coomera,Gold Coast,South Eastern,SEQ South,South Coast,Jacobs Well - Alberton,Ormeau - Oxenford,Gold Coast,Major Cities,Coomera,Fadden,Locally-controlled,No Roadway Feature,No traffic control,60 km/h,Sealed - Dry,Clear,Darkness - Not lighted,Curved - view open,Level,803.0,Off Path-Curve: Off Cway Rt Bend Hit Obj,Off carriageway on curve hit object,E,0,1,0,0,1,1,0,0,0,0,0,0
366393,Minor injury,2021,January,Wednesday,18,Fall from vehicle,Single Vehicle,153.160807989202,-27.7093854605115,Gardiner Rd,Logan River Rd,Brisbane - Beenleigh Road,Holmview,Logan City,4207,Beenleigh,Logan,South Eastern,SEQ South,South Coast,Edens Landing - Holmview,Beenleigh,Logan - Beaudesert,Major Cities,Macalister,Forde,State-controlled,Intersection - Cross,Operating traffic lights,60 km/h,Sealed - Dry,Raining,Dawn/Dusk,Straight,Level,706.0,Off Path-Straight: Left Turn,Off carriageway on straight,N,0,0,0,1,1,0,1,0,0,0,0,0
366394,Medical treatment,2021,January,Thursday,7,Head-on,Multi-Vehicle,153.132505992369,-27.7085984576506,Waterford - Tamborine Rd,Unknown,Waterford - Tamborine Road,Waterford,Logan City,4133,Beenleigh,Logan,South Eastern,SEQ South,South Coast,Bethania - Waterford,Loganlea - Carbrook,Logan - Beaudesert,Major Cities,Waterford,Forde,State-controlled,No Roadway Feature,No traffic control,80 - 90 km/h,Sealed - Dry,Clear,Daylight,Straight,Level,610.0,Pass & Misc: Load Hit Vehicle,Other,S,0,0,1,0,1,2,0,0,0,0,0,0
366395,Hospitalisation,2021,January,Friday,13,Angle,Multi-Vehicle,153.155357991589,-27.6952844598504,Albert St,Brisbane - Beenleigh Rd,Brisbane - Beenleigh Road,Bethania,Logan City,4205,Beenleigh,Logan,South Eastern,SEQ South,South Coast,Bethania - Waterford,Loganlea - Carbrook,Logan - Beaudesert,Major Cities,Waterford,Forde,State-controlled,Intersection - Interchange,Stop sign,60 km/h,Sealed - Dry,Clear,Daylight,Straight,Level,104.0,Veh'S Adjacent Approach: Thru-Right,Intersection from adjacent approaches,W,0,1,0,0,1,2,0,0,0,0,0,0
366396,Hospitalisation,2021,January,Friday,20,Angle,Multi-Vehicle,153.200886985954,-27.7008074644917,Brigade Dr,River Hills Rd,,Eagleby,Logan City,4207,Beenleigh,Logan,South Eastern,SEQ South,South Coast,Eagleby,Beenleigh,Logan - Beaudesert,Major Cities,Macalister,Forde,Locally-controlled,Intersection - T-Junction,Operating traffic lights,60 km/h,Sealed - Dry,Clear,Darkness - Lighted,Straight,Level,202.0,Veh'S Opposite Approach: Thru-Right,Opposing vehicles turning,E,0,1,0,0,1,2,0,0,0,0,0,0
366397,Hospitalisation,2021,January,Wednesday,10,Angle,Multi-Vehicle,153.154435988715,-27.7186284599413,Grand Tce,Willow Rise Dr,,Waterford,Logan City,4133,Beenleigh,Logan,South Eastern,SEQ South,South Coast,Bethania - Waterford,Loganlea - Carbrook,Logan - Beaudesert,Major Cities,Macalister,Forde,Locally-controlled,Intersection - T-Junction,No traffic control,0 - 50 km/h,Sealed - Dry,Clear,Daylight,Curved - view open,Level,202.0,Veh'S Opposite Approach: Thru-Right,Opposing vehicles turning,W,0,1,1,0,2,2,0,0,0,0,0,0
366398,Medical treatment,2021,January,Wednesday,17,Rear-end,Multi-Vehicle,153.256232618956,-27.7868280187696,Creek St,Unknown,Pacific Highway (Pacific Motorway),Ormeau,Gold Coast City,4208,Coomera,Gold Coast,South Eastern,SEQ South,South Coast,Ormeau - Yatala,Ormeau - Oxenford,Gold Coast,Major Cities,Coomera,Forde,State-controlled,Bridge/Causeway,No traffic control,60 km/h,Sealed - Dry,Clear,Daylight,Straight,Level,301.0,Veh'S Same Direction: Rear End,Rear-end,W,0,0,1,0,1,2,0,0,0,0,0,0
366399,Minor injury,2021,January,Friday,17,Angle,Multi-Vehicle,153.18540798242,-27.7416574632495,Bahrs Scrub Rd,New Horizon Ave,,Bahrs Scrub,Logan City,4207,Beenleigh,Logan,South Eastern,SEQ South,South Coast,Wolffdene - Bahrs Scrub,Beenleigh,Logan - Beaudesert,Major Cities,Macalister,Forde,Locally-controlled,Intersection - Cross,Give way sign,60 km/h,Sealed - Dry,Clear,Daylight,Straight,Crest,101.0,Veh'S Adjacent Approach: Thru-Thru,Intersection from adjacent approaches,S,0,0,0,2,2,2,0,0,0,0,0,0
366400,Medical treatment,2021,January,Saturday,19,Angle,Multi-Vehicle,153.20262798296,-27.722791464841,Milne St,Unknown,Beenleigh Connection Road,Beenleigh,Logan City,4207,Beenleigh,Logan,South Eastern,SEQ South,South Coast,Beenleigh,Beenleigh,Logan - Beaudesert,Major Cities,Macalister,Forde,State-controlled,No Roadway Feature,No traffic control,60 km/h,Sealed - Wet,Raining,Darkness - Lighted,Straight,Level,406.0,Veh'S Manoeuvring: Leaving Driveway,Vehicle leaving driveway,E,0,0,1,0,1,2,0,0,0,0,0,0
366401,Hospitalisation,2021,January,Monday,13,Angle,Multi-Vehicle,153.155357991589,-27.6952844598504,Albert St,Brisbane - Beenleigh Rd,Brisbane - Beenleigh Road,Bethania,Logan City,4205,Beenleigh,Logan,South Eastern,SEQ South,South Coast,Bethania - Waterford,Loganlea - Carbrook,Logan - Beaudesert,Major Cities,Waterford,Forde,State-controlled,Intersection - Interchange,Stop sign,60 km/h,Sealed - Dry,Clear,Daylight,Straight,Level,101.0,Veh'S Adjacent Approach: Thru-Thru,Intersection from adjacent approaches,N,0,1,0,0,1,2,0,0,0,0,0,0
366402,Medical treatment,2021,January,Monday,18,Rear-end,Multi-Vehicle,153.20341398502,-27.705989464788,City Rd,Pacific Hwy,Pacific Highway (Pacific Motorway),Eagleby,Logan City,4207,Beenleigh,Logan,South Eastern,SEQ South,South Coast,Beenleigh,Beenleigh,Logan - Beaudesert,Major Cities,Macalister,Forde,State-controlled,Intersection - Roundabout,Give way sign,0 - 50 km/h,Sealed - Wet,Raining,Daylight,Straight,Level,301.0,Veh'S Same Direction: Rear End,Rear-end,N,0,0,1,0,1,2,0,0,0,0,0,0
366403,Medical treatment,2021,January,Tuesday,15,Angle,Multi-Vehicle,153.182508985987,-27.7161564627558,Harburg Dr,Horizon Dr,,Beenleigh,Logan City,4207,Beenleigh,Logan,South Eastern,SEQ South,South Coast,Beenleigh,Beenleigh,Logan - Beaudesert,Major Cities,Macalister,Forde,Locally-controlled,Intersection - T-Junction,No traffic control,60 km/h,Sealed - Dry,Clear,Daylight,Curved - view open,Level,207.0,Veh'S Opposite Approach: U-Turn,U-turn,N,0,0,1,0,1,2,0,0,0,0,0,0
366404,Hospitalisation,2021,January,Wednesday,15,Head-on,Multi-Vehicle,153.164377986739,-27.7256774610001,Menora Rd,Wuraga Rd,,Holmview,Logan City,4207,Beenleigh,Logan,South Eastern,SEQ South,South Coast,Wolffdene - Bahrs Scrub,Beenleigh,Logan - Beaudesert,Major Cities,Macalister,Forde,Locally-controlled,Intersection - T-Junction,No traffic control,60 km/h,Sealed - Dry,Clear,Daylight,Curved - view open,Grade,202.0,Veh'S Opposite Approach: Thru-Right,Opposing vehicles turning,E,0,2,0,0,2,2,0,0,0,0,0,0
366405,Medical treatment,2021,January,Sunday,10,Sideswipe,Multi-Vehicle,153.208866983359,-27.7143734654054,Pacific Hwy,Unknown,Pacific Highway (Pacific Motorway),Eagleby,Logan City,4207,Beenleigh,Logan,South Eastern,SEQ South,South Coast,Eagleby,Beenleigh,Logan - Beaudesert,Major Cities,Macalister,Forde,State-controlled,No Roadway Feature,No traffic control,100 - 110 km/h,Sealed - Dry,Clear,Daylight,Straight,Level,301.0,Veh'S Same Direction: Rear End,Rear-end,S,0,0,1,0,1,2,0,0,0,0,0,0
366406,Medical treatment,2021,January,Monday,10,Rear-end,Multi-Vehicle,153.173810986409,-27.7202434619096,Pepper Tree Dr,Teys Rd,,Holmview,Logan City,4207,Beenleigh,Logan,South Eastern,SEQ South,South Coast,Edens Landing - Holmview,Beenleigh,Logan - Beaudesert,Major Cities,Macalister,Forde,Locally-controlled,Intersection - T-Junction,No traffic control,60 km/h,Sealed - Dry,Clear,Daylight,Straight,Level,302.0,Veh'S Same Direction: Left Rear,Rear-end,,0,0,1,0,1,2,0,0,0,0,0,0
366407,Minor injury,2021,January,Monday,12,Rear-end,Multi-Vehicle,153.142681993045,-27.6946264585665,Nerang St,Unknown,Waterford - Tamborine Road,Waterford,Logan City,4133,Beenleigh,Logan,South Eastern,SEQ South,South Coast,Bethania - Waterford,Loganlea - Carbrook,Logan - Beaudesert,Major Cities,Waterford,Forde,State-controlled,No Roadway Feature,No traffic control,60 km/h,Sealed - Dry,Clear,Daylight,Straight,Level,301.0,Veh'S Same Direction: Rear End,Rear-end,E,0,0,0,1,1,1,0,1,0,0,0,0
366408,Medical treatment,2021,January,Wednesday,17,Rear-end,Multi-Vehicle,153.206920983262,-27.7167814652276,George St,Unknown,,Beenleigh,Logan City,4207,Beenleigh,Logan,South Eastern,SEQ South,South Coast,Beenleigh,Beenleigh,Logan - Beaudesert,Major Cities,Macalister,Forde,Locally-controlled,No Roadway Feature,No traffic control,0 - 50 km/h,Sealed - Dry,Clear,Daylight,Straight,Level,301.0,Veh'S Same Direction: Rear End,Rear-end,W,0,0,1,0,1,2,0,0,0,0,0,0
366409,Hospitalisation,2021,January,Wednesday,17,Angle,Multi-Vehicle,153.256958968995,-27.7859054708359,Creek St,Eggersdorf Rd,Pacific Highway (Pacific Motorway),Ormeau,Gold Coast City,4208,Coomera,Gold Coast,South Eastern,SEQ South,South Coast,Ormeau - Yatala,Ormeau - Oxenford,Gold Coast,Major Cities,Coomera,Fadden,State-controlled,Intersection - Interchange,Give way sign,0 - 50 km/h,Sealed - Dry,Clear,Daylight,Curved - view open,Grade,101.0,Veh'S Adjacent Approach: Thru-Thru,Intersection from adjacent approaches,N,0,1,0,1,2,2,0,0,0,0,0,0
366410,Medical treatment,2021,January,Wednesday,15,Rear-end,Multi-Vehicle,153.169296989182,-27.7023234613126,Castile Cres,Unknown,,Edens Landing,Logan City,4207,Beenleigh,Logan,South Eastern,SEQ South,South Coast,Edens Landing - Holmview,Beenleigh,Logan - Beaudesert,Major Cities,Macalister,Forde,Locally-controlled,No Roadway Feature,No traffic control,0 - 50 km/h,Sealed - Dry,Clear,Daylight,Straight,Grade,301.0,Veh'S Same Direction: Rear End,Rear-end,S,0,0,2,0,2,2,0,0,0,0,0,0
366411,Minor injury,2021,January,Saturday,5,Sideswipe,Multi-Vehicle,153.248530973136,-27.7607094697839,Lahrs Rd,Unknown,,Ormeau,Gold Coast City,4208,Coomera,Gold Coast,South Eastern,SEQ South,South Coast,Ormeau - Yatala,Ormeau - Oxenford,Gold Coast,Major Cities,Coomera,Fadden,Locally-controlled,No Roadway Feature,No traffic control,60 km/h,Sealed - Dry,Clear,Daylight,Curved - view open,Level,305.0,Veh'S Same Direction: Lane Side Swipe,Lane changes,E,0,0,0,1,1,1,0,0,0,1,0,0
366412,Minor injury,2021,January,Saturday,12,Hit object,Single Vehicle,153.19941998561,-27.7047524643746,Pheasant Ave,Unknown,,Beenleigh,Logan City,4207,Beenleigh,Logan,South Eastern,SEQ South,South Coast,Beenleigh,Beenleigh,Logan - Beaudesert,Major Cities,Macalister,Forde,Locally-controlled,No Roadway Feature,No traffic control,0 - 50 km/h,Sealed - Dry,Clear,Daylight,Curved - view obscured,Dip,804.0,Off Path-Curve: Off Cway Lt Bend Hit Obj,Off carriageway on curve hit object,W,0,0,0,1,1,2,0,0,0,0,0,0
366413,Minor injury,2018,April,Thursday,14,Angle,Multi-Vehicle,153.144563999115,-27.6453174583675,Loganlea Rd,Nujooloo Rd,Pacific Highway (Pacific Motorway),Slacks Creek,Logan City,4127,Springwood,Logan,South Eastern,SEQ South,South Coast,Slacks Creek,Springwood - Kingston,Logan - Beaudesert,Major Cities,Waterford,Rankin,State-controlled,Intersection - Cross,Operating traffic lights,60 km/h,Sealed - Dry,Clear,Daylight,Straight,Level,104.0,Veh'S Adjacent Approach: Thru-Right,Intersection from adjacent approaches,S,0,0,0,1,1,2,0,0,0,0,0,0
366414,Medical treatment,2018,April,Monday,13,Angle,Multi-Vehicle,153.162249996031,-27.6545324602245,Nujooloo Rd,Pacific Hwy Ramp Fb,,Slacks Creek,Logan City,4127,Loganholme,Logan,South Eastern,SEQ South,South Coast,Slacks Creek,Springwood - Kingston,Logan - Beaudesert,Major Cities,Waterford,Rankin,Locally-controlled,Intersection - Interchange,No traffic control,60 km/h,Sealed - Dry,Clear,Daylight,Curved - view open,Level,202.0,Veh'S Opposite Approach: Thru-Right,Opposing vehicles turning,,0,0,1,0,1,2,0,0,0,0,0,0
366415,Medical treatment,2018,April,Monday,11,Rear-end,Multi-Vehicle,153.111544007421,-27.6080104547451,Brisbane - Beenleigh Rd,Logan Rd,Brisbane - Beenleigh Road,Underwood,Logan City,4119,Logan Central,Logan,South Eastern,SEQ South,South Coast,Underwood,Springwood - Kingston,Logan - Beaudesert,Major Cities,Waterford,Rankin,State-controlled,No Roadway Feature,No traffic control,60 km/h,Sealed - Dry,Clear,Daylight,Straight,Level,301.0,Veh'S Same Direction: Rear End,Rear-end,N,0,0,1,0,1,2,0,0,0,0,0,0
366416,Minor injury,2018,April,Tuesday,17,Rear-end,Multi-Vehicle,153.116453007633,-27.6021634551935,Pacific Hwy,Unknown,Pacific Highway (Pacific Motorway),Underwood,Logan City,4119,Springwood,Logan,South Eastern,SEQ South,South Coast,Underwood,Springwood - Kingston,Logan - Beaudesert,Major Cities,Waterford,Rankin,State-controlled,No Roadway Feature,No traffic control,100 - 110 km/h,Sealed - Dry,Clear,Daylight,Straight,Level,301.0,Veh'S Same Direction: Rear End,Rear-end,W,0,0,0,1,1,2,1,0,0,0,0,0
366417,Medical treatment,2018,April,Tuesday,8,Rear-end,Multi-Vehicle,153.122137006008,-27.6101354558291,Rochedale Rd,Springwood Rd,,Rochedale South,Logan City,4123,Springwood,Logan,South Eastern,SEQ South,South Coast,Rochedale South - Priestdale,Springwood - Kingston,Logan - Beaudesert,Major Cities,Springwood,Rankin,Locally-controlled,Intersection - Cross,Operating traffic lights,60 km/h,Sealed - Dry,Clear,Daylight,Straight,Level,303.0,Veh'S Same Direction: Right Rear,Rear-end,W,0,0,1,2,3,2,0,0,0,0,0,0
366418,Hospitalisation,2018,April,Thursday,7,Angle,Multi-Vehicle,153.146521999728,-27.6388344585139,Brentwood Dr,John Paul Dr,,Daisy Hill,Logan City,4127,Springwood,Logan,South Eastern,SEQ South,South Coast,Daisy Hill,Springwood - Kingston,Logan - Beaudesert,Major Cities,Springwood,Rankin,Locally-controlled,Intersection - T-Junction,Stop sign,60 km/h,Sealed - Dry,Clear,Daylight,Straight,Grade,104.0,Veh'S Adjacent Approach: Thru-Right,Intersection from adjacent approaches,N,0,2,0,1,3,2,0,0,0,0,0,0
366419,Medical treatment,2018,April,Thursday,6,Rear-end,Multi-Vehicle,153.124854205843,-27.616997051157,Pacific Hwy,Unknown,Pacific Highway (Pacific Motorway),Slacks Creek,Logan City,4127,Springwood,Logan,South Eastern,SEQ South,South Coast,Springwood,Springwood - Kingston,Logan - Beaudesert,Major Cities,Waterford,Rankin,State-controlled,No Roadway Feature,No traffic control,100 - 110 km/h,Sealed - Dry,Clear,Daylight,Curved - view open,Level,301.0,Veh'S Same Direction: Rear End,Rear-end,N,0,0,1,0,1,1,0,1,0,0,0,0
366420,Medical treatment,2018,May,Wednesday,18,Rear-end,Multi-Vehicle,153.158825996868,-27.6508678598501,Pacific Hwy Service Rd,Unknown,,Slacks Creek,Logan City,4127,Springwood,Logan,South Eastern,SEQ South,South Coast,Slacks Creek,Springwood - Kingston,Logan - Beaudesert,Major Cities,Waterford,Rankin,Locally-controlled,No Roadway Feature,No traffic control,100 - 110 km/h,Sealed - Dry,Clear,Darkness - Lighted,Straight,Level,301.0,Veh'S Same Direction: Rear End,Rear-end,W,0,0,1,1,2,3,0,0,0,0,0,0
366421,Minor injury,2018,May,Friday,18,Rear-end,Multi-Vehicle,153.13995100036,-27.639445757856,Pacific Hwy,Unknown,Pacific Highway (Pacific Motorway),Daisy Hill,Logan City,4127,Springwood,Logan,South Eastern,SEQ South,South Coast,Daisy Hill,Springwood - Kingston,Logan - Beaudesert,Major Cities,Springwood,Rankin,State-controlled,No Roadway Feature,No traffic control,100 - 110 km/h,Sealed - Dry,Clear,Darkness - Lighted,Straight,Level,301.0,Veh'S Same Direction: Rear End,Rear-end,S,0,0,0,2,2,2,0,0,0,0,0,0
366422,Medical treatment,2018,May,Thursday,9,Rear-end,Multi-Vehicle,153.136722001041,-27.6368334575098,Pacific Hwy,Unknown,Pacific Highway (Pacific Motorway),Daisy Hill,Logan City,4127,Springwood,Logan,South Eastern,SEQ South,South Coast,Slacks Creek,Springwood - Kingston,Logan - Beaudesert,Major Cities,Waterford,Rankin,State-controlled,No Roadway Feature,No traffic control,100 - 110 km/h,Sealed - Dry,Clear,Daylight,Straight,Level,301.0,Veh'S Same Direction: Rear End,Rear-end,N,0,0,1,0,1,1,0,0,0,0,0,1
366423,Medical treatment,2018,May,Friday,18,Rear-end,Multi-Vehicle,153.124663836933,-27.6164519681336,Pacific Hwy,Unknown,Pacific Highway (Pacific Motorway),Springwood,Logan City,4127,Springwood,Logan,South Eastern,SEQ South,South Coast,Springwood,Springwood - Kingston,Logan - Beaudesert,Major Cities,Springwood,Rankin,State-controlled,No Roadway Feature,No traffic control,100 - 110 km/h,Sealed - Dry,Clear,Dawn/Dusk,Straight,Level,301.0,Veh'S Same Direction: Rear End,Rear-end,S,0,0,2,0,2,3,0,0,0,0,0,0
366424,Hospitalisation,2018,May,Tuesday,14,Rear-end,Multi-Vehicle,153.147689084058,-27.6273842205412,Springwood Rd,Unknown,,Springwood,Logan City,4127,Springwood,Logan,South Eastern,SEQ South,South Coast,Springwood,Springwood - Kingston,Logan - Beaudesert,Major Cities,Springwood,Rankin,Locally-controlled,No Roadway Feature,No traffic control,60 km/h,Sealed - Dry,Clear,Daylight,Curved - view open,Level,301.0,Veh'S Same Direction: Rear End,Rear-end,N,0,2,0,0,2,2,0,0,0,0,0,0
366425,Hospitalisation,2018,May,Wednesday,17,Angle,Multi-Vehicle,153.119679006495,-27.6083884555676,Gunalda St,Pacific Hwy,,Underwood,Logan City,4119,Logan Central,Logan,South Eastern,SEQ South,South Coast,Underwood,Springwood - Kingston,Logan - Beaudesert,Major Cities,Waterford,Rankin,Locally-controlled,Intersection - T-Junction,Give way sign,60 km/h,Sealed - Dry,Clear,Darkness - Lighted,Straight,Level,408.0,Veh'S Manoeuvring: Entering From Footway,Vehicle leaving driveway,N,0,1,0,0,1,1,1,0,0,0,0,0