Crash_Ref_Number,Crash_Severity,Crash_Year,Crash_Month,Crash_Day_Of_Week,Crash_Hour,Crash_Nature,Crash_Type,Crash_Longitude,Crash_Latitude,Crash_Street,Crash_Street_Intersecting,State_Road_Name,Loc_Suburb,Loc_Local_Government_Area,Loc_Post_Code,Loc_Police_Division,Loc_Police_District,Loc_Police_Region,Loc_Queensland_Transport_Region,Loc_Main_Roads_Region,Loc_ABS_Statistical_Area_2,Loc_ABS_Statistical_Area_3,Loc_ABS_Statistical_Area_4,Loc_ABS_Remoteness,Loc_State_Electorate,Loc_Federal_Electorate,Crash_Controlling_Authority,Crash_Roadway_Feature,Crash_Traffic_Control,Crash_Speed_Limit,Crash_Road_Surface_Condition,Crash_Atmospheric_Condition,Crash_Lighting_Condition,Crash_Road_Horiz_Align,Crash_Road_Vert_Align,Crash_DCA_Code,Crash_DCA_Description,Crash_DCA_Group_Description,DCA_Key_Approach_Dir,Count_Casualty_Fatality,Count_Casualty_Hospitalised,Count_Casualty_MedicallyTreated,Count_Casualty_MinorInjury,Count_Casualty_Total,Count_Unit_Car,Count_Unit_Motorcycle_Moped,Count_Unit_Truck,Count_Unit_Bus,Count_Unit_Bicycle,Count_Unit_Pedestrian,Count_Unit_Other
366426,Medical treatment,2018,May,Wednesday,23,Angle,Multi-Vehicle,153.145396999149,-27.6443424584438,Loganlea Rd,Pacific Hwy Ramp Dd,Pacific Highway (Pacific Motorway),Slacks Creek,Logan City,4127,Springwood,Logan,South Eastern,SEQ South,South Coast,Slacks Creek,Springwood - Kingston,Logan - Beaudesert,Major Cities,Waterford,Rankin,State-controlled,Intersection - Interchange,Operating traffic lights,60 km/h,Sealed - Dry,Clear,Darkness - Lighted,Straight,Grade,101.0,Veh'S Adjacent Approach: Thru-Thru,Intersection from adjacent approaches,S,0,0,1,1,2,2,0,0,0,0,0,0
366427,Medical treatment,2018,May,Thursday,17,Rear-end,Multi-Vehicle,153.125560004614,-27.6181994562377,Pacific Hwy,Unknown,Pacific Highway (Pacific Motorway),Slacks Creek,Logan City,4127,Springwood,Logan,South Eastern,SEQ South,South Coast,Springwood,Springwood - Kingston,Logan - Beaudesert,Major Cities,Springwood,Rankin,State-controlled,No Roadway Feature,No traffic control,100 - 110 km/h,Sealed - Dry,Clear,Dawn/Dusk,Straight,Level,301.0,Veh'S Same Direction: Rear End,Rear-end,N,0,0,1,0,1,2,0,0,0,0,0,0
366428,Minor injury,2018,May,Wednesday,9,Rear-end,Multi-Vehicle,153.126237004355,-27.6196654563175,Pacific Hwy,Unknown,Pacific Highway (Pacific Motorway),Slacks Creek,Logan City,4127,Springwood,Logan,South Eastern,SEQ South,South Coast,Springwood,Springwood - Kingston,Logan - Beaudesert,Major Cities,Springwood,Rankin,State-controlled,Intersection - Interchange,No traffic control,100 - 110 km/h,Sealed - Dry,Clear,Daylight,Straight,Level,301.0,Veh'S Same Direction: Rear End,Rear-end,W,0,0,0,2,2,2,0,0,0,0,0,0
366429,Medical treatment,2018,May,Monday,12,Angle,Multi-Vehicle,153.132824005088,-27.6083024568917,Elysium Rd,Springwood Rd,,Rochedale South,Logan City,4123,Springwood,Logan,South Eastern,SEQ South,South Coast,Rochedale South - Priestdale,Springwood - Kingston,Logan - Beaudesert,Major Cities,Springwood,Rankin,Locally-controlled,Intersection - T-Junction,Give way sign,60 km/h,Sealed - Dry,Clear,Daylight,Curved - view open,Level,104.0,Veh'S Adjacent Approach: Thru-Right,Intersection from adjacent approaches,S,0,0,1,0,1,1,0,1,0,0,0,0
366430,Hospitalisation,2018,May,Thursday,0,Head-on,Multi-Vehicle,153.10806900934,-27.5958424542991,Logan Rd,Unknown,Brisbane - Beenleigh Road,Underwood,Logan City,4119,Logan Central,Logan,South Eastern,SEQ South,South Coast,Underwood,Springwood - Kingston,Logan - Beaudesert,Major Cities,Waterford,Rankin,State-controlled,No Roadway Feature,No traffic control,80 - 90 km/h,Sealed - Dry,Clear,Darkness - Lighted,Curved - view obscured,Level,201.0,Veh'S Opposite Approach: Head On,Head-on,W,0,1,0,0,1,2,0,0,0,0,0,0
366431,Hospitalisation,2018,June,Friday,17,Rear-end,Multi-Vehicle,153.119736006676,-27.6069164555618,Pacific Hwy,Unknown,Pacific Highway (Pacific Motorway),Rochedale South,Logan City,4123,Springwood,Logan,South Eastern,SEQ South,South Coast,Rochedale South - Priestdale,Springwood - Kingston,Logan - Beaudesert,Major Cities,Springwood,Rankin,State-controlled,No Roadway Feature,No traffic control,100 - 110 km/h,Sealed - Wet,Raining,Darkness - Lighted,Straight,Level,301.0,Veh'S Same Direction: Rear End,Rear-end,S,0,1,0,0,1,3,0,0,0,0,0,0
366432,Medical treatment,2018,June,Monday,16,Rear-end,Multi-Vehicle,153.109968008483,-27.6009797545309,Frankcom Dr,Unknown,Brisbane - Beenleigh Road,Underwood,Logan City,4119,Logan Central,Logan,South Eastern,SEQ South,South Coast,Underwood,Springwood - Kingston,Logan - Beaudesert,Major Cities,Waterford,Rankin,State-controlled,No Roadway Feature,No traffic control,80 - 90 km/h,Sealed - Dry,Clear,Daylight,Straight,Level,301.0,Veh'S Same Direction: Rear End,Rear-end,S,0,0,1,0,1,3,0,0,0,0,0,0
366433,Medical treatment,2018,June,Monday,16,Rear-end,Multi-Vehicle,153.14354220261,-27.6422982012407,Pacific Hwy,Unknown,Pacific Highway (Pacific Motorway),Daisy Hill,Logan City,4127,Springwood,Logan,South Eastern,SEQ South,South Coast,Daisy Hill,Springwood - Kingston,Logan - Beaudesert,Major Cities,Springwood,Rankin,State-controlled,No Roadway Feature,No traffic control,100 - 110 km/h,Sealed - Dry,Clear,Daylight,Straight,Level,301.0,Veh'S Same Direction: Rear End,Rear-end,S,0,0,1,0,1,3,0,0,0,0,0,0
366434,Hospitalisation,2018,June,Wednesday,15,Rear-end,Multi-Vehicle,153.112800201787,-27.5961753067782,Pacific Hwy,Unknown,Pacific Highway (Pacific Motorway),Rochedale South,Logan City,4123,Springwood,Logan,South Eastern,SEQ South,South Coast,Rochedale South - Priestdale,Springwood - Kingston,Logan - Beaudesert,Major Cities,Springwood,Rankin,State-controlled,No Roadway Feature,No traffic control,100 - 110 km/h,Sealed - Dry,Clear,Daylight,Straight,Level,301.0,Veh'S Same Direction: Rear End,Rear-end,S,0,1,0,0,1,1,0,1,0,0,0,0
366435,Medical treatment,2018,June,Saturday,12,Angle,Multi-Vehicle,153.147633051949,-27.6440168516668,Winnetts Rd,Unknown,Pacific Highway (Pacific Motorway),Daisy Hill,Logan City,4127,Springwood,Logan,South Eastern,SEQ South,South Coast,Daisy Hill,Springwood - Kingston,Logan - Beaudesert,Major Cities,Springwood,Rankin,State-controlled,Intersection - Interchange,Operating traffic lights,60 km/h,Sealed - Dry,Clear,Daylight,Curved - view open,Level,104.0,Veh'S Adjacent Approach: Thru-Right,Intersection from adjacent approaches,W,0,0,1,0,1,2,0,0,0,0,0,0
366436,Minor injury,2018,June,Monday,16,Rear-end,Multi-Vehicle,153.119695006735,-27.6064804555542,Pacific Hwy,Unknown,Pacific Highway (Pacific Motorway),Rochedale South,Logan City,4123,Springwood,Logan,South Eastern,SEQ South,South Coast,Rochedale South - Priestdale,Springwood - Kingston,Logan - Beaudesert,Major Cities,Springwood,Rankin,State-controlled,Intersection - Interchange,No traffic control,60 km/h,Sealed - Dry,Clear,Daylight,Straight,Crest,301.0,Veh'S Same Direction: Rear End,Rear-end,S,0,0,0,1,1,2,0,0,0,0,0,0
366437,Minor injury,2018,June,Monday,15,Rear-end,Multi-Vehicle,153.12064300639,-27.6083934556648,Pacific Hwy,Unknown,Pacific Highway (Pacific Motorway),Rochedale South,Logan City,4123,Springwood,Logan,South Eastern,SEQ South,South Coast,Rochedale South - Priestdale,Springwood - Kingston,Logan - Beaudesert,Major Cities,Springwood,Rankin,State-controlled,No Roadway Feature,No traffic control,100 - 110 km/h,Sealed - Dry,Clear,Daylight,Straight,Level,301.0,Veh'S Same Direction: Rear End,Rear-end,E,0,0,0,1,1,2,0,0,0,0,0,0
366438,Medical treatment,2018,June,Thursday,15,Rear-end,Multi-Vehicle,153.12539900491,-27.6160094562042,Pacific Hwy,Vanessa Blvd,,Springwood,Logan City,4127,Springwood,Logan,South Eastern,SEQ South,South Coast,Springwood,Springwood - Kingston,Logan - Beaudesert,Major Cities,Springwood,Rankin,Locally-controlled,Intersection - T-Junction,Stop sign,60 km/h,Sealed - Dry,Clear,Daylight,Straight,Level,302.0,Veh'S Same Direction: Left Rear,Rear-end,S,0,0,3,0,3,2,0,0,0,0,0,0
366439,Medical treatment,2018,June,Tuesday,19,Sideswipe,Multi-Vehicle,153.116460007673,-27.6018458551917,Pacific Hwy,Unknown,Pacific Highway (Pacific Motorway),Rochedale South,Logan City,4123,Springwood,Logan,South Eastern,SEQ South,South Coast,Rochedale South - Priestdale,Springwood - Kingston,Logan - Beaudesert,Major Cities,Springwood,Rankin,State-controlled,No Roadway Feature,No traffic control,100 - 110 km/h,Sealed - Dry,Clear,Darkness - Lighted,Straight,Level,307.0,Veh'S Same Direction: Lane Change Left,Lane changes,S,0,0,1,1,2,1,0,1,0,0,0,0
366440,Medical treatment,2018,June,Thursday,7,Angle,Multi-Vehicle,153.131743006665,-27.596801456692,Underwood Rd,Woodlands Dr,,Rochedale South,Logan City,4123,Springwood,Logan,South Eastern,SEQ South,South Coast,Rochedale South - Priestdale,Springwood - Kingston,Logan - Beaudesert,Major Cities,Springwood,Rankin,Locally-controlled,Intersection - T-Junction,Stop sign,0 - 50 km/h,Sealed - Dry,Clear,Daylight,Straight,Level,104.0,Veh'S Adjacent Approach: Thru-Right,Intersection from adjacent approaches,E,0,0,1,0,1,2,0,0,0,0,0,0
366441,Hospitalisation,2018,June,Friday,11,Angle,Multi-Vehicle,153.113880006968,-27.6095924549929,Logan Rd,Unknown,Pacific Highway Connection Road,Underwood,Logan City,4119,Logan Central,Logan,South Eastern,SEQ South,South Coast,Underwood,Springwood - Kingston,Logan - Beaudesert,Major Cities,Waterford,Rankin,State-controlled,No Roadway Feature,No traffic control,0 - 50 km/h,Sealed - Dry,Clear,Daylight,Straight,Level,307.0,Veh'S Same Direction: Lane Change Left,Lane changes,E,0,1,0,0,1,3,0,1,0,0,0,0
366442,Medical treatment,2018,July,Tuesday,16,Angle,Multi-Vehicle,153.134406004513,-27.6114814570763,Jeanette Ave,Springwood Rd,,Springwood,Logan City,4127,Springwood,Logan,South Eastern,SEQ South,South Coast,Springwood,Springwood - Kingston,Logan - Beaudesert,Major Cities,Springwood,Rankin,Locally-controlled,Intersection - T-Junction,No traffic control,60 km/h,Sealed - Dry,Clear,Daylight,Straight,Grade,107.0,Veh'S Adjacent Approach: Thru-Left,Intersection from adjacent approaches,N,0,0,1,0,1,2,0,0,0,0,0,0
366443,Medical treatment,2018,July,Wednesday,6,Rear-end,Multi-Vehicle,153.134271001706,-27.6336864572379,Pacific Hwy,Unknown,Pacific Highway (Pacific Motorway),Daisy Hill,Logan City,4127,Springwood,Logan,South Eastern,SEQ South,South Coast,Daisy Hill,Springwood - Kingston,Logan - Beaudesert,Major Cities,Springwood,Rankin,State-controlled,No Roadway Feature,No traffic control,100 - 110 km/h,Sealed - Dry,Clear,Daylight,Straight,Level,301.0,Veh'S Same Direction: Rear End,Rear-end,N,0,0,1,0,1,2,0,0,0,0,0,0
366444,Medical treatment,2018,July,Thursday,15,Rear-end,Multi-Vehicle,153.160078996586,-27.6520214599856,Pacific Hwy,Unknown,,Slacks Creek,Logan City,4127,Springwood,Logan,South Eastern,SEQ South,South Coast,Slacks Creek,Springwood - Kingston,Logan - Beaudesert,Major Cities,Waterford,Rankin,Locally-controlled,No Roadway Feature,No traffic control,0 - 50 km/h,Sealed - Wet,Raining,Daylight,Straight,Grade,301.0,Veh'S Same Direction: Rear End,Rear-end,W,0,0,1,0,1,2,0,0,0,0,0,0
366445,Minor injury,2018,July,Tuesday,14,Angle,Multi-Vehicle,153.130838002723,-27.6285994568517,Pacific Hwy,Watland St,Pacific Highway (Pacific Motorway),Springwood,Logan City,4127,Springwood,Logan,South Eastern,SEQ South,South Coast,Springwood,Springwood - Kingston,Logan - Beaudesert,Major Cities,Springwood,Rankin,State-controlled,Intersection - Interchange,No traffic control,60 km/h,Sealed - Dry,Clear,Daylight,Straight,Level,101.0,Veh'S Adjacent Approach: Thru-Thru,Intersection from adjacent approaches,E,0,0,0,2,2,2,0,0,0,0,0,0
366446,Medical treatment,2018,July,Wednesday,15,Angle,Multi-Vehicle,153.134984234391,-27.6355614613246,Pacific Hwy,Unknown,,Slacks Creek,Logan City,4127,Springwood,Logan,South Eastern,SEQ South,South Coast,Slacks Creek,Springwood - Kingston,Logan - Beaudesert,Major Cities,Waterford,Rankin,Locally-controlled,No Roadway Feature,No traffic control,60 km/h,Sealed - Dry,Clear,Daylight,Straight,Level,202.0,Veh'S Opposite Approach: Thru-Right,Opposing vehicles turning,S,0,0,1,0,1,2,0,0,0,0,0,0
366447,Medical treatment,2018,July,Friday,9,Rear-end,Multi-Vehicle,153.12251900595,-27.6102674558686,Springwood Rd,Unknown,,Rochedale South,Logan City,4123,Springwood,Logan,South Eastern,SEQ South,South Coast,Rochedale South - Priestdale,Springwood - Kingston,Logan - Beaudesert,Major Cities,Springwood,Rankin,Locally-controlled,No Roadway Feature,No traffic control,60 km/h,Sealed - Dry,Clear,Daylight,Curved - view open,Level,301.0,Veh'S Same Direction: Rear End,Rear-end,W,0,0,3,0,3,2,0,0,0,0,0,0
366448,Medical treatment,2018,July,Saturday,17,Rear-end,Multi-Vehicle,153.140399000232,-27.6400774579062,Pacific Hwy,Unknown,Pacific Highway (Pacific Motorway),Daisy Hill,Logan City,4127,Springwood,Logan,South Eastern,SEQ South,South Coast,Daisy Hill,Springwood - Kingston,Logan - Beaudesert,Major Cities,Springwood,Rankin,State-controlled,No Roadway Feature,No traffic control,100 - 110 km/h,Sealed - Dry,Clear,Daylight,Straight,Level,301.0,Veh'S Same Direction: Rear End,Rear-end,W,0,0,1,0,1,3,0,0,0,0,0,0
366449,Medical treatment,2018,July,Tuesday,14,Rear-end,Multi-Vehicle,153.125027004928,-27.616184456168,Pacific Hwy,Vanessa Blvd,Pacific Highway (Pacific Motorway),Springwood,Logan City,4127,Springwood,Logan,South Eastern,SEQ South,South Coast,Springwood,Springwood - Kingston,Logan - Beaudesert,Major Cities,Springwood,Rankin,State-controlled,Intersection - Interchange,Operating traffic lights,60 km/h,Sealed - Wet,Clear,Daylight,Curved - view open,Level,301.0,Veh'S Same Direction: Rear End,Rear-end,E,0,0,1,0,1,2,0,0,0,0,0,0
366450,Hospitalisation,2018,July,Wednesday,17,Sideswipe,Multi-Vehicle,153.146656753995,-27.644482853572,Pacific Hwy,Unknown,Pacific Highway (Pacific Motorway),Daisy Hill,Logan City,4127,Springwood,Logan,South Eastern,SEQ South,South Coast,Daisy Hill,Springwood - Kingston,Logan - Beaudesert,Major Cities,Springwood,Rankin,State-controlled,Merge Lane,No traffic control,100 - 110 km/h,Sealed - Dry,Clear,Darkness - Lighted,Straight,Level,305.0,Veh'S Same Direction: Lane Side Swipe,Lane changes,E,0,1,0,1,2,2,0,1,0,0,0,0
366451,Medical treatment,2018,July,Wednesday,21,Hit object,Single Vehicle,153.119519006325,-27.6098634555631,Sports Dr,Unknown,,Underwood,Logan City,4119,Logan Central,Logan,South Eastern,SEQ South,South Coast,Underwood,Springwood - Kingston,Logan - Beaudesert,Major Cities,Waterford,Rankin,Locally-controlled,No Roadway Feature,No traffic control,60 km/h,Sealed - Dry,Clear,Darkness - Lighted,Straight,Level,704.0,Off Path-Straight:Right Off Cway Hit Obj,Off carriageway on straight hit object,N,0,0,1,0,1,1,0,0,0,0,0,0
366452,Medical treatment,2018,July,Tuesday,15,Rear-end,Multi-Vehicle,153.112542127076,-27.594122076736,Underwood Rd,Unknown,,Rochedale South,Logan City,4123,Springwood,Logan,South Eastern,SEQ South,South Coast,Rochedale South - Priestdale,Springwood - Kingston,Logan - Beaudesert,Major Cities,Springwood,Rankin,Locally-controlled,No Roadway Feature,No traffic control,60 km/h,Sealed - Dry,Clear,Daylight,Straight,Level,301.0,Veh'S Same Direction: Rear End,Rear-end,E,0,0,1,0,1,3,0,0,0,0,0,0
366453,Minor injury,2018,July,Wednesday,23,Rear-end,Multi-Vehicle,153.117753007276,-27.603875455338,Pacific Hwy,Unknown,Pacific Highway (Pacific Motorway),Rochedale South,Logan City,4123,Springwood,Logan,South Eastern,SEQ South,South Coast,Rochedale South - Priestdale,Springwood - Kingston,Logan - Beaudesert,Major Cities,Springwood,Rankin,State-controlled,No Roadway Feature,No traffic control,100 - 110 km/h,Sealed - Wet,Raining,Darkness - Lighted,Straight,Level,301.0,Veh'S Same Direction: Rear End,Rear-end,S,0,0,0,2,2,1,0,1,0,0,0,0
366454,Minor injury,2018,July,Thursday,15,Rear-end,Multi-Vehicle,153.136099639219,-27.6359635934402,Pacific Hwy,Unknown,Pacific Highway (Pacific Motorway),Daisy Hill,Logan City,4127,Springwood,Logan,South Eastern,SEQ South,South Coast,Daisy Hill,Springwood - Kingston,Logan - Beaudesert,Major Cities,Springwood,Rankin,State-controlled,No Roadway Feature,No traffic control,100 - 110 km/h,Sealed - Dry,Clear,Daylight,Straight,Level,301.0,Veh'S Same Direction: Rear End,Rear-end,S,0,0,0,1,1,2,0,0,0,0,0,0
366455,Minor injury,2018,August,Thursday,11,Hit object,Single Vehicle,153.130719005374,-27.6078354566758,Springwood Rd,Unknown,,Rochedale South,Logan City,4123,Springwood,Logan,South Eastern,SEQ South,South Coast,Rochedale South - Priestdale,Springwood - Kingston,Logan - Beaudesert,Major Cities,Springwood,Rankin,Locally-controlled,No Roadway Feature,No traffic control,60 km/h,Sealed - Dry,Clear,Daylight,Straight,Grade,708.0,Off Path-Straight: Mounts Traffic Island,Off carriageway on straight hit object,E,0,0,0,1,1,1,0,0,0,0,0,0
366456,Hospitalisation,2018,August,Sunday,14,Angle,Multi-Vehicle,153.163532995799,-27.6552704603598,Murrays Rd,Pacific Hwy Service Rd,,Tanah Merah,Logan City,4128,Loganholme,Logan,South Eastern,SEQ South,South Coast,Loganholme - Tanah Merah,Loganlea - Carbrook,Logan - Beaudesert,Major Cities,Waterford,Forde,Locally-controlled,Intersection - Roundabout,Give way sign,60 km/h,Sealed - Dry,Clear,Daylight,Straight,Level,107.0,Veh'S Adjacent Approach: Thru-Left,Intersection from adjacent approaches,W,0,1,0,0,1,1,1,0,0,0,0,0
366457,Medical treatment,2018,August,Sunday,18,Angle,Multi-Vehicle,153.11190600735,-27.6082604547836,Kingston Rd,Logan Rd,Brisbane - Beenleigh Road,Underwood,Logan City,4119,Logan Central,Logan,South Eastern,SEQ South,South Coast,Underwood,Springwood - Kingston,Logan - Beaudesert,Major Cities,Waterford,Rankin,State-controlled,Intersection - T-Junction,Operating traffic lights,60 km/h,Sealed - Dry,Clear,Darkness - Lighted,Curved - view open,Level,202.0,Veh'S Opposite Approach: Thru-Right,Opposing vehicles turning,E,0,0,3,0,3,2,0,0,0,0,0,0
366458,Medical treatment,2018,August,Wednesday,14,Angle,Multi-Vehicle,153.129040003437,-27.6245074566382,Pacific Hwy,Watland St,,Springwood,Logan City,4127,Springwood,Logan,South Eastern,SEQ South,South Coast,Springwood,Springwood - Kingston,Logan - Beaudesert,Major Cities,Springwood,Rankin,Locally-controlled,Intersection - Cross,Operating traffic lights,60 km/h,Sealed - Dry,Clear,Daylight,Straight,Crest,202.0,Veh'S Opposite Approach: Thru-Right,Opposing vehicles turning,N,0,0,1,1,2,2,0,0,0,0,0,0
366459,Minor injury,2018,August,Thursday,7,Rear-end,Multi-Vehicle,153.121590006076,-27.6100644557734,Pacific Hwy,Unknown,Pacific Highway (Pacific Motorway),Underwood,Logan City,4119,Springwood,Logan,South Eastern,SEQ South,South Coast,Rochedale South - Priestdale,Springwood - Kingston,Logan - Beaudesert,Major Cities,Waterford,Rankin,State-controlled,No Roadway Feature,No traffic control,100 - 110 km/h,Sealed - Dry,Clear,Daylight,Straight,Level,301.0,Veh'S Same Direction: Rear End,Rear-end,N,0,0,0,2,2,2,0,0,0,0,0,0
366460,Hospitalisation,2018,August,Friday,9,Angle,Multi-Vehicle,153.145224999171,-27.6443174584263,Loganlea Rd,Pacific Hwy,Pacific Highway (Pacific Motorway),Slacks Creek,Logan City,4127,Springwood,Logan,South Eastern,SEQ South,South Coast,Slacks Creek,Springwood - Kingston,Logan - Beaudesert,Major Cities,Waterford,Rankin,State-controlled,Intersection - Interchange,No traffic control,60 km/h,Sealed - Dry,Clear,Daylight,Straight,Level,101.0,Veh'S Adjacent Approach: Thru-Thru,Intersection from adjacent approaches,W,0,1,0,0,1,1,0,1,0,0,0,0
366461,Minor injury,2018,August,Friday,5,Rear-end,Multi-Vehicle,153.151322998165,-27.6470444590629,Pacific Hwy,Unknown,Pacific Highway (Pacific Motorway),Slacks Creek,Logan City,4127,Springwood,Logan,South Eastern,SEQ South,South Coast,Daisy Hill,Springwood - Kingston,Logan - Beaudesert,Major Cities,Waterford,Rankin,State-controlled,No Roadway Feature,No traffic control,100 - 110 km/h,Sealed - Dry,Clear,Daylight,Straight,Level,301.0,Veh'S Same Direction: Rear End,Rear-end,N,0,0,0,1,1,2,0,0,0,0,0,0
366462,Medical treatment,2018,August,Thursday,19,Angle,Multi-Vehicle,153.162249996031,-27.6545324602245,Nujooloo Rd,Pacific Hwy Ramp Fb,Pacific Highway (Pacific Motorway),Slacks Creek,Logan City,4127,Loganholme,Logan,South Eastern,SEQ South,South Coast,Slacks Creek,Springwood - Kingston,Logan - Beaudesert,Major Cities,Waterford,Rankin,State-controlled,Intersection - Interchange,No traffic control,60 km/h,Sealed - Dry,Clear,Darkness - Not lighted,Curved - view obscured,Crest,202.0,Veh'S Opposite Approach: Thru-Right,Opposing vehicles turning,N,0,0,2,0,2,2,0,0,0,0,0,0
366463,Medical treatment,2018,August,Thursday,7,Rear-end,Multi-Vehicle,153.124872005164,-27.6144544561388,Fitzgerald Ave,Logan Rd,Pacific Highway Connection Road,Springwood,Logan City,4127,Springwood,Logan,South Eastern,SEQ South,South Coast,Springwood,Springwood - Kingston,Logan - Beaudesert,Major Cities,Springwood,Rankin,State-controlled,Intersection - T-Junction,No traffic control,60 km/h,Sealed - Dry,Clear,Daylight,Straight,Level,302.0,Veh'S Same Direction: Left Rear,Rear-end,N,0,0,1,0,1,2,0,0,0,0,0,0
366464,Medical treatment,2018,August,Tuesday,16,Hit object,Single Vehicle,153.158109996905,-27.6511834597803,Springlands Dr,Unknown,,Slacks Creek,Logan City,4127,Springwood,Logan,South Eastern,SEQ South,South Coast,Slacks Creek,Springwood - Kingston,Logan - Beaudesert,Major Cities,Waterford,Rankin,Locally-controlled,No Roadway Feature,No traffic control,0 - 50 km/h,Sealed - Dry,Clear,Daylight,Straight,Level,704.0,Off Path-Straight:Right Off Cway Hit Obj,Off carriageway on straight hit object,E,0,0,1,0,1,1,0,0,0,0,0,0
366465,Medical treatment,2018,August,Friday,7,Rear-end,Multi-Vehicle,153.117995239205,-27.6042267133651,Pacific Hwy,Unknown,Pacific Highway (Pacific Motorway),Rochedale South,Logan City,4123,Springwood,Logan,South Eastern,SEQ South,South Coast,Rochedale South - Priestdale,Springwood - Kingston,Logan - Beaudesert,Major Cities,Springwood,Rankin,State-controlled,No Roadway Feature,No traffic control,80 - 90 km/h,Sealed - Dry,Clear,Daylight,Straight,Level,301.0,Veh'S Same Direction: Rear End,Rear-end,S,0,0,1,1,2,5,0,0,0,0,0,0
366466,Medical treatment,2018,September,Wednesday,18,Angle,Multi-Vehicle,153.119220006216,-27.6109764555418,Sports Dr,Springwood Rd,,Underwood,Logan City,4119,Logan Central,Logan,South Eastern,SEQ South,South Coast,Underwood,Springwood - Kingston,Logan - Beaudesert,Major Cities,Waterford,Rankin,Locally-controlled,Intersection - T-Junction,Operating traffic lights,60 km/h,Sealed - Dry,Clear,Darkness - Lighted,Straight,Crest,104.0,Veh'S Adjacent Approach: Thru-Right,Intersection from adjacent approaches,E,0,0,1,0,1,2,0,0,0,0,0,0
366467,Medical treatment,2018,September,Wednesday,8,Rear-end,Multi-Vehicle,153.123139008631,-27.5886222557602,Rochedale Rd,Unknown,,Rochedale South,Logan City,4123,Springwood,Logan,South Eastern,SEQ South,South Coast,Rochedale South - Priestdale,Springwood - Kingston,Logan - Beaudesert,Major Cities,Mansfield,Rankin,Locally-controlled,No Roadway Feature,Pedestrian crossing sign,0 - 50 km/h,Sealed - Dry,Clear,Daylight,Straight,Grade,301.0,Veh'S Same Direction: Rear End,Rear-end,S,0,0,1,0,1,2,0,0,0,0,0,0
366468,Hospitalisation,2018,September,Monday,12,Rear-end,Multi-Vehicle,153.136398162154,-27.6362221364723,Pacific Hwy,Unknown,Pacific Highway (Pacific Motorway),Daisy Hill,Logan City,4127,Springwood,Logan,South Eastern,SEQ South,South Coast,Daisy Hill,Springwood - Kingston,Logan - Beaudesert,Major Cities,Springwood,Rankin,State-controlled,No Roadway Feature,No traffic control,100 - 110 km/h,Sealed - Dry,Clear,Daylight,Straight,Level,306.0,Veh'S Same Direction: Lane Change Right,Lane changes,S,0,1,0,0,1,3,0,0,0,0,0,0
366469,Minor injury,2018,September,Saturday,17,Rear-end,Multi-Vehicle,153.145796999147,-27.6440204584816,Pacific Hwy,Unknown,Pacific Highway (Pacific Motorway),Slacks Creek,Logan City,4127,Springwood,Logan,South Eastern,SEQ South,South Coast,Daisy Hill,Springwood - Kingston,Logan - Beaudesert,Major Cities,Springwood,Rankin,State-controlled,No Roadway Feature,No traffic control,100 - 110 km/h,Sealed - Wet,Raining,Dawn/Dusk,Straight,Level,301.0,Veh'S Same Direction: Rear End,Rear-end,W,0,0,0,1,1,2,0,0,0,0,0,0
366470,Hospitalisation,2018,October,Monday,13,Angle,Multi-Vehicle,153.107694009684,-27.5934464542424,Brisbane - Beenleigh Rd,Logan Rd,Brisbane - Beenleigh Road,Underwood,Logan City,4119,Logan Central,Logan,South Eastern,SEQ South,South Coast,Underwood,Springwood - Kingston,Logan - Beaudesert,Major Cities,Waterford,Rankin,State-controlled,Intersection - Cross,Operating traffic lights,70 km/h,Sealed - Dry,Clear,Daylight,Straight,Level,101.0,Veh'S Adjacent Approach: Thru-Thru,Intersection from adjacent approaches,N,0,1,0,0,1,2,0,0,0,0,0,0
366471,Hospitalisation,2018,October,Tuesday,19,Hit object,Single Vehicle,153.121525430603,-27.5980918186724,Rochedale Rd,Unknown,,Rochedale South,Logan City,4123,Springwood,Logan,South Eastern,SEQ South,South Coast,Rochedale South - Priestdale,Springwood - Kingston,Logan - Beaudesert,Major Cities,Springwood,Rankin,Locally-controlled,No Roadway Feature,No traffic control,60 km/h,Sealed - Dry,Clear,Darkness - Lighted,Straight,Grade,703.0,Off Path-Straight: Left Off Cway Hit Obj,Off carriageway on straight hit object,S,0,1,0,0,1,1,0,0,0,0,0,0