Crash_Ref_Number,Crash_Severity,Crash_Year,Crash_Month,Crash_Day_Of_Week,Crash_Hour,Crash_Nature,Crash_Type,Crash_Longitude,Crash_Latitude,Crash_Street,Crash_Street_Intersecting,State_Road_Name,Loc_Suburb,Loc_Local_Government_Area,Loc_Post_Code,Loc_Police_Division,Loc_Police_District,Loc_Police_Region,Loc_Queensland_Transport_Region,Loc_Main_Roads_Region,Loc_ABS_Statistical_Area_2,Loc_ABS_Statistical_Area_3,Loc_ABS_Statistical_Area_4,Loc_ABS_Remoteness,Loc_State_Electorate,Loc_Federal_Electorate,Crash_Controlling_Authority,Crash_Roadway_Feature,Crash_Traffic_Control,Crash_Speed_Limit,Crash_Road_Surface_Condition,Crash_Atmospheric_Condition,Crash_Lighting_Condition,Crash_Road_Horiz_Align,Crash_Road_Vert_Align,Crash_DCA_Code,Crash_DCA_Description,Crash_DCA_Group_Description,DCA_Key_Approach_Dir,Count_Casualty_Fatality,Count_Casualty_Hospitalised,Count_Casualty_MedicallyTreated,Count_Casualty_MinorInjury,Count_Casualty_Total,Count_Unit_Car,Count_Unit_Motorcycle_Moped,Count_Unit_Truck,Count_Unit_Bus,Count_Unit_Bicycle,Count_Unit_Pedestrian,Count_Unit_Other
366472,Hospitalisation,2018,October,Friday,10,Rear-end,Multi-Vehicle,153.141590000009,-27.6408194580321,Pacific Hwy,Unknown,Pacific Highway (Pacific Motorway),Daisy Hill,Logan City,4127,Springwood,Logan,South Eastern,SEQ South,South Coast,Daisy Hill,Springwood - Kingston,Logan - Beaudesert,Major Cities,Springwood,Rankin,State-controlled,No Roadway Feature,No traffic control,100 - 110 km/h,Sealed - Dry,Clear,Daylight,Straight,Level,301.0,Veh'S Same Direction: Rear End,Rear-end,S,0,2,0,0,2,1,1,0,0,0,0,0
366473,Hospitalisation,2018,October,Monday,15,Angle,Multi-Vehicle,153.145396999149,-27.6443424584438,Loganlea Rd,Pacific Hwy Ramp Dd,Pacific Highway (Pacific Motorway),Slacks Creek,Logan City,4127,Springwood,Logan,South Eastern,SEQ South,South Coast,Slacks Creek,Springwood - Kingston,Logan - Beaudesert,Major Cities,Waterford,Rankin,State-controlled,Intersection - Interchange,No traffic control,60 km/h,Sealed - Dry,Clear,Daylight,Straight,Level,101.0,Veh'S Adjacent Approach: Thru-Thru,Intersection from adjacent approaches,S,0,2,0,0,2,2,0,0,0,0,0,0
366474,Medical treatment,2018,October,Monday,14,Rear-end,Multi-Vehicle,153.110339007874,-27.6054614546036,Beenleigh Rd,Logan Rd,Brisbane - Beenleigh Road,Underwood,Logan City,4119,Logan Central,Logan,South Eastern,SEQ South,South Coast,Underwood,Springwood - Kingston,Logan - Beaudesert,Major Cities,Waterford,Rankin,State-controlled,Intersection - T-Junction,Operating traffic lights,70 km/h,Sealed - Wet,Raining,Daylight,Curved - view open,Level,301.0,Veh'S Same Direction: Rear End,Rear-end,S,0,0,1,1,2,2,0,0,0,0,0,0
366475,Hospitalisation,2018,October,Friday,10,Hit object,Single Vehicle,153.129422006957,-27.5964684564554,Underwood Rd,Winston St,,Rochedale South,Logan City,4123,Springwood,Logan,South Eastern,SEQ South,South Coast,Rochedale South - Priestdale,Springwood - Kingston,Logan - Beaudesert,Major Cities,Springwood,Rankin,Locally-controlled,Intersection - T-Junction,No traffic control,60 km/h,Sealed - Dry,Clear,Daylight,Straight,Dip,704.0,Off Path-Straight:Right Off Cway Hit Obj,Off carriageway on straight hit object,E,0,1,0,0,1,1,0,0,0,0,0,0
366476,Medical treatment,2018,October,Monday,16,Angle,Multi-Vehicle,153.136605001073,-27.6366794574968,Pacific Hwy,Unknown,Pacific Highway (Pacific Motorway),Daisy Hill,Logan City,4127,Springwood,Logan,South Eastern,SEQ South,South Coast,Daisy Hill,Springwood - Kingston,Logan - Beaudesert,Major Cities,Springwood,Rankin,State-controlled,No Roadway Feature,No traffic control,100 - 110 km/h,Sealed - Wet,Clear,Daylight,Straight,Level,301.0,Veh'S Same Direction: Rear End,Rear-end,N,0,0,1,0,1,1,0,1,0,0,0,0
366477,Minor injury,2018,October,Monday,19,Rear-end,Multi-Vehicle,153.114620006829,-27.6100554550711,Logan Rd,Unknown,Pacific Highway Connection Road,Underwood,Logan City,4119,Logan Central,Logan,South Eastern,SEQ South,South Coast,Underwood,Springwood - Kingston,Logan - Beaudesert,Major Cities,Waterford,Rankin,State-controlled,No Roadway Feature,No traffic control,60 km/h,Sealed - Dry,Clear,Darkness - Lighted,Straight,Level,301.0,Veh'S Same Direction: Rear End,Rear-end,E,0,0,0,1,1,2,0,0,0,0,0,0
366478,Hospitalisation,2018,October,Tuesday,6,Sideswipe,Multi-Vehicle,153.130970002518,-27.6300984568768,Pacific Hwy,Unknown,Pacific Highway (Pacific Motorway),Springwood,Logan City,4127,Springwood,Logan,South Eastern,SEQ South,South Coast,Springwood,Springwood - Kingston,Logan - Beaudesert,Major Cities,Springwood,Rankin,State-controlled,No Roadway Feature,No traffic control,100 - 110 km/h,Sealed - Wet,Clear,Daylight,Curved - view open,Level,307.0,Veh'S Same Direction: Lane Change Left,Lane changes,S,0,2,2,0,4,3,0,1,0,0,0,0
366479,Minor injury,2018,October,Saturday,10,Rear-end,Multi-Vehicle,153.140789000188,-27.6400859579455,Pacific Hwy,Unknown,Pacific Highway (Pacific Motorway),Daisy Hill,Logan City,4127,Springwood,Logan,South Eastern,SEQ South,South Coast,Daisy Hill,Springwood - Kingston,Logan - Beaudesert,Major Cities,Springwood,Rankin,State-controlled,No Roadway Feature,No traffic control,100 - 110 km/h,Sealed - Dry,Clear,Daylight,Straight,Grade,301.0,Veh'S Same Direction: Rear End,Rear-end,S,0,0,0,2,2,3,0,0,0,0,0,0
366480,Hospitalisation,2018,October,Wednesday,2,Hit object,Single Vehicle,153.12893300347,-27.6243434566261,Pacific Hwy,Watland St,,Springwood,Logan City,4127,Springwood,Logan,South Eastern,SEQ South,South Coast,Springwood,Springwood - Kingston,Logan - Beaudesert,Major Cities,Springwood,Rankin,Locally-controlled,Intersection - Cross,Operating traffic lights,60 km/h,Sealed - Dry,Clear,Darkness - Lighted,Straight,Level,708.0,Off Path-Straight: Mounts Traffic Island,Off carriageway on straight hit object,W,0,1,0,0,1,1,0,0,0,0,0,0
366481,Medical treatment,2018,October,Friday,5,Rear-end,Multi-Vehicle,153.139281000463,-27.6392112577866,Pacific Hwy,Unknown,Pacific Highway (Pacific Motorway),Slacks Creek,Logan City,4127,Springwood,Logan,South Eastern,SEQ South,South Coast,Slacks Creek,Springwood - Kingston,Logan - Beaudesert,Major Cities,Waterford,Rankin,State-controlled,No Roadway Feature,No traffic control,100 - 110 km/h,Sealed - Dry,Clear,Daylight,Straight,Level,301.0,Veh'S Same Direction: Rear End,Rear-end,W,0,0,1,0,1,3,0,0,0,0,0,0
366482,Hospitalisation,2018,October,Monday,17,Hit object,Single Vehicle,153.125291004846,-27.616604456198,Pacific Hwy,Unknown,Pacific Highway (Pacific Motorway),Springwood,Logan City,4127,Springwood,Logan,South Eastern,SEQ South,South Coast,Springwood,Springwood - Kingston,Logan - Beaudesert,Major Cities,Springwood,Rankin,State-controlled,No Roadway Feature,No traffic control,60 km/h,Sealed - Wet,Raining,Daylight,Curved - view open,Grade,804.0,Off Path-Curve: Off Cway Lt Bend Hit Obj,Off carriageway on curve hit object,S,0,1,1,0,2,1,0,0,0,0,0,0
366483,Hospitalisation,2018,October,Wednesday,19,Fall from vehicle,Single Vehicle,153.129422006957,-27.5964684564554,Underwood Rd,Winston St,,Rochedale South,Logan City,4123,Springwood,Logan,South Eastern,SEQ South,South Coast,Rochedale South - Priestdale,Springwood - Kingston,Logan - Beaudesert,Major Cities,Springwood,Rankin,Locally-controlled,Intersection - T-Junction,No traffic control,60 km/h,Sealed - Dry,Clear,Darkness - Lighted,Straight,Crest,705.0,Off Path-Straight:Out Of Control On Cway,Out of control on straight,W,0,1,0,0,1,0,1,0,0,0,0,0
366484,Medical treatment,2018,November,Friday,16,Angle,Multi-Vehicle,153.12064500706,-27.6031144556233,Algona St,Rochedale Rd,,Rochedale South,Logan City,4123,Springwood,Logan,South Eastern,SEQ South,South Coast,Rochedale South - Priestdale,Springwood - Kingston,Logan - Beaudesert,Major Cities,Springwood,Rankin,Locally-controlled,Intersection - T-Junction,Stop sign,60 km/h,Sealed - Dry,Clear,Daylight,Straight,Level,102.0,Veh'S Adjacent Approach: Right-Thru,Intersection from adjacent approaches,W,0,0,2,0,2,2,0,0,0,0,0,0
366485,Hospitalisation,2018,November,Sunday,13,Rear-end,Multi-Vehicle,153.145935999193,-27.6435374584918,Loganlea Rd,Winnetts Rd,Pacific Highway (Pacific Motorway),Daisy Hill,Logan City,4127,Springwood,Logan,South Eastern,SEQ South,South Coast,Daisy Hill,Springwood - Kingston,Logan - Beaudesert,Major Cities,Springwood,Rankin,State-controlled,Intersection - T-Junction,Operating traffic lights,60 km/h,Sealed - Dry,Clear,Daylight,Straight,Level,302.0,Veh'S Same Direction: Left Rear,Rear-end,N,0,1,0,0,1,2,0,0,0,0,0,0
366486,Hospitalisation,2018,November,Monday,17,Rear-end,Multi-Vehicle,153.128608003582,-27.6237324565885,Pacific Hwy,Unknown,Pacific Highway (Pacific Motorway),Springwood,Logan City,4127,Springwood,Logan,South Eastern,SEQ South,South Coast,Springwood,Springwood - Kingston,Logan - Beaudesert,Major Cities,Springwood,Rankin,State-controlled,No Roadway Feature,No traffic control,60 km/h,Sealed - Dry,Clear,Daylight,Curved - view open,Grade,301.0,Veh'S Same Direction: Rear End,Rear-end,S,0,1,0,1,2,2,0,0,0,0,0,0
366487,Hospitalisation,2018,November,Wednesday,16,Fall from vehicle,Single Vehicle,153.126103004451,-27.6190264562989,Pacific Hwy,Unknown,Pacific Highway (Pacific Motorway),Springwood,Logan City,4127,Springwood,Logan,South Eastern,SEQ South,South Coast,Springwood,Springwood - Kingston,Logan - Beaudesert,Major Cities,Springwood,Rankin,State-controlled,Intersection - Interchange,No traffic control,100 - 110 km/h,Sealed - Dry,Clear,Daylight,Straight,Level,300.0,Veh'S Same Direction: Other,Other,S,0,1,0,0,1,1,1,0,0,0,0,0
366488,Medical treatment,2018,November,Thursday,8,Sideswipe,Multi-Vehicle,153.162195996154,-27.6536134602118,Pacific Hwy,Unknown,Pacific Highway (Pacific Motorway),Slacks Creek,Logan City,4127,Loganholme,Logan,South Eastern,SEQ South,South Coast,Shailer Park,Loganlea - Carbrook,Logan - Beaudesert,Major Cities,Waterford,Forde,State-controlled,No Roadway Feature,No traffic control,100 - 110 km/h,Sealed - Wet,Clear,Daylight,Straight,Level,306.0,Veh'S Same Direction: Lane Change Right,Lane changes,N,0,0,1,0,1,2,0,0,0,0,0,0
366489,Hospitalisation,2018,November,Wednesday,13,Angle,Multi-Vehicle,153.125168005278,-27.6133084561596,Fitzgerald Ave,Unknown,,Springwood,Logan City,4127,Springwood,Logan,South Eastern,SEQ South,South Coast,Springwood,Springwood - Kingston,Logan - Beaudesert,Major Cities,Springwood,Rankin,Locally-controlled,No Roadway Feature,Operating traffic lights,60 km/h,Sealed - Dry,Clear,Daylight,Curved - view open,Level,202.0,Veh'S Opposite Approach: Thru-Right,Opposing vehicles turning,N,0,1,0,0,1,2,0,0,0,0,0,0
366490,Hospitalisation,2018,November,Friday,13,Rear-end,Multi-Vehicle,153.152794997952,-27.6474684592147,Pacific Hwy,Unknown,Pacific Highway (Pacific Motorway),Slacks Creek,Logan City,4127,Springwood,Logan,South Eastern,SEQ South,South Coast,Daisy Hill,Springwood - Kingston,Logan - Beaudesert,Major Cities,Springwood,Rankin,State-controlled,No Roadway Feature,No traffic control,100 - 110 km/h,Sealed - Dry,Clear,Daylight,Straight,Level,301.0,Veh'S Same Direction: Rear End,Rear-end,W,0,2,0,1,3,5,0,0,0,0,0,0
366491,Medical treatment,2018,November,Monday,9,Angle,Multi-Vehicle,153.162884995915,-27.6549114602916,Pacific Hwy Service Rd,Unknown,,Slacks Creek,Logan City,4127,Springwood,Logan,South Eastern,SEQ South,South Coast,Slacks Creek,Springwood - Kingston,Logan - Beaudesert,Major Cities,Waterford,Rankin,Locally-controlled,No Roadway Feature,No traffic control,60 km/h,Sealed - Dry,Clear,Daylight,Straight,Level,406.0,Veh'S Manoeuvring: Leaving Driveway,Vehicle leaving driveway,W,0,0,1,0,1,2,0,0,0,0,0,0
366492,Medical treatment,2018,November,Friday,15,Rear-end,Multi-Vehicle,153.1460169992,-27.643412458499,Loganlea Rd,Winnetts Rd,Pacific Highway (Pacific Motorway),Daisy Hill,Logan City,4127,Springwood,Logan,South Eastern,SEQ South,South Coast,Daisy Hill,Springwood - Kingston,Logan - Beaudesert,Major Cities,Springwood,Rankin,State-controlled,Intersection - T-Junction,Operating traffic lights,60 km/h,Sealed - Dry,Clear,Daylight,Curved - view open,Grade,301.0,Veh'S Same Direction: Rear End,Rear-end,W,0,0,1,0,1,2,0,0,0,0,0,0
366493,Hospitalisation,2018,December,Thursday,15,Rear-end,Multi-Vehicle,153.157747997118,-27.649816459733,Pacific Hwy,Unknown,Pacific Highway (Pacific Motorway),Slacks Creek,Logan City,4127,Loganholme,Logan,South Eastern,SEQ South,South Coast,Shailer Park,Loganlea - Carbrook,Logan - Beaudesert,Major Cities,Waterford,Forde,State-controlled,No Roadway Feature,No traffic control,100 - 110 km/h,Sealed - Dry,Clear,Daylight,Straight,Grade,301.0,Veh'S Same Direction: Rear End,Rear-end,W,0,5,0,0,5,3,0,0,0,0,0,0
366494,Minor injury,2018,December,Friday,15,Sideswipe,Multi-Vehicle,153.109204008957,-27.5978894544296,Harris Rd,Logan Rd,Brisbane - Beenleigh Road,Underwood,Logan City,4119,Logan Central,Logan,South Eastern,SEQ South,South Coast,Underwood,Springwood - Kingston,Logan - Beaudesert,Major Cities,Waterford,Rankin,State-controlled,Intersection - Cross,Operating traffic lights,70 km/h,Sealed - Wet,Clear,Daylight,Straight,Level,305.0,Veh'S Same Direction: Lane Side Swipe,Lane changes,N,0,0,0,1,1,1,1,0,0,0,0,0
366495,Medical treatment,2018,December,Monday,15,Rear-end,Multi-Vehicle,153.1389280006,-27.6384327577449,Pacific Hwy,Unknown,Pacific Highway (Pacific Motorway),Daisy Hill,Logan City,4127,Springwood,Logan,South Eastern,SEQ South,South Coast,Daisy Hill,Springwood - Kingston,Logan - Beaudesert,Major Cities,Springwood,Rankin,State-controlled,No Roadway Feature,No traffic control,100 - 110 km/h,Sealed - Dry,Clear,Daylight,Straight,Level,301.0,Veh'S Same Direction: Rear End,Rear-end,S,0,0,2,0,2,1,0,1,0,0,0,0
366496,Hospitalisation,2018,December,Tuesday,16,Hit object,Single Vehicle,153.147644998916,-27.64426245867,Pacific Hwy,Unknown,Pacific Highway (Pacific Motorway),Daisy Hill,Logan City,4127,Springwood,Logan,South Eastern,SEQ South,South Coast,Daisy Hill,Springwood - Kingston,Logan - Beaudesert,Major Cities,Springwood,Rankin,State-controlled,Intersection - Interchange,No traffic control,60 km/h,Sealed - Dry,Clear,Daylight,Curved - view open,Grade,305.0,Veh'S Same Direction: Lane Side Swipe,Lane changes,N,0,2,0,0,2,2,0,0,0,0,0,0
366497,Minor injury,2018,December,Wednesday,16,Sideswipe,Multi-Vehicle,153.137305629766,-27.6384994685818,Pacific Hwy,Unknown,Springwood Connection Road,Slacks Creek,Logan City,4127,Springwood,Logan,South Eastern,SEQ South,South Coast,Slacks Creek,Springwood - Kingston,Logan - Beaudesert,Major Cities,Waterford,Rankin,State-controlled,Intersection - Roundabout,No traffic control,60 km/h,Sealed - Dry,Clear,Darkness - Lighted,Straight,Level,305.0,Veh'S Same Direction: Lane Side Swipe,Lane changes,E,0,0,0,1,1,2,0,0,0,0,0,0
366498,Hospitalisation,2018,December,Thursday,8,Hit object,Single Vehicle,153.147558998679,-27.6461994586765,Nujooloo Rd,Unknown,,Slacks Creek,Logan City,4127,Springwood,Logan,South Eastern,SEQ South,South Coast,Slacks Creek,Springwood - Kingston,Logan - Beaudesert,Major Cities,Waterford,Rankin,Locally-controlled,No Roadway Feature,No traffic control,60 km/h,Sealed - Dry,Clear,Daylight,Straight,Level,704.0,Off Path-Straight:Right Off Cway Hit Obj,Off carriageway on straight hit object,E,0,1,0,0,1,1,0,0,0,0,0,0
366499,Medical treatment,2018,December,Friday,11,Hit object,Single Vehicle,153.148412763689,-27.6453999817564,Pacific Hwy,Unknown,Pacific Highway (Pacific Motorway),Daisy Hill,Logan City,4127,Springwood,Logan,South Eastern,SEQ South,South Coast,Daisy Hill,Springwood - Kingston,Logan - Beaudesert,Major Cities,Springwood,Rankin,State-controlled,Intersection - Interchange,No traffic control,60 km/h,Sealed - Dry,Clear,Daylight,Curved - view open,Dip,804.0,Off Path-Curve: Off Cway Lt Bend Hit Obj,Off carriageway on curve hit object,S,0,0,1,0,1,1,0,0,0,0,0,0
366500,Hospitalisation,2018,December,Wednesday,13,Angle,Multi-Vehicle,153.126019004573,-27.6181344562834,Murrajong Rd,Pacific Hwy,,Springwood,Logan City,4127,Springwood,Logan,South Eastern,SEQ South,South Coast,Springwood,Springwood - Kingston,Logan - Beaudesert,Major Cities,Springwood,Rankin,Locally-controlled,Intersection - T-Junction,Operating traffic lights,60 km/h,Sealed - Dry,Clear,Daylight,Straight,Level,202.0,Veh'S Opposite Approach: Thru-Right,Opposing vehicles turning,N,0,1,1,0,2,2,0,0,0,0,0,0
366501,Hospitalisation,2019,January,Saturday,15,Hit object,Single Vehicle,153.157849998546,-27.6385094596541,Gladewood Dr,Nottingham St,,Daisy Hill,Logan City,4127,Springwood,Logan,South Eastern,SEQ South,South Coast,Daisy Hill,Springwood - Kingston,Logan - Beaudesert,Major Cities,Springwood,Rankin,Locally-controlled,Intersection - T-Junction,No traffic control,60 km/h,Unsealed - Dry,Clear,Daylight,Straight,Grade,400.0,Veh'S Manoeuvring: Other,Other,W,0,1,0,0,1,0,1,0,0,0,0,0
366502,Minor injury,2019,January,Wednesday,15,Rear-end,Multi-Vehicle,153.12508800554,-27.6113144561358,Cinderella Dr,Unknown,,Springwood,Logan City,4127,Springwood,Logan,South Eastern,SEQ South,South Coast,Springwood,Springwood - Kingston,Logan - Beaudesert,Major Cities,Springwood,Rankin,Locally-controlled,No Roadway Feature,No traffic control,0 - 50 km/h,Sealed - Dry,Clear,Daylight,Curved - view open,Level,400.0,Veh'S Manoeuvring: Other,Other,,0,0,0,1,1,2,0,0,0,0,0,0
366503,Hospitalisation,2019,January,Wednesday,7,Angle,Multi-Vehicle,153.14634699887,-27.6457324585506,Nujooloo Rd,Unknown,,Slacks Creek,Logan City,4127,Springwood,Logan,South Eastern,SEQ South,South Coast,Slacks Creek,Springwood - Kingston,Logan - Beaudesert,Major Cities,Waterford,Rankin,Locally-controlled,No Roadway Feature,Pedestrian operated lights,60 km/h,Sealed - Dry,Clear,Daylight,Straight,Level,408.0,Veh'S Manoeuvring: Entering From Footway,Vehicle leaving driveway,E,0,1,0,0,1,1,0,0,0,1,0,0
366504,Hospitalisation,2019,January,Tuesday,15,Rear-end,Multi-Vehicle,153.115175849026,-27.6001504550489,Pacific Hwy,Unknown,Pacific Highway (Pacific Motorway),Underwood,Logan City,4119,Springwood,Logan,South Eastern,SEQ South,South Coast,Underwood,Springwood - Kingston,Logan - Beaudesert,Major Cities,Waterford,Rankin,State-controlled,No Roadway Feature,No traffic control,100 - 110 km/h,Sealed - Dry,Clear,Daylight,Straight,Level,307.0,Veh'S Same Direction: Lane Change Left,Lane changes,N,0,1,0,1,2,4,1,0,0,0,0,0
366505,Medical treatment,2019,January,Wednesday,15,Rear-end,Multi-Vehicle,153.132497614011,-27.6327958110521,Pacific Hwy,Unknown,Pacific Highway (Pacific Motorway),Springwood,Logan City,4127,Springwood,Logan,South Eastern,SEQ South,South Coast,Springwood,Springwood - Kingston,Logan - Beaudesert,Major Cities,Waterford,Rankin,State-controlled,No Roadway Feature,No traffic control,100 - 110 km/h,Sealed - Dry,Clear,Darkness - Lighted,Straight,Level,301.0,Veh'S Same Direction: Rear End,Rear-end,N,0,0,2,0,2,2,0,0,0,0,0,0
366506,Minor injury,2019,February,Saturday,22,Sideswipe,Multi-Vehicle,153.129040003437,-27.6245074566382,Pacific Hwy,Watland St,,Springwood,Logan City,4127,Springwood,Logan,South Eastern,SEQ South,South Coast,Springwood,Springwood - Kingston,Logan - Beaudesert,Major Cities,Springwood,Rankin,Locally-controlled,Intersection - Cross,Operating traffic lights,60 km/h,Sealed - Dry,Clear,Darkness - Lighted,Straight,Level,307.0,Veh'S Same Direction: Lane Change Left,Lane changes,W,0,0,0,1,1,2,0,0,0,0,0,0
366507,Medical treatment,2019,February,Monday,10,Rear-end,Multi-Vehicle,153.146012999188,-27.6435134584994,Loganlea Rd,Winnetts Rd,Pacific Highway (Pacific Motorway),Daisy Hill,Logan City,4127,Springwood,Logan,South Eastern,SEQ South,South Coast,Daisy Hill,Springwood - Kingston,Logan - Beaudesert,Major Cities,Springwood,Rankin,State-controlled,Intersection - T-Junction,No traffic control,60 km/h,Sealed - Wet,Clear,Daylight,Straight,Level,302.0,Veh'S Same Direction: Left Rear,Rear-end,W,0,0,2,0,2,2,0,0,0,0,0,0
366508,Medical treatment,2019,February,Wednesday,9,Rear-end,Multi-Vehicle,153.135423837334,-27.6356337353695,Pacific Hwy,Unknown,Pacific Highway (Pacific Motorway),Daisy Hill,Logan City,4127,Springwood,Logan,South Eastern,SEQ South,South Coast,Slacks Creek,Springwood - Kingston,Logan - Beaudesert,Major Cities,Waterford,Rankin,State-controlled,No Roadway Feature,No traffic control,100 - 110 km/h,Sealed - Dry,Clear,Daylight,Straight,Level,301.0,Veh'S Same Direction: Rear End,Rear-end,N,0,0,2,0,2,2,0,0,0,0,0,0
366509,Medical treatment,2019,February,Thursday,8,Angle,Multi-Vehicle,153.146413999744,-27.6387984585027,Brentwood Dr,John Paul Dr,,Daisy Hill,Logan City,4127,Springwood,Logan,South Eastern,SEQ South,South Coast,Daisy Hill,Springwood - Kingston,Logan - Beaudesert,Major Cities,Springwood,Rankin,Locally-controlled,Intersection - T-Junction,Stop sign,60 km/h,Sealed - Dry,Clear,Daylight,Curved - view open,Level,104.0,Veh'S Adjacent Approach: Thru-Right,Intersection from adjacent approaches,N,0,0,1,0,1,2,0,0,0,0,0,0
366510,Hospitalisation,2019,February,Friday,17,Angle,Multi-Vehicle,153.119431006332,-27.6098804555544,Sports Dr,Unknown,,Underwood,Logan City,4119,Logan Central,Logan,South Eastern,SEQ South,South Coast,Underwood,Springwood - Kingston,Logan - Beaudesert,Major Cities,Waterford,Rankin,Locally-controlled,No Roadway Feature,No traffic control,60 km/h,Sealed - Dry,Clear,Daylight,Straight,Level,202.0,Veh'S Opposite Approach: Thru-Right,Opposing vehicles turning,,0,1,0,0,1,1,1,0,0,0,0,0
366511,Medical treatment,2019,February,Friday,13,Angle,Multi-Vehicle,153.122778005731,-27.6117704559066,Pacific Hwy,Unknown,Pacific Highway (Pacific Motorway),Springwood,Logan City,4127,Springwood,Logan,South Eastern,SEQ South,South Coast,Springwood,Springwood - Kingston,Logan - Beaudesert,Major Cities,Springwood,Rankin,State-controlled,No Roadway Feature,No traffic control,100 - 110 km/h,Sealed - Dry,Clear,Daylight,Straight,Level,307.0,Veh'S Same Direction: Lane Change Left,Lane changes,S,0,0,1,0,1,1,0,1,0,0,0,0
366512,Minor injury,2019,February,Saturday,3,Hit object,Single Vehicle,153.132393003983,-27.6173644569198,Barbaralla Dr,Dennis Rd,,Springwood,Logan City,4127,Springwood,Logan,South Eastern,SEQ South,South Coast,Springwood,Springwood - Kingston,Logan - Beaudesert,Major Cities,Springwood,Rankin,Locally-controlled,Intersection - T-Junction,Operating traffic lights,60 km/h,Sealed - Dry,Clear,Darkness - Lighted,Straight,Grade,703.0,Off Path-Straight: Left Off Cway Hit Obj,Off carriageway on straight hit object,N,0,0,0,1,1,1,0,0,0,0,0,0
366513,Hospitalisation,2019,February,Saturday,23,Hit object,Single Vehicle,153.131650004463,-27.61421545682,Cinderella Dr,Unknown,,Springwood,Logan City,4127,Springwood,Logan,South Eastern,SEQ South,South Coast,Springwood,Springwood - Kingston,Logan - Beaudesert,Major Cities,Springwood,Rankin,Locally-controlled,No Roadway Feature,No traffic control,0 - 50 km/h,Sealed - Dry,Clear,Darkness - Lighted,Curved - view open,Level,803.0,Off Path-Curve: Off Cway Rt Bend Hit Obj,Off carriageway on curve hit object,E,0,1,0,0,1,0,1,0,0,0,0,0
366514,Medical treatment,2019,February,Thursday,17,Rear-end,Multi-Vehicle,153.125027004928,-27.616184456168,Pacific Hwy,Vanessa Blvd,Pacific Highway (Pacific Motorway),Springwood,Logan City,4127,Springwood,Logan,South Eastern,SEQ South,South Coast,Springwood,Springwood - Kingston,Logan - Beaudesert,Major Cities,Springwood,Rankin,State-controlled,Intersection - Interchange,Operating traffic lights,60 km/h,Sealed - Dry,Clear,Daylight,Curved - view open,Level,301.0,Veh'S Same Direction: Rear End,Rear-end,E,0,0,1,0,1,1,0,1,0,0,0,0
366515,Medical treatment,2019,March,Saturday,23,Hit object,Single Vehicle,153.151005999665,-27.63552245894,Chatswood Rd,Unknown,,Daisy Hill,Logan City,4127,Springwood,Logan,South Eastern,SEQ South,South Coast,Daisy Hill,Springwood - Kingston,Logan - Beaudesert,Major Cities,Springwood,Rankin,Locally-controlled,No Roadway Feature,No traffic control,60 km/h,Sealed - Wet,Clear,Darkness - Lighted,Straight,Crest,700.0,Off Path-Straight: Other,Other,,0,0,1,0,1,1,0,0,0,0,0,0
366516,Medical treatment,2019,March,Wednesday,11,Rear-end,Multi-Vehicle,153.119735006726,-27.6065224555585,Pacific Hwy,Unknown,Pacific Highway (Pacific Motorway),Rochedale South,Logan City,4123,Springwood,Logan,South Eastern,SEQ South,South Coast,Rochedale South - Priestdale,Springwood - Kingston,Logan - Beaudesert,Major Cities,Springwood,Rankin,State-controlled,Intersection - Interchange,No traffic control,60 km/h,Sealed - Dry,Clear,Daylight,Straight,Level,301.0,Veh'S Same Direction: Rear End,Rear-end,S,0,0,1,0,1,3,0,0,0,0,0,0
366517,Minor injury,2019,March,Saturday,11,Angle,Multi-Vehicle,153.115573007918,-27.600667455093,Pacific Hwy,Unknown,Pacific Highway (Pacific Motorway),Underwood,Logan City,4119,Springwood,Logan,South Eastern,SEQ South,South Coast,Rochedale South - Priestdale,Springwood - Kingston,Logan - Beaudesert,Major Cities,Springwood,Rankin,State-controlled,No Roadway Feature,No traffic control,80 - 90 km/h,Sealed - Dry,Clear,Daylight,Straight,Level,305.0,Veh'S Same Direction: Lane Side Swipe,Lane changes,N,0,0,0,1,1,2,0,0,0,0,0,0
366518,Medical treatment,2019,March,Sunday,16,Rear-end,Multi-Vehicle,153.135051115415,-27.6353147813294,Pacific Hwy,Unknown,Pacific Highway (Pacific Motorway),Daisy Hill,Logan City,4127,Springwood,Logan,South Eastern,SEQ South,South Coast,Slacks Creek,Springwood - Kingston,Logan - Beaudesert,Major Cities,Waterford,Rankin,State-controlled,Intersection - Interchange,Operating traffic lights,60 km/h,Sealed - Dry,Clear,Daylight,Straight,Level,301.0,Veh'S Same Direction: Rear End,Rear-end,N,0,0,1,0,1,2,0,0,0,0,0,0