Crash_Ref_Number,Crash_Severity,Crash_Year,Crash_Month,Crash_Day_Of_Week,Crash_Hour,Crash_Nature,Crash_Type,Crash_Longitude,Crash_Latitude,Crash_Street,Crash_Street_Intersecting,State_Road_Name,Loc_Suburb,Loc_Local_Government_Area,Loc_Post_Code,Loc_Police_Division,Loc_Police_District,Loc_Police_Region,Loc_Queensland_Transport_Region,Loc_Main_Roads_Region,Loc_ABS_Statistical_Area_2,Loc_ABS_Statistical_Area_3,Loc_ABS_Statistical_Area_4,Loc_ABS_Remoteness,Loc_State_Electorate,Loc_Federal_Electorate,Crash_Controlling_Authority,Crash_Roadway_Feature,Crash_Traffic_Control,Crash_Speed_Limit,Crash_Road_Surface_Condition,Crash_Atmospheric_Condition,Crash_Lighting_Condition,Crash_Road_Horiz_Align,Crash_Road_Vert_Align,Crash_DCA_Code,Crash_DCA_Description,Crash_DCA_Group_Description,DCA_Key_Approach_Dir,Count_Casualty_Fatality,Count_Casualty_Hospitalised,Count_Casualty_MedicallyTreated,Count_Casualty_MinorInjury,Count_Casualty_Total,Count_Unit_Car,Count_Unit_Motorcycle_Moped,Count_Unit_Truck,Count_Unit_Bus,Count_Unit_Bicycle,Count_Unit_Pedestrian,Count_Unit_Other
366615,Medical treatment,2019,March,Saturday,23,Hit object,Single Vehicle,153.032518041355,-27.4068674452082,Gympie Rd,Sadlier St,Gympie Arterial Road,Kedron,Brisbane City,4031,Stafford,North Brisbane,Brisbane,SEQ North,Metropolitan,Kedron - Gordon Park,Chermside,Brisbane - North,Major Cities,Stafford,Lilley,State-controlled,Intersection - T-Junction,Operating traffic lights,60 km/h,Sealed - Dry,Clear,Darkness - Lighted,Straight,Level,703.0,Off Path-Straight: Left Off Cway Hit Obj,Off carriageway on straight hit object,N,0,0,1,0,1,1,0,0,0,0,0,0
366616,Hospitalisation,2019,March,Monday,7,Hit object,Single Vehicle,153.075492040458,-27.3775584492948,Royal Pde,Unknown,,Banyo,Brisbane City,4014,Hendra,North Brisbane,Brisbane,SEQ North,Metropolitan,Nudgee - Banyo,Nundah,Brisbane - North,Major Cities,Nudgee,Lilley,Locally-controlled,No Roadway Feature,No traffic control,60 km/h,Sealed - Dry,Clear,Daylight,Straight,Level,405.0,Veh'S Manoeuvring: Rev Into Fixed Object,Other,E,0,1,0,0,1,1,0,0,0,0,0,0
366617,Hospitalisation,2019,March,Monday,18,Rear-end,Multi-Vehicle,153.059024037829,-27.4123344479143,Sandgate Rd,Unknown,East-West Arterial Road,Clayfield,Brisbane City,4011,Hendra,North Brisbane,Brisbane,SEQ North,Metropolitan,Clayfield,Brisbane Inner - North,Brisbane Inner City,Major Cities,Clayfield,Brisbane,State-controlled,No Roadway Feature,No traffic control,60 km/h,Sealed - Dry,Clear,Darkness - Lighted,Straight,Level,301.0,Veh'S Same Direction: Rear End,Rear-end,S,0,1,0,0,1,3,0,0,0,0,0,0
366618,Medical treatment,2019,March,Tuesday,7,Angle,Multi-Vehicle,153.048022040334,-27.4018064467254,Buckland Rd,Power St,,Wavell Heights,Brisbane City,4012,Hendra,North Brisbane,Brisbane,SEQ North,Metropolitan,Wavell Heights,Chermside,Brisbane - North,Major Cities,Nudgee,Lilley,Locally-controlled,Intersection - Cross,Operating traffic lights,60 km/h,Sealed - Dry,Clear,Daylight,Straight,Grade,202.0,Veh'S Opposite Approach: Thru-Right,Opposing vehicles turning,S,0,0,2,0,2,2,0,0,0,0,0,0
366619,Hospitalisation,2019,March,Tuesday,8,Rear-end,Multi-Vehicle,153.076193036481,-27.40846644961,Gateway Arterial Rd,Unknown,Southern Cross Way,Nundah,Brisbane City,4012,Hendra,North Brisbane,Brisbane,SEQ North,Metropolitan,Brisbane Airport,Nundah,Brisbane - North,Major Cities,Clayfield,Lilley,State-controlled,Intersection - Interchange,No traffic control,80 - 90 km/h,Sealed - Dry,Clear,Daylight,Curved - view open,Level,301.0,Veh'S Same Direction: Rear End,Rear-end,E,0,1,0,0,1,1,1,0,0,0,0,0
366620,Medical treatment,2019,March,Tuesday,7,Rear-end,Multi-Vehicle,153.030217036988,-27.4434524452666,Bowen Bridge Rd,Lutwyche Rd,,Windsor,Brisbane City,4030,Stafford,North Brisbane,Brisbane,SEQ North,Metropolitan,Windsor,Brisbane Inner - North,Brisbane Inner City,Major Cities,Clayfield,Brisbane,Locally-controlled,Intersection - T-Junction,Operating traffic lights,60 km/h,Sealed - Dry,Clear,Daylight,Straight,Level,306.0,Veh'S Same Direction: Lane Change Right,Lane changes,S,0,0,1,0,1,1,1,0,0,0,0,0
366621,Hospitalisation,2019,March,Wednesday,17,Rear-end,Multi-Vehicle,153.071633034054,-27.431548449334,Lancaster Rd,Nudgee Rd,,Ascot,Brisbane City,4007,Hendra,North Brisbane,Brisbane,SEQ North,Metropolitan,Ascot,Brisbane Inner - North,Brisbane Inner City,Major Cities,Clayfield,Brisbane,Locally-controlled,Intersection - T-Junction,No traffic control,60 km/h,Sealed - Wet,Raining,Darkness - Lighted,Straight,Level,302.0,Veh'S Same Direction: Left Rear,Rear-end,N,0,1,0,0,1,2,0,0,0,0,0,0
366622,Medical treatment,2019,March,Wednesday,16,Rear-end,Multi-Vehicle,153.059157040373,-27.3920614477672,Hamilton Rd,Sandgate Rd,Sandgate Sub-Arterial Road,Nundah,Brisbane City,4012,Hendra,North Brisbane,Brisbane,SEQ North,Metropolitan,Wavell Heights,Chermside,Brisbane - North,Major Cities,Nudgee,Lilley,State-controlled,Intersection - T-Junction,Operating traffic lights,0 - 50 km/h,Sealed - Wet,Raining,Daylight,Straight,Level,301.0,Veh'S Same Direction: Rear End,Rear-end,N,0,0,1,0,1,2,0,0,0,0,0,0
366623,Medical treatment,2019,March,Wednesday,16,Rear-end,Multi-Vehicle,153.059112039619,-27.3980734478103,Sandgate Rd,Unknown,Sandgate Sub-Arterial Road,Nundah,Brisbane City,4012,Hendra,North Brisbane,Brisbane,SEQ North,Metropolitan,Nundah,Nundah,Brisbane - North,Major Cities,Nudgee,Lilley,State-controlled,No Roadway Feature,No traffic control,0 - 50 km/h,Sealed - Dry,Clear,Daylight,Straight,Level,301.0,Veh'S Same Direction: Rear End,Rear-end,N,0,0,1,0,1,3,0,0,0,0,0,0
366624,Hospitalisation,2019,March,Thursday,14,Angle,Multi-Vehicle,153.073078034955,-27.4231864494132,Manson Rd,Raceview Ave,,Hendra,Brisbane City,4011,Hendra,North Brisbane,Brisbane,SEQ North,Metropolitan,Hendra,Brisbane Inner - North,Brisbane Inner City,Major Cities,Clayfield,Brisbane,Locally-controlled,Intersection - Cross,Operating traffic lights,60 km/h,Sealed - Wet,Clear,Daylight,Straight,Level,104.0,Veh'S Adjacent Approach: Thru-Right,Intersection from adjacent approaches,W,0,1,0,0,1,3,0,0,0,0,0,0
366625,Hospitalisation,2019,March,Thursday,18,Angle,Multi-Vehicle,153.014860041294,-27.4223424435583,Grange Rd,Raymont Rd,,Grange,Brisbane City,4051,Stafford,North Brisbane,Brisbane,SEQ North,Metropolitan,Grange,Brisbane Inner - North,Brisbane Inner City,Major Cities,Stafford,Brisbane,Locally-controlled,Intersection - T-Junction,Operating traffic lights,60 km/h,Sealed - Dry,Clear,Darkness - Lighted,Straight,Grade,202.0,Veh'S Opposite Approach: Thru-Right,Opposing vehicles turning,S,0,1,0,0,1,1,1,0,0,0,0,0
366626,Medical treatment,2019,March,Thursday,11,Rear-end,Multi-Vehicle,153.056343037693,-27.4156834476714,Junction Rd,Stuckey Rd,East-West Arterial Road,Clayfield,Brisbane City,4011,Hendra,North Brisbane,Brisbane,SEQ North,Metropolitan,Clayfield,Brisbane Inner - North,Brisbane Inner City,Major Cities,Clayfield,Brisbane,State-controlled,No Roadway Feature,No traffic control,0 - 50 km/h,Sealed - Dry,Clear,Daylight,Straight,Level,304.0,Veh'S Same Direction: U-Turn,U-turn,W,0,0,1,0,1,2,0,0,0,0,0,0
366627,Hospitalisation,2019,March,Friday,14,Angle,Multi-Vehicle,153.088256032282,-27.4314824510057,Kingsford Smith Dr,Links Ave North,,Eagle Farm,Brisbane City,4009,Hendra,North Brisbane,Brisbane,SEQ North,Metropolitan,Eagle Farm - Pinkenba,Nundah,Brisbane - North,Major Cities,Clayfield,Lilley,Locally-controlled,Intersection - Cross,Operating traffic lights,60 km/h,Sealed - Dry,Clear,Daylight,Straight,Level,408.0,Veh'S Manoeuvring: Entering From Footway,Vehicle leaving driveway,E,0,1,0,0,1,0,0,1,0,1,0,0
366628,Medical treatment,2019,March,Saturday,19,Rear-end,Multi-Vehicle,153.058592037631,-27.4142744478863,Sandgate Rd,Unknown,East-West Arterial Road,Clayfield,Brisbane City,4011,Hendra,North Brisbane,Brisbane,SEQ North,Metropolitan,Clayfield,Brisbane Inner - North,Brisbane Inner City,Major Cities,Clayfield,Brisbane,State-controlled,No Roadway Feature,No traffic control,60 km/h,Sealed - Dry,Clear,Darkness - Lighted,Straight,Level,301.0,Veh'S Same Direction: Rear End,Rear-end,N,0,0,2,0,2,2,0,0,0,0,0,0
366629,Medical treatment,2019,March,Sunday,11,Angle,Multi-Vehicle,153.058578040448,-27.3919544477082,Hamilton Rd,Unknown,Sandgate Sub-Arterial Road,Wavell Heights,Brisbane City,4012,Hendra,North Brisbane,Brisbane,SEQ North,Metropolitan,Wavell Heights,Chermside,Brisbane - North,Major Cities,Nudgee,Lilley,State-controlled,No Roadway Feature,No traffic control,0 - 50 km/h,Sealed - Dry,Clear,Daylight,Straight,Level,202.0,Veh'S Opposite Approach: Thru-Right,Opposing vehicles turning,W,0,0,1,0,1,2,0,0,0,0,0,0
366630,Hospitalisation,2019,April,Monday,14,Head-on,Multi-Vehicle,153.052346041228,-27.3910534470747,Bilsen Rd,Hamilton Rd,,Wavell Heights,Brisbane City,4012,Hendra,North Brisbane,Brisbane,SEQ North,Metropolitan,Wavell Heights,Chermside,Brisbane - North,Major Cities,Nudgee,Lilley,Locally-controlled,Intersection - Cross,Operating traffic lights,60 km/h,Sealed - Dry,Clear,Daylight,Curved - view open,Level,201.0,Veh'S Opposite Approach: Head On,Head-on,W,0,2,0,0,2,2,0,0,0,0,0,0
366631,Hospitalisation,2019,April,Thursday,12,Hit pedestrian,Hit pedestrian,153.059194039587,-27.3982644478201,Henchman St,Sandgate Rd,Sandgate Sub-Arterial Road,Nundah,Brisbane City,4012,Hendra,North Brisbane,Brisbane,SEQ North,Metropolitan,Nundah,Nundah,Brisbane - North,Major Cities,Nudgee,Lilley,State-controlled,Intersection - T-Junction,Give way sign,0 - 50 km/h,Sealed - Dry,Clear,Daylight,Straight,Level,1.0,Ped'N: Near Side Vehicle Hit From Right,Pedestrian,W,0,1,0,0,1,1,0,0,0,0,1,0
366632,Medical treatment,2019,April,Thursday,5,Rear-end,Multi-Vehicle,153.058726037676,-27.413804447896,Eliza St,Sandgate Rd,East-West Arterial Road,Clayfield,Brisbane City,4011,Hendra,North Brisbane,Brisbane,SEQ North,Metropolitan,Clayfield,Brisbane Inner - North,Brisbane Inner City,Major Cities,Clayfield,Brisbane,State-controlled,Intersection - T-Junction,No traffic control,60 km/h,Sealed - Dry,Clear,Dawn/Dusk,Straight,Level,301.0,Veh'S Same Direction: Rear End,Rear-end,N,0,0,1,0,1,2,0,0,0,0,0,0
366633,Minor injury,2019,April,Friday,23,Rear-end,Multi-Vehicle,153.030648036369,-27.4400615652831,Lutwyche Rd,Unknown,,Windsor,Brisbane City,4030,Stafford,North Brisbane,Brisbane,SEQ North,Metropolitan,Windsor,Brisbane Inner - North,Brisbane Inner City,Major Cities,Clayfield,Brisbane,Locally-controlled,No Roadway Feature,No traffic control,60 km/h,Sealed - Wet,Raining,Darkness - Lighted,Straight,Level,301.0,Veh'S Same Direction: Rear End,Rear-end,N,0,0,0,1,1,2,0,0,0,0,0,0
366634,Medical treatment,2019,April,Friday,10,Angle,Multi-Vehicle,153.05934403982,-27.3962894478195,Cameron St,Sandgate Rd,Sandgate Sub-Arterial Road,Nundah,Brisbane City,4012,Hendra,North Brisbane,Brisbane,SEQ North,Metropolitan,Wavell Heights,Chermside,Brisbane - North,Major Cities,Nudgee,Lilley,State-controlled,Intersection - T-Junction,Give way sign,60 km/h,Sealed - Dry,Clear,Daylight,Straight,Grade,104.0,Veh'S Adjacent Approach: Thru-Right,Intersection from adjacent approaches,S,0,0,1,0,1,2,0,0,0,0,0,0
366635,Medical treatment,2019,April,Saturday,10,Angle,Multi-Vehicle,153.04622232669,-27.4401482428479,Amy St,Unknown,,Albion,Brisbane City,4010,Hendra,North Brisbane,Brisbane,SEQ North,Metropolitan,Albion,Brisbane Inner - North,Brisbane Inner City,Major Cities,Clayfield,Brisbane,Locally-controlled,No Roadway Feature,No traffic control,60 km/h,Sealed - Dry,Clear,Daylight,Straight,Level,207.0,Veh'S Opposite Approach: U-Turn,U-turn,N,0,0,1,0,1,2,0,0,0,0,0,0
366636,Medical treatment,2019,April,Saturday,13,Rear-end,Multi-Vehicle,153.042096037675,-27.4279136463367,Hudson Rd,Unknown,,Albion,Brisbane City,4010,Hendra,North Brisbane,Brisbane,SEQ North,Metropolitan,Albion,Brisbane Inner - North,Brisbane Inner City,Major Cities,Clayfield,Brisbane,Locally-controlled,No Roadway Feature,No traffic control,0 - 50 km/h,Sealed - Dry,Clear,Daylight,Straight,Level,301.0,Veh'S Same Direction: Rear End,Rear-end,N,0,0,2,0,2,3,0,0,0,0,0,0
366637,Medical treatment,2019,April,Wednesday,6,Hit parked vehicle,Single Vehicle,153.033032039616,-27.4202174453655,Bradshaw St,Unknown,,Lutwyche,Brisbane City,4030,Stafford,North Brisbane,Brisbane,SEQ North,Metropolitan,Wooloowin - Lutwyche,Brisbane Inner - North,Brisbane Inner City,Major Cities,Clayfield,Brisbane,Locally-controlled,No Roadway Feature,No traffic control,60 km/h,Sealed - Dry,Clear,Daylight,Straight,Grade,604.0,Veh'S On Path: Car Door,Hit parked vehicle,E,0,0,1,0,1,1,0,0,0,1,0,0
366638,Medical treatment,2019,April,Thursday,21,Rear-end,Multi-Vehicle,153.030217037099,-27.4425684452596,Lutwyche Rd,Northey St,,Windsor,Brisbane City,4030,Stafford,North Brisbane,Brisbane,SEQ North,Metropolitan,Windsor,Brisbane Inner - North,Brisbane Inner City,Major Cities,Clayfield,Brisbane,Locally-controlled,Intersection - Cross,Operating traffic lights,60 km/h,Sealed - Dry,Clear,Darkness - Lighted,Straight,Level,302.0,Veh'S Same Direction: Left Rear,Rear-end,N,0,0,1,0,1,2,0,0,0,0,0,0
366639,Hospitalisation,2019,April,Friday,16,Hit parked vehicle,Single Vehicle,153.099564029616,-27.4429948522349,Gateway Arterial Rd,Unknown,Gateway Motorway (Eight Mile Plains - Nudgee),Eagle Farm,Brisbane City,4009,Hendra,North Brisbane,Brisbane,SEQ North,Metropolitan,Eagle Farm - Pinkenba,Nundah,Brisbane - North,Major Cities,Clayfield,Brisbane,State-controlled,No Roadway Feature,No traffic control,80 - 90 km/h,Sealed - Dry,Clear,Daylight,Straight,Grade,608.0,Veh'S On Path: Accident Or Broken Down,Hit parked vehicle,N,0,1,0,0,1,2,0,1,0,0,0,0
366640,Medical treatment,2019,April,Friday,16,Angle,Multi-Vehicle,153.032187038874,-27.4268194453329,Lutwyche Rd,Maygar St,,Windsor,Brisbane City,4030,Stafford,North Brisbane,Brisbane,SEQ North,Metropolitan,Windsor,Brisbane Inner - North,Brisbane Inner City,Major Cities,Clayfield,Brisbane,Locally-controlled,Intersection - T-Junction,Operating traffic lights,60 km/h,Sealed - Wet,Raining,Dawn/Dusk,Curved - view obscured,Grade,106.0,Veh'S Adjacent Approach: Left-Right,Intersection from adjacent approaches,N,0,0,1,0,1,2,0,0,0,0,0,0
366641,Medical treatment,2019,April,Friday,22,Sideswipe,Multi-Vehicle,153.088030037059,-27.3938706506853,Southern Cross Wy,Unknown,Southern Cross Way,Banyo,Brisbane City,4014,Hendra,North Brisbane,Brisbane,SEQ North,Metropolitan,Nudgee - Banyo,Nundah,Brisbane - North,Major Cities,Nudgee,Lilley,State-controlled,No Roadway Feature,No traffic control,80 - 90 km/h,Sealed - Wet,Raining,Darkness - Lighted,Curved - view open,Grade,306.0,Veh'S Same Direction: Lane Change Right,Lane changes,N,0,0,1,0,1,1,0,1,0,0,0,0
366642,Medical treatment,2019,April,Saturday,8,Angle,Multi-Vehicle,153.01875004013,-27.4282724439955,Hawdon St,Kedron Brook Rd,,Wilston,Brisbane City,4051,Stafford,North Brisbane,Brisbane,SEQ North,Metropolitan,Wilston,Brisbane Inner - North,Brisbane Inner City,Major Cities,Stafford,Brisbane,Locally-controlled,Intersection - T-Junction,No traffic control,60 km/h,Sealed - Dry,Clear,Daylight,Straight,Grade,202.0,Veh'S Opposite Approach: Thru-Right,Opposing vehicles turning,N,0,0,1,0,1,1,0,0,0,1,0,0
366643,Hospitalisation,2019,April,Thursday,11,Head-on,Multi-Vehicle,153.052346041228,-27.3910534470747,Bilsen Rd,Hamilton Rd,,Wavell Heights,Brisbane City,4012,Hendra,North Brisbane,Brisbane,SEQ North,Metropolitan,Wavell Heights,Chermside,Brisbane - North,Major Cities,Nudgee,Lilley,Locally-controlled,Intersection - Cross,Operating traffic lights,60 km/h,Sealed - Dry,Clear,Daylight,Curved - view obscured,Crest,202.0,Veh'S Opposite Approach: Thru-Right,Opposing vehicles turning,W,0,1,0,0,1,2,0,0,0,0,0,0
366644,Medical treatment,2019,April,Thursday,17,Sideswipe,Multi-Vehicle,153.060606037304,-27.4151514480956,Franz Rd,Gellibrand St,,Clayfield,Brisbane City,4011,Hendra,North Brisbane,Brisbane,SEQ North,Metropolitan,Clayfield,Brisbane Inner - North,Brisbane Inner City,Major Cities,Clayfield,Brisbane,Locally-controlled,Intersection - Cross,No traffic control,60 km/h,Sealed - Dry,Clear,Daylight,Straight,Level,506.0,Veh'S Overtaking: Overtake-Right Turn,Overtaking same direction,W,0,0,1,0,1,2,0,0,0,0,0,0
366645,Medical treatment,2019,April,Thursday,14,Rear-end,Multi-Vehicle,153.063762041348,-27.3804334481381,Sandgate Sub-Arterial Rd,Toombul Rd,Sandgate Sub-Arterial Road,Virginia,Brisbane City,4014,Boondall,North Brisbane,Brisbane,SEQ North,Metropolitan,Northgate - Virginia,Nundah,Brisbane - North,Major Cities,Nudgee,Lilley,State-controlled,Intersection - Roundabout,Give way sign,60 km/h,Sealed - Dry,Clear,Daylight,Straight,Level,301.0,Veh'S Same Direction: Rear End,Rear-end,S,0,0,1,0,1,2,0,0,0,0,0,0
366646,Medical treatment,2019,April,Thursday,20,Angle,Multi-Vehicle,153.064121037977,-27.4068464483833,Hows Rd,Melton Rd,,Nundah,Brisbane City,4012,Hendra,North Brisbane,Brisbane,SEQ North,Metropolitan,Nundah,Nundah,Brisbane - North,Major Cities,Nudgee,Lilley,Locally-controlled,Intersection - Cross,Stop sign,0 - 50 km/h,Sealed - Dry,Clear,Darkness - Lighted,Straight,Level,101.0,Veh'S Adjacent Approach: Thru-Thru,Intersection from adjacent approaches,N,0,0,1,0,1,2,0,0,0,0,0,0
366647,Minor injury,2019,April,Saturday,13,Angle,Multi-Vehicle,153.0300600377,-27.4379414452073,Newmarket Rd,Rosemount Tce,,Windsor,Brisbane City,4030,Stafford,North Brisbane,Brisbane,SEQ North,Metropolitan,Windsor,Brisbane Inner - North,Brisbane Inner City,Major Cities,Clayfield,Brisbane,Locally-controlled,Intersection - Cross,No traffic control,60 km/h,Sealed - Wet,Raining,Daylight,Straight,Level,202.0,Veh'S Opposite Approach: Thru-Right,Opposing vehicles turning,W,0,0,0,1,1,2,0,0,0,0,0,0
366648,Medical treatment,2019,April,Monday,14,Angle,Multi-Vehicle,153.036591039855,-27.415303445684,Kedron Park Rd,Lutwyche Rd,East-West Arterial Road,Kedron,Brisbane City,4031,Stafford,North Brisbane,Brisbane,SEQ North,Metropolitan,Wooloowin - Lutwyche,Brisbane Inner - North,Brisbane Inner City,Major Cities,Clayfield,Brisbane,State-controlled,Intersection - T-Junction,Operating traffic lights,60 km/h,Sealed - Dry,Clear,Daylight,Curved - view obscured,Level,104.0,Veh'S Adjacent Approach: Thru-Right,Intersection from adjacent approaches,S,0,0,1,0,1,2,0,0,0,0,0,0
366649,Medical treatment,2019,April,Friday,13,Rear-end,Multi-Vehicle,153.087078034932,-27.4115124507291,Gateway Arterial Rd,Unknown,Gateway Motorway (Eight Mile Plains - Nudgee),Brisbane Airport,Brisbane City,4008,Hendra,North Brisbane,Brisbane,SEQ North,Metropolitan,Brisbane Airport,Nundah,Brisbane - North,Major Cities,Clayfield,Lilley,State-controlled,Bridge/Causeway,No traffic control,0 - 50 km/h,Sealed - Dry,Clear,Daylight,Curved - view open,Level,301.0,Veh'S Same Direction: Rear End,Rear-end,N,0,0,1,0,1,2,0,0,0,0,0,0
366650,Medical treatment,2019,April,Sunday,2,Rear-end,Multi-Vehicle,153.03420503946,-27.4204614454852,Bradshaw St,Lutwyche Rd,,Lutwyche,Brisbane City,4030,Stafford,North Brisbane,Brisbane,SEQ North,Metropolitan,Wooloowin - Lutwyche,Brisbane Inner - North,Brisbane Inner City,Major Cities,Clayfield,Brisbane,Locally-controlled,Intersection - T-Junction,Operating traffic lights,60 km/h,Sealed - Dry,Clear,Daylight,Straight,Level,301.0,Veh'S Same Direction: Rear End,Rear-end,N,0,0,1,0,1,2,0,0,0,0,0,0
366651,Medical treatment,2019,April,Monday,13,Overturned,Single Vehicle,153.047416345399,-27.4414389379781,Inner City Bypass,Unknown,,Albion,Brisbane City,4010,Hendra,North Brisbane,Brisbane,SEQ North,Metropolitan,Albion,Brisbane Inner - North,Brisbane Inner City,Major Cities,Clayfield,Brisbane,Locally-controlled,No Roadway Feature,No traffic control,0 - 50 km/h,Sealed - Dry,Clear,Daylight,Curved - view open,Level,805.0,Off Path-Curve: Out Of Control On Cway,Out of control on curve,W,0,0,1,0,1,0,0,1,0,0,0,0
366652,Medical treatment,2019,April,Monday,7,Rear-end,Multi-Vehicle,153.057591921392,-27.4170092588074,Sandgate Rd,Unknown,,Clayfield,Brisbane City,4011,Hendra,North Brisbane,Brisbane,SEQ North,Metropolitan,Clayfield,Brisbane Inner - North,Brisbane Inner City,Major Cities,Clayfield,Brisbane,Locally-controlled,No Roadway Feature,No traffic control,0 - 50 km/h,Sealed - Dry,Clear,Daylight,Curved - view open,Level,301.0,Veh'S Same Direction: Rear End,Rear-end,S,0,0,1,0,1,2,0,0,0,0,0,0
366653,Medical treatment,2019,April,Monday,20,Rear-end,Multi-Vehicle,153.056842039934,-27.3975054475776,Campbell Tce,Rode Rd,,Wavell Heights,Brisbane City,4012,Hendra,North Brisbane,Brisbane,SEQ North,Metropolitan,Nundah,Nundah,Brisbane - North,Major Cities,Nudgee,Lilley,Locally-controlled,Intersection - T-Junction,No traffic control,60 km/h,Sealed - Dry,Clear,Darkness - Lighted,Straight,Crest,303.0,Veh'S Same Direction: Right Rear,Rear-end,W,0,0,1,0,1,2,0,0,0,0,0,0
366654,Hospitalisation,2019,April,Tuesday,5,Angle,Multi-Vehicle,153.056538037039,-27.4207064477307,Liverpool Rd,London Rd,,Clayfield,Brisbane City,4011,Hendra,North Brisbane,Brisbane,SEQ North,Metropolitan,Clayfield,Brisbane Inner - North,Brisbane Inner City,Major Cities,Clayfield,Brisbane,Locally-controlled,Intersection - Cross,Stop sign,0 - 50 km/h,Sealed - Dry,Clear,Dawn/Dusk,Straight,Level,101.0,Veh'S Adjacent Approach: Thru-Thru,Intersection from adjacent approaches,S,0,1,1,0,2,2,0,0,0,0,0,0
366655,Hospitalisation,2021,August,Saturday,18,Rear-end,Multi-Vehicle,153.085717001885,-27.6736084526624,Fourth Ave,Macarthy Rd,,Marsden,Logan City,4132,Crestmead,Logan,South Eastern,SEQ South,South Coast,Marsden,Browns Plains,Logan - Beaudesert,Major Cities,Woodridge,Rankin,Locally-controlled,Intersection - Roundabout,Give way sign,0 - 50 km/h,Sealed - Dry,Clear,Darkness - Lighted,Straight,Level,301.0,Veh'S Same Direction: Rear End,Rear-end,W,0,1,0,0,1,1,0,0,1,0,0,0
366656,Hospitalisation,2021,August,Wednesday,10,Rear-end,Multi-Vehicle,153.054666006624,-27.6627464494542,Browns Plains Rd,Unknown,,Browns Plains,Logan City,4118,Browns Plains,Logan,South Eastern,SEQ South,South Coast,Browns Plains,Browns Plains,Logan - Beaudesert,Major Cities,Woodridge,Rankin,Locally-controlled,No Roadway Feature,No traffic control,70 km/h,Sealed - Dry,Clear,Daylight,Straight,Crest,307.0,Veh'S Same Direction: Lane Change Left,Lane changes,W,0,1,0,0,1,2,0,0,0,0,0,0
366657,Hospitalisation,2021,August,Thursday,11,Rear-end,Multi-Vehicle,153.010592007634,-27.6924574452626,Middle Rd,Summer St,,Boronia Heights,Logan City,4124,Browns Plains,Logan,South Eastern,SEQ South,South Coast,Boronia Heights - Park Ridge,Browns Plains,Logan - Beaudesert,Major Cities,Logan,Forde,Locally-controlled,Intersection - T-Junction,No traffic control,60 km/h,Sealed - Dry,Clear,Daylight,Straight,Level,303.0,Veh'S Same Direction: Right Rear,Rear-end,S,0,2,0,0,2,1,0,1,0,0,0,0
366658,Hospitalisation,2021,August,Thursday,12,Angle,Multi-Vehicle,153.047196007539,-27.6619054486969,Browns Plains Rd,Webber Dr,,Browns Plains,Logan City,4118,Browns Plains,Logan,South Eastern,SEQ South,South Coast,Browns Plains,Browns Plains,Logan - Beaudesert,Major Cities,Algester,Rankin,Locally-controlled,Intersection - T-Junction,Operating traffic lights,60 km/h,Sealed - Dry,Clear,Daylight,Straight,Level,104.0,Veh'S Adjacent Approach: Thru-Right,Intersection from adjacent approaches,W,0,1,0,0,1,2,0,0,0,0,0,0
366659,Minor injury,2021,August,Thursday,8,Rear-end,Multi-Vehicle,153.111197998003,-27.6824554552974,Browns Plains Rd,Unknown,,Marsden,Logan City,4132,Crestmead,Logan,South Eastern,SEQ South,South Coast,Marsden,Browns Plains,Logan - Beaudesert,Major Cities,Woodridge,Rankin,Locally-controlled,No Roadway Feature,No traffic control,60 km/h,Sealed - Dry,Clear,Daylight,Straight,Level,301.0,Veh'S Same Direction: Rear End,Rear-end,W,0,0,0,1,1,2,0,0,0,0,0,0
366660,Minor injury,2021,August,Monday,7,Hit parked vehicle,Single Vehicle,153.110752719666,-27.7090807154624,Copal Dr,Unknown,,Logan Reserve,Logan City,4133,Crestmead,Logan,South Eastern,SEQ South,South Coast,Chambers Flat - Logan Reserve,Browns Plains,Logan - Beaudesert,Major Cities,Waterford,Forde,Locally-controlled,No Roadway Feature,No traffic control,0 - 50 km/h,Sealed - Dry,Clear,Daylight,Straight,Level,601.0,Veh'S On Path: Parked,Hit parked vehicle,E,0,0,0,1,1,2,0,0,0,0,0,0
366661,Medical treatment,2021,September,Tuesday,16,Angle,Multi-Vehicle,153.102457997714,-27.6921744544939,Chambers Flat Rd,Entrance St,,Crestmead,Logan City,4132,Crestmead,Logan,South Eastern,SEQ South,South Coast,Crestmead,Browns Plains,Logan - Beaudesert,Major Cities,Woodridge,Rankin,Locally-controlled,Intersection - Cross,Give way sign,80 - 90 km/h,Sealed - Dry,Clear,Daylight,Straight,Level,102.0,Veh'S Adjacent Approach: Right-Thru,Intersection from adjacent approaches,E,0,0,1,0,1,2,0,0,0,0,0,0
366662,Medical treatment,2021,September,Tuesday,17,Rear-end,Multi-Vehicle,153.062511005623,-27.6639424502522,Browns Plains Rd,Wembley Rd,,Browns Plains,Logan City,4118,Crestmead,Logan,South Eastern,SEQ South,South Coast,Browns Plains,Browns Plains,Logan - Beaudesert,Major Cities,Woodridge,Rankin,Locally-controlled,Intersection - T-Junction,Give way sign,60 km/h,Sealed - Dry,Clear,Daylight,Straight,Level,302.0,Veh'S Same Direction: Left Rear,Rear-end,S,0,0,1,0,1,2,0,0,0,0,0,0