Crash_Ref_Number,Crash_Severity,Crash_Year,Crash_Month,Crash_Day_Of_Week,Crash_Hour,Crash_Nature,Crash_Type,Crash_Longitude,Crash_Latitude,Crash_Street,Crash_Street_Intersecting,State_Road_Name,Loc_Suburb,Loc_Local_Government_Area,Loc_Post_Code,Loc_Police_Division,Loc_Police_District,Loc_Police_Region,Loc_Queensland_Transport_Region,Loc_Main_Roads_Region,Loc_ABS_Statistical_Area_2,Loc_ABS_Statistical_Area_3,Loc_ABS_Statistical_Area_4,Loc_ABS_Remoteness,Loc_State_Electorate,Loc_Federal_Electorate,Crash_Controlling_Authority,Crash_Roadway_Feature,Crash_Traffic_Control,Crash_Speed_Limit,Crash_Road_Surface_Condition,Crash_Atmospheric_Condition,Crash_Lighting_Condition,Crash_Road_Horiz_Align,Crash_Road_Vert_Align,Crash_DCA_Code,Crash_DCA_Description,Crash_DCA_Group_Description,DCA_Key_Approach_Dir,Count_Casualty_Fatality,Count_Casualty_Hospitalised,Count_Casualty_MedicallyTreated,Count_Casualty_MinorInjury,Count_Casualty_Total,Count_Unit_Car,Count_Unit_Motorcycle_Moped,Count_Unit_Truck,Count_Unit_Bus,Count_Unit_Bicycle,Count_Unit_Pedestrian,Count_Unit_Other
366663,Hospitalisation,2021,September,Wednesday,21,Angle,Multi-Vehicle,153.093461996312,-27.7108784537356,Chambers Flat Rd,School Rd,,Park Ridge,Logan City,4125,Crestmead,Logan,South Eastern,SEQ South,South Coast,Chambers Flat - Logan Reserve,Browns Plains,Logan - Beaudesert,Major Cities,Waterford,Forde,Locally-controlled,Intersection - T-Junction,Give way sign,70 km/h,Sealed - Dry,Clear,Darkness - Lighted,Straight,Level,104.0,Veh'S Adjacent Approach: Thru-Right,Intersection from adjacent approaches,S,0,2,0,0,2,2,0,0,0,0,0,0
366664,Medical treatment,2021,September,Thursday,11,Rear-end,Multi-Vehicle,153.08461900133,-27.6789194525938,Browns Plains Rd,Fourth Ave,,Marsden,Logan City,4132,Crestmead,Logan,South Eastern,SEQ South,South Coast,Marsden,Browns Plains,Logan - Beaudesert,Major Cities,Woodridge,Rankin,Locally-controlled,Intersection - Cross,Operating traffic lights,60 km/h,Sealed - Dry,Clear,Daylight,Straight,Level,301.0,Veh'S Same Direction: Rear End,Rear-end,E,0,0,1,0,1,2,0,0,0,0,0,0
366665,Medical treatment,2021,September,Thursday,23,Hit parked vehicle,Single Vehicle,153.107595998421,-27.6822294549329,Browns Plains Rd,Unknown,,Marsden,Logan City,4132,Crestmead,Logan,South Eastern,SEQ South,South Coast,Marsden,Browns Plains,Logan - Beaudesert,Major Cities,Woodridge,Rankin,Locally-controlled,No Roadway Feature,No traffic control,70 km/h,Sealed - Dry,Clear,Darkness - Lighted,Straight,Level,703.0,Off Path-Straight: Left Off Cway Hit Obj,Off carriageway on straight hit object,W,0,0,2,0,2,2,0,0,0,0,0,0
366666,Medical treatment,2021,September,Friday,12,Rear-end,Multi-Vehicle,153.063984005393,-27.6645034504047,Browns Plains Rd,Unknown,,Browns Plains,Logan City,4118,Crestmead,Logan,South Eastern,SEQ South,South Coast,Browns Plains,Browns Plains,Logan - Beaudesert,Major Cities,Woodridge,Rankin,Locally-controlled,No Roadway Feature,No traffic control,70 km/h,Sealed - Dry,Clear,Daylight,Straight,Level,301.0,Veh'S Same Direction: Rear End,Rear-end,E,0,0,1,1,2,4,0,0,0,0,0,0
366667,Fatal,2021,September,Saturday,2,Hit object,Single Vehicle,153.121030995781,-27.6915524563597,Beutel St,Unknown,,Waterford West,Logan City,4133,Crestmead,Logan,South Eastern,SEQ South,South Coast,Waterford West,Loganlea - Carbrook,Logan - Beaudesert,Major Cities,Waterford,Forde,Locally-controlled,No Roadway Feature,No traffic control,60 km/h,Sealed - Dry,Clear,Darkness - Lighted,Straight,Level,703.0,Off Path-Straight: Left Off Cway Hit Obj,Off carriageway on straight hit object,E,1,1,0,0,2,1,0,0,0,0,0,0
366668,Hospitalisation,2021,September,Saturday,11,Rear-end,Multi-Vehicle,153.030935303557,-27.6756626541721,Mt Lindesay Hwy,Unknown,Mount Lindesay Highway (Brisbane - Beaudesert),Hillcrest,Logan City,4118,Browns Plains,Logan,South Eastern,SEQ South,South Coast,Hillcrest,Browns Plains,Logan - Beaudesert,Major Cities,Logan,Rankin,State-controlled,No Roadway Feature,No traffic control,80 - 90 km/h,Sealed - Dry,Clear,Daylight,Straight,Level,301.0,Veh'S Same Direction: Rear End,Rear-end,N,0,1,0,0,1,2,1,0,0,0,0,0
366669,Hospitalisation,2021,September,Monday,21,Angle,Multi-Vehicle,152.953210021263,-27.6338064390497,Johnson Rd,Woogaroo St,,Greenbank,Logan City,4124,Inala,South Brisbane,Brisbane,SEQ South,South Coast,Greenbank Military Camp,Browns Plains,Logan - Beaudesert,Major Cities,Jordan,Oxley,Locally-controlled,Intersection - T-Junction,Give way sign,80 - 90 km/h,Sealed - Dry,Clear,Darkness - Lighted,Straight,Level,104.0,Veh'S Adjacent Approach: Thru-Right,Intersection from adjacent approaches,E,0,1,1,0,2,2,0,0,0,0,0,0
366670,Hospitalisation,2021,September,Tuesday,12,Angle,Multi-Vehicle,153.039841358019,-27.6644048439778,Grand Plaza Dr,Unknown,,Browns Plains,Logan City,4118,Browns Plains,Logan,South Eastern,SEQ South,South Coast,Browns Plains,Browns Plains,Logan - Beaudesert,Major Cities,Algester,Rankin,Locally-controlled,Intersection - T-Junction,Give way sign,0 - 50 km/h,Sealed - Dry,Clear,Daylight,Straight,Level,406.0,Veh'S Manoeuvring: Leaving Driveway,Vehicle leaving driveway,E,0,1,0,0,1,2,0,0,0,0,0,0
366671,Medical treatment,2021,September,Tuesday,6,Angle,Multi-Vehicle,153.119687995936,-27.6914814562239,Beutel St,Logan Reserve Rd,,Waterford West,Logan City,4133,Crestmead,Logan,South Eastern,SEQ South,South Coast,Waterford West,Loganlea - Carbrook,Logan - Beaudesert,Major Cities,Waterford,Forde,Locally-controlled,Intersection - Roundabout,Give way sign,60 km/h,Sealed - Dry,Clear,Daylight,Straight,Level,101.0,Veh'S Adjacent Approach: Thru-Thru,Intersection from adjacent approaches,S,0,0,1,0,1,2,0,0,0,0,0,0
366672,Medical treatment,2021,September,Sunday,8,Fall from vehicle,Single Vehicle,153.120643997612,-27.6774844562099,Chambers Flat Rd,Kingston Rd,,Loganlea,Logan City,4131,Crestmead,Logan,South Eastern,SEQ South,South Coast,Marsden,Browns Plains,Logan - Beaudesert,Major Cities,Waterford,Rankin,Locally-controlled,Intersection - T-Junction,Give way sign,60 km/h,Sealed - Dry,Clear,Daylight,Curved - view open,Level,805.0,Off Path-Curve: Out Of Control On Cway,Out of control on curve,S,0,0,1,0,1,1,1,0,0,0,0,0
366673,Hospitalisation,2021,September,Sunday,15,Angle,Multi-Vehicle,153.075444998856,-27.7062314518861,Clarke Rd,Lindenthal Rd,,Park Ridge,Logan City,4125,Crestmead,Logan,South Eastern,SEQ South,South Coast,Boronia Heights - Park Ridge,Browns Plains,Logan - Beaudesert,Major Cities,Logan,Forde,Locally-controlled,Intersection - Cross,No traffic control,70 km/h,Sealed - Dry,Clear,Daylight,Straight,Level,104.0,Veh'S Adjacent Approach: Thru-Right,Intersection from adjacent approaches,E,0,1,0,0,1,2,0,0,0,0,0,0
366674,Hospitalisation,2021,September,Monday,10,Angle,Multi-Vehicle,153.121871996754,-27.6831854563785,Evergreen Ave,Kingston Rd,Brisbane - Beenleigh Road,Waterford West,Logan City,4133,Logan Central,Logan,South Eastern,SEQ South,South Coast,Waterford West,Loganlea - Carbrook,Logan - Beaudesert,Major Cities,Waterford,Forde,State-controlled,Intersection - T-Junction,No traffic control,60 km/h,Sealed - Dry,Clear,Daylight,Straight,Level,202.0,Veh'S Opposite Approach: Thru-Right,Opposing vehicles turning,N,0,1,0,0,1,1,1,0,0,0,0,0
366675,Hospitalisation,2021,September,Tuesday,15,Sideswipe,Multi-Vehicle,153.048521007372,-27.6620954488315,Browns Plains Rd,Unknown,,Browns Plains,Logan City,4118,Browns Plains,Logan,South Eastern,SEQ South,South Coast,Browns Plains,Browns Plains,Logan - Beaudesert,Major Cities,Algester,Rankin,Locally-controlled,No Roadway Feature,No traffic control,70 km/h,Sealed - Dry,Clear,Daylight,Straight,Grade,307.0,Veh'S Same Direction: Lane Change Left,Lane changes,W,0,1,0,0,1,1,0,1,0,0,0,0
366676,Hospitalisation,2021,September,Wednesday,18,Rear-end,Multi-Vehicle,153.12119964045,-27.6861463893341,Muchow Rd,Unknown,,Waterford West,Logan City,4133,Crestmead,Logan,South Eastern,SEQ South,South Coast,Waterford West,Loganlea - Carbrook,Logan - Beaudesert,Major Cities,Waterford,Forde,Locally-controlled,No Roadway Feature,No traffic control,60 km/h,Sealed - Dry,Clear,Dawn/Dusk,Straight,Level,301.0,Veh'S Same Direction: Rear End,Rear-end,W,0,1,0,0,1,3,0,0,0,0,0,0
366677,Minor injury,2021,September,Friday,11,Rear-end,Multi-Vehicle,153.038808465636,-27.6604125998426,Browns Plains Rd,Unknown,,Browns Plains,Logan City,4118,Browns Plains,Logan,South Eastern,SEQ South,South Coast,Browns Plains,Browns Plains,Logan - Beaudesert,Major Cities,Algester,Rankin,Locally-controlled,No Roadway Feature,No traffic control,60 km/h,Sealed - Dry,Clear,Daylight,Straight,Level,301.0,Veh'S Same Direction: Rear End,Rear-end,E,0,0,0,1,1,2,0,0,0,0,0,0
366678,Hospitalisation,2021,September,Friday,13,Rear-end,Multi-Vehicle,153.118014242741,-27.7023026911405,Logan Reserve Rd,Unknown,,Logan Reserve,Logan City,4133,Crestmead,Logan,South Eastern,SEQ South,South Coast,Chambers Flat - Logan Reserve,Browns Plains,Logan - Beaudesert,Major Cities,Waterford,Forde,Locally-controlled,No Roadway Feature,No traffic control,70 km/h,Sealed - Dry,Clear,Daylight,Straight,Level,301.0,Veh'S Same Direction: Rear End,Rear-end,S,0,2,1,1,4,4,0,0,0,0,0,0
366679,Medical treatment,2021,September,Saturday,4,Angle,Multi-Vehicle,153.122442996298,-27.6862874564605,Kingston Rd,Muchow Rd,Brisbane - Beenleigh Road,Waterford West,Logan City,4133,Logan Central,Logan,South Eastern,SEQ South,South Coast,Waterford West,Loganlea - Carbrook,Logan - Beaudesert,Major Cities,Waterford,Forde,State-controlled,Intersection - T-Junction,Operating traffic lights,70 km/h,Sealed - Dry,Clear,Darkness - Lighted,Curved - view open,Level,104.0,Veh'S Adjacent Approach: Thru-Right,Intersection from adjacent approaches,N,0,0,1,0,1,2,0,0,0,0,0,0
366680,Hospitalisation,2021,September,Tuesday,9,Angle,Multi-Vehicle,153.104772997859,-27.6890594547024,Chambers Flat Rd,Waratah Dr,,Waterford West,Logan City,4133,Crestmead,Logan,South Eastern,SEQ South,South Coast,Waterford West,Loganlea - Carbrook,Logan - Beaudesert,Major Cities,Waterford,Forde,Locally-controlled,Intersection - T-Junction,Operating traffic lights,60 km/h,Sealed - Dry,Clear,Daylight,Straight,Level,104.0,Veh'S Adjacent Approach: Thru-Right,Intersection from adjacent approaches,N,0,2,0,0,2,2,0,0,0,0,0,0
366681,Hospitalisation,2021,September,Wednesday,14,Angle,Multi-Vehicle,152.988791006691,-27.7185904432821,Middle Rd,Teviot Rd,,Greenbank,Logan City,4124,Browns Plains,Logan,South Eastern,SEQ South,South Coast,Boronia Heights - Park Ridge,Browns Plains,Logan - Beaudesert,Major Cities,Logan,Forde,Locally-controlled,Intersection - Roundabout,Give way sign,60 km/h,Sealed - Dry,Clear,Daylight,Straight,Level,202.0,Veh'S Opposite Approach: Thru-Right,Opposing vehicles turning,N,0,1,0,1,2,1,0,1,0,0,0,0
366682,Medical treatment,2021,September,Thursday,14,Hit object,Single Vehicle,153.011943164954,-27.6571730781201,Johnson Rd,Unknown,,Forestdale,Logan City,4118,Browns Plains,Logan,South Eastern,SEQ South,South Coast,Hillcrest,Browns Plains,Logan - Beaudesert,Major Cities,Algester,Wright,Locally-controlled,No Roadway Feature,No traffic control,60 km/h,Sealed - Dry,Clear,Daylight,Straight,Grade,703.0,Off Path-Straight: Left Off Cway Hit Obj,Off carriageway on straight hit object,E,0,0,1,0,1,1,0,0,0,0,0,0
366683,Minor injury,2021,September,Thursday,13,Rear-end,Multi-Vehicle,153.053755419742,-27.6625947543615,Browns Plains Rd,Unknown,,Browns Plains,Logan City,4118,Browns Plains,Logan,South Eastern,SEQ South,South Coast,Browns Plains,Browns Plains,Logan - Beaudesert,Major Cities,Algester,Rankin,Locally-controlled,No Roadway Feature,No traffic control,70 km/h,Sealed - Dry,Clear,Daylight,Straight,Level,301.0,Veh'S Same Direction: Rear End,Rear-end,W,0,0,0,1,1,2,0,0,0,0,0,0
366684,Medical treatment,2021,October,Saturday,20,Angle,Multi-Vehicle,153.08455900132,-27.6790444525887,Browns Plains Rd,Fourth Ave,,Crestmead,Logan City,4132,Crestmead,Logan,South Eastern,SEQ South,South Coast,Marsden,Browns Plains,Logan - Beaudesert,Major Cities,Woodridge,Rankin,Locally-controlled,Intersection - Cross,Operating traffic lights,70 km/h,Sealed - Dry,Clear,Darkness - Lighted,Straight,Level,202.0,Veh'S Opposite Approach: Thru-Right,Opposing vehicles turning,E,0,0,2,1,3,2,0,0,0,0,0,0
366685,Minor injury,2021,October,Monday,13,Rear-end,Multi-Vehicle,153.063087489923,-27.6610851612876,Wembley Rd,Unknown,,Browns Plains,Logan City,4118,Crestmead,Logan,South Eastern,SEQ South,South Coast,Browns Plains,Browns Plains,Logan - Beaudesert,Major Cities,Woodridge,Rankin,Locally-controlled,No Roadway Feature,No traffic control,60 km/h,Sealed - Dry,Clear,Daylight,Straight,Level,301.0,Veh'S Same Direction: Rear End,Rear-end,S,0,0,0,1,1,2,0,0,0,0,0,0
366686,Medical treatment,2021,October,Tuesday,15,Rear-end,Multi-Vehicle,153.055923001672,-27.7007234498798,Park Ridge Rd,Unknown,,Park Ridge,Logan City,4125,Browns Plains,Logan,South Eastern,SEQ South,South Coast,Boronia Heights - Park Ridge,Browns Plains,Logan - Beaudesert,Major Cities,Logan,Forde,Locally-controlled,No Roadway Feature,No traffic control,70 km/h,Sealed - Dry,Clear,Daylight,Straight,Level,301.0,Veh'S Same Direction: Rear End,Rear-end,E,0,0,1,0,1,3,0,0,0,0,0,0
366687,Medical treatment,2021,October,Wednesday,16,Rear-end,Multi-Vehicle,153.113744997386,-27.6851384555751,Muchow Rd,Unknown,,Waterford West,Logan City,4133,Crestmead,Logan,South Eastern,SEQ South,South Coast,Waterford West,Loganlea - Carbrook,Logan - Beaudesert,Major Cities,Waterford,Forde,Locally-controlled,No Roadway Feature,No traffic control,60 km/h,Sealed - Dry,Clear,Daylight,Straight,Level,301.0,Veh'S Same Direction: Rear End,Rear-end,W,0,0,1,1,2,3,0,0,0,0,0,0
366688,Hospitalisation,2021,October,Thursday,14,Hit pedestrian,Hit pedestrian,153.107598998001,-27.6855354549592,Chambers Flat Rd,Hickory St,,Marsden,Logan City,4132,Crestmead,Logan,South Eastern,SEQ South,South Coast,Marsden,Browns Plains,Logan - Beaudesert,Major Cities,Woodridge,Rankin,Locally-controlled,Intersection - T-Junction,Pedestrian operated lights,0 - 50 km/h,Sealed - Dry,Clear,Daylight,Straight,Level,3.0,Ped'N: Far Side Vehicle Hit From Left,Pedestrian,E,0,1,0,0,1,1,0,0,0,0,1,0
366689,Minor injury,2021,October,Saturday,15,Rear-end,Multi-Vehicle,153.051253004733,-27.6805804492518,Waller Rd,Unknown,,Heritage Park,Logan City,4118,Browns Plains,Logan,South Eastern,SEQ South,South Coast,Regents Park - Heritage Park,Browns Plains,Logan - Beaudesert,Major Cities,Woodridge,Rankin,Locally-controlled,No Roadway Feature,No traffic control,60 km/h,Sealed - Dry,Clear,Daylight,Straight,Level,303.0,Veh'S Same Direction: Right Rear,Rear-end,S,0,0,0,1,1,2,0,0,0,0,0,0
366690,Hospitalisation,2021,October,Sunday,8,Fall from vehicle,Single Vehicle,153.032992005625,-27.6891464474849,Mt Lindesay Hwy,Unknown,Mount Lindesay Highway (Brisbane - Beaudesert),Park Ridge,Logan City,4125,Browns Plains,Logan,South Eastern,SEQ South,South Coast,Boronia Heights - Park Ridge,Browns Plains,Logan - Beaudesert,Major Cities,Logan,Forde,State-controlled,No Roadway Feature,No traffic control,80 - 90 km/h,Sealed - Dry,Clear,Daylight,Curved - view open,Dip,805.0,Off Path-Curve: Out Of Control On Cway,Out of control on curve,S,0,1,0,0,1,0,1,0,0,0,0,0
366691,Medical treatment,2021,October,Monday,18,Hit object,Single Vehicle,153.021290008216,-27.6787044462278,Coronation Rd,Middle Rd,,Hillcrest,Logan City,4118,Browns Plains,Logan,South Eastern,SEQ South,South Coast,Hillcrest,Browns Plains,Logan - Beaudesert,Major Cities,Logan,Forde,Locally-controlled,Intersection - Roundabout,Give way sign,60 km/h,Sealed - Wet,Raining,Darkness - Lighted,Straight,Level,202.0,Veh'S Opposite Approach: Thru-Right,Opposing vehicles turning,N,0,0,1,1,2,2,0,0,0,0,0,0
366692,Minor injury,2021,October,Monday,16,Rear-end,Multi-Vehicle,153.045822007734,-27.661538448556,Browns Plains Rd,Ranchwood Ave,,Browns Plains,Logan City,4118,Browns Plains,Logan,South Eastern,SEQ South,South Coast,Browns Plains,Browns Plains,Logan - Beaudesert,Major Cities,Algester,Rankin,Locally-controlled,Intersection - Cross,Operating traffic lights,60 km/h,Sealed - Dry,Clear,Daylight,Straight,Level,301.0,Veh'S Same Direction: Rear End,Rear-end,E,0,0,0,1,1,2,0,0,0,0,0,0
366693,Hospitalisation,2021,October,Friday,13,Angle,Multi-Vehicle,153.098184997182,-27.7000004541253,Bumstead Rd,Pine Grove Dr,,Crestmead,Logan City,4132,Crestmead,Logan,South Eastern,SEQ South,South Coast,Boronia Heights - Park Ridge,Browns Plains,Logan - Beaudesert,Major Cities,Woodridge,Rankin,Locally-controlled,Intersection - T-Junction,Give way sign,60 km/h,Sealed - Dry,Clear,Daylight,Straight,Level,104.0,Veh'S Adjacent Approach: Thru-Right,Intersection from adjacent approaches,E,0,2,1,0,3,1,1,0,0,0,0,0
366694,Hospitalisation,2021,October,Monday,18,Rear-end,Multi-Vehicle,153.054539004252,-27.6815604495897,Grace Ct,Lamberth Rd,,Heritage Park,Logan City,4118,Browns Plains,Logan,South Eastern,SEQ South,South Coast,Regents Park - Heritage Park,Browns Plains,Logan - Beaudesert,Major Cities,Woodridge,Rankin,Locally-controlled,Intersection - T-Junction,No traffic control,60 km/h,Sealed - Wet,Clear,Darkness - Lighted,Curved - view open,Level,303.0,Veh'S Same Direction: Right Rear,Rear-end,,0,1,0,0,1,2,0,0,0,0,0,0
366695,Hospitalisation,2021,October,Thursday,17,Angle,Multi-Vehicle,153.091696002372,-27.6646784531937,Fourth Ave,Third Ave,,Marsden,Logan City,4132,Crestmead,Logan,South Eastern,SEQ South,South Coast,Marsden,Browns Plains,Logan - Beaudesert,Major Cities,Woodridge,Rankin,Locally-controlled,Intersection - T-Junction,No traffic control,60 km/h,Sealed - Wet,Raining,Daylight,Curved - view open,Level,202.0,Veh'S Opposite Approach: Thru-Right,Opposing vehicles turning,S,0,2,0,0,2,2,0,0,0,0,0,0
366696,Medical treatment,2021,October,Thursday,11,Sideswipe,Multi-Vehicle,153.090085001335,-27.6742164531068,Macarthy Rd,Third Ave,,Marsden,Logan City,4132,Crestmead,Logan,South Eastern,SEQ South,South Coast,Marsden,Browns Plains,Logan - Beaudesert,Major Cities,Woodridge,Rankin,Locally-controlled,Intersection - Roundabout,Give way sign,0 - 50 km/h,Sealed - Dry,Clear,Daylight,Straight,Grade,305.0,Veh'S Same Direction: Lane Side Swipe,Lane changes,S,0,0,1,0,1,0,1,0,0,0,0,1
366697,Minor injury,2021,October,Sunday,13,Rear-end,Multi-Vehicle,153.10506699787,-27.6887204547294,Chambers Flat Rd,Unknown,,Waterford West,Logan City,4133,Crestmead,Logan,South Eastern,SEQ South,South Coast,Waterford West,Loganlea - Carbrook,Logan - Beaudesert,Major Cities,Waterford,Forde,Locally-controlled,No Roadway Feature,No traffic control,60 km/h,Sealed - Dry,Clear,Daylight,Straight,Level,301.0,Veh'S Same Direction: Rear End,Rear-end,S,0,0,0,1,1,2,0,0,0,0,0,0
366698,Medical treatment,2021,October,Thursday,10,Rear-end,Multi-Vehicle,153.066128000018,-27.7050364509397,Park Ridge Rd,Unknown,,Park Ridge,Logan City,4125,Crestmead,Logan,South Eastern,SEQ South,South Coast,Boronia Heights - Park Ridge,Browns Plains,Logan - Beaudesert,Major Cities,Logan,Forde,Locally-controlled,No Roadway Feature,No traffic control,60 km/h,Sealed - Dry,Clear,Daylight,Straight,Level,301.0,Veh'S Same Direction: Rear End,Rear-end,W,0,0,1,1,2,3,0,0,0,0,0,0
366699,Medical treatment,2021,October,Friday,10,Rear-end,Multi-Vehicle,153.040940008357,-27.6607954480597,Browns Plains Rd,Unknown,,Browns Plains,Logan City,4118,Browns Plains,Logan,South Eastern,SEQ South,South Coast,Browns Plains,Browns Plains,Logan - Beaudesert,Major Cities,Algester,Rankin,Locally-controlled,No Roadway Feature,No traffic control,60 km/h,Sealed - Dry,Clear,Daylight,Straight,Level,301.0,Veh'S Same Direction: Rear End,Rear-end,E,0,0,1,0,1,2,0,0,0,0,0,0
366700,Medical treatment,2021,October,Sunday,1,Hit object,Single Vehicle,153.015767006407,-27.6977184458233,Carrick Pl,Crest Rd,,Greenbank,Logan City,4124,Browns Plains,Logan,South Eastern,SEQ South,South Coast,Boronia Heights - Park Ridge,Browns Plains,Logan - Beaudesert,Major Cities,Logan,Forde,Locally-controlled,Intersection - T-Junction,No traffic control,70 km/h,Sealed - Wet,Raining,Darkness - Not lighted,Curved - view open,Level,703.0,Off Path-Straight: Left Off Cway Hit Obj,Off carriageway on straight hit object,W,0,0,1,0,1,1,0,0,0,0,0,0
366701,Medical treatment,2021,October,Sunday,18,Hit object,Single Vehicle,153.056970002898,-27.6901604499018,Bayliss Rd,Green Rd,,Heritage Park,Logan City,4118,Crestmead,Logan,South Eastern,SEQ South,South Coast,Regents Park - Heritage Park,Browns Plains,Logan - Beaudesert,Major Cities,Woodridge,Rankin,Locally-controlled,Intersection - Roundabout,Give way sign,70 km/h,Sealed - Dry,Clear,Darkness - Lighted,Straight,Dip,703.0,Off Path-Straight: Left Off Cway Hit Obj,Off carriageway on straight hit object,E,0,0,1,0,1,1,0,0,0,0,0,0
366702,Hospitalisation,2021,November,Friday,23,Hit parked vehicle,Single Vehicle,153.105068036415,-27.6844305996956,Hickory St,Unknown,,Marsden,Logan City,4132,Crestmead,Logan,South Eastern,SEQ South,South Coast,Marsden,Browns Plains,Logan - Beaudesert,Major Cities,Woodridge,Rankin,Locally-controlled,No Roadway Feature,No traffic control,0 - 50 km/h,Sealed - Dry,Clear,Darkness - Not lighted,Straight,Grade,601.0,Veh'S On Path: Parked,Hit parked vehicle,E,0,1,0,0,1,1,1,0,0,0,0,0
366703,Minor injury,2021,November,Wednesday,2,Sideswipe,Multi-Vehicle,153.039957003703,-27.698359448257,Park Ridge Rd,Unknown,,Park Ridge,Logan City,4125,Browns Plains,Logan,South Eastern,SEQ South,South Coast,Boronia Heights - Park Ridge,Browns Plains,Logan - Beaudesert,Major Cities,Logan,Forde,Locally-controlled,No Roadway Feature,No traffic control,60 km/h,Sealed - Dry,Clear,Darkness - Lighted,Straight,Grade,305.0,Veh'S Same Direction: Lane Side Swipe,Lane changes,E,0,0,0,1,1,2,0,0,0,0,0,0
366704,Hospitalisation,2021,November,Wednesday,8,Angle,Multi-Vehicle,153.075444998856,-27.7062314518861,Clarke Rd,Lindenthal Rd,,Park Ridge,Logan City,4125,Crestmead,Logan,South Eastern,SEQ South,South Coast,Boronia Heights - Park Ridge,Browns Plains,Logan - Beaudesert,Major Cities,Logan,Forde,Locally-controlled,Intersection - Cross,Stop sign,70 km/h,Sealed - Wet,Clear,Daylight,Straight,Level,101.0,Veh'S Adjacent Approach: Thru-Thru,Intersection from adjacent approaches,,0,1,0,0,1,2,0,0,0,0,0,0
366705,Minor injury,2021,November,Wednesday,10,Overturned,Single Vehicle,153.031767006019,-27.6870904473457,Fedrick St,Mt Lindesay Hwy,Mount Lindesay Highway (Brisbane - Beaudesert),Boronia Heights,Logan City,4124,Browns Plains,Logan,South Eastern,SEQ South,South Coast,Boronia Heights - Park Ridge,Browns Plains,Logan - Beaudesert,Major Cities,Logan,Forde,State-controlled,Intersection - Cross,Operating traffic lights,80 - 90 km/h,Sealed - Wet,Raining,Daylight,Curved - view open,Dip,807.0,Vehicle Right-Turning At I/S (Or Drivewa,Out of control on curve,E,0,0,0,1,1,1,0,0,0,0,0,0
366706,Hospitalisation,2021,November,Wednesday,13,Hit parked vehicle,Single Vehicle,153.095512491829,-27.6814504777101,Browns Plains Rd,Unknown,,Crestmead,Logan City,4132,Crestmead,Logan,South Eastern,SEQ South,South Coast,Marsden,Browns Plains,Logan - Beaudesert,Major Cities,Woodridge,Rankin,Locally-controlled,No Roadway Feature,No traffic control,60 km/h,Sealed - Wet,Clear,Daylight,Straight,Level,703.0,Off Path-Straight: Left Off Cway Hit Obj,Off carriageway on straight hit object,,0,1,0,0,1,2,0,0,0,0,0,0
366707,Hospitalisation,2021,November,Friday,6,Hit object,Single Vehicle,153.081247252341,-27.6974563004006,Bumstead Rd,Unknown,,Park Ridge,Logan City,4125,Crestmead,Logan,South Eastern,SEQ South,South Coast,Boronia Heights - Park Ridge,Browns Plains,Logan - Beaudesert,Major Cities,Logan,Forde,Locally-controlled,No Roadway Feature,No traffic control,60 km/h,Sealed - Wet,Raining,Daylight,Straight,Level,703.0,Off Path-Straight: Left Off Cway Hit Obj,Off carriageway on straight hit object,W,0,1,0,0,1,1,0,0,0,0,0,0
366708,Medical treatment,2021,November,Monday,17,Rear-end,Multi-Vehicle,153.045133934507,-27.6639195765056,Eastern Rd,Unknown,,Browns Plains,Logan City,4118,Browns Plains,Logan,South Eastern,SEQ South,South Coast,Browns Plains,Browns Plains,Logan - Beaudesert,Major Cities,Algester,Rankin,Locally-controlled,No Roadway Feature,No traffic control,0 - 50 km/h,Sealed - Dry,Clear,Darkness - Lighted,Straight,Level,301.0,Veh'S Same Direction: Rear End,Rear-end,W,0,0,1,2,3,3,0,0,0,0,0,0
366709,Fatal,2021,November,Monday,18,Angle,Multi-Vehicle,153.007444012539,-27.6564014446626,Forestdale Dr,Johnson Rd,,Larapinta,Brisbane City,4110,Browns Plains,Logan,South Eastern,SEQ South,Metropolitan,Pallara - Willawong,Rocklea - Acacia Ridge,Brisbane - South,Major Cities,Algester,Oxley,Locally-controlled,Intersection - T-Junction,Operating traffic lights,60 km/h,Sealed - Dry,Clear,Darkness - Lighted,Straight,Crest,202.0,Veh'S Opposite Approach: Thru-Right,Opposing vehicles turning,E,1,0,1,0,2,2,0,0,0,0,0,0
366710,Medical treatment,2021,November,Monday,8,Rear-end,Multi-Vehicle,153.005455012788,-27.656137444461,Johnson Rd,Unknown,,Forestdale,Logan City,4118,Browns Plains,Logan,South Eastern,SEQ South,South Coast,Hillcrest,Browns Plains,Logan - Beaudesert,Major Cities,Algester,Oxley,Locally-controlled,No Roadway Feature,No traffic control,60 km/h,Sealed - Dry,Clear,Daylight,Straight,Grade,301.0,Veh'S Same Direction: Rear End,Rear-end,W,0,0,1,0,1,2,0,0,0,0,0,0