Crash_Ref_Number,Crash_Severity,Crash_Year,Crash_Month,Crash_Day_Of_Week,Crash_Hour,Crash_Nature,Crash_Type,Crash_Longitude,Crash_Latitude,Crash_Street,Crash_Street_Intersecting,State_Road_Name,Loc_Suburb,Loc_Local_Government_Area,Loc_Post_Code,Loc_Police_Division,Loc_Police_District,Loc_Police_Region,Loc_Queensland_Transport_Region,Loc_Main_Roads_Region,Loc_ABS_Statistical_Area_2,Loc_ABS_Statistical_Area_3,Loc_ABS_Statistical_Area_4,Loc_ABS_Remoteness,Loc_State_Electorate,Loc_Federal_Electorate,Crash_Controlling_Authority,Crash_Roadway_Feature,Crash_Traffic_Control,Crash_Speed_Limit,Crash_Road_Surface_Condition,Crash_Atmospheric_Condition,Crash_Lighting_Condition,Crash_Road_Horiz_Align,Crash_Road_Vert_Align,Crash_DCA_Code,Crash_DCA_Description,Crash_DCA_Group_Description,DCA_Key_Approach_Dir,Count_Casualty_Fatality,Count_Casualty_Hospitalised,Count_Casualty_MedicallyTreated,Count_Casualty_MinorInjury,Count_Casualty_Total,Count_Unit_Car,Count_Unit_Motorcycle_Moped,Count_Unit_Truck,Count_Unit_Bus,Count_Unit_Bicycle,Count_Unit_Pedestrian,Count_Unit_Other
366898,Minor injury,2018,May,Wednesday,17,Sideswipe,Multi-Vehicle,153.416053928468,-27.9660674884188,Marine Pde,Unknown,,Southport,Gold Coast City,4215,Southport,Gold Coast,South Eastern,SEQ South,South Coast,Southport - North,Southport,Gold Coast,Major Cities,Southport,Moncrieff,Locally-controlled,No Roadway Feature,No traffic control,60 km/h,Sealed - Dry,Clear,Daylight,Straight,Crest,305.0,Veh'S Same Direction: Lane Side Swipe,Lane changes,W,0,0,0,1,1,1,1,0,0,0,0,0
366899,Minor injury,2018,May,Wednesday,21,Rear-end,Multi-Vehicle,153.378617933385,-27.9597054845559,Olsen Av,Parklands Dr,Labrador - Carrara Road,Southport,Gold Coast City,4222,Southport,Gold Coast,South Eastern,SEQ South,South Coast,Southport - North,Southport,Gold Coast,Major Cities,Bonney,Moncrieff,State-controlled,Intersection - Cross,Operating traffic lights,60 km/h,Sealed - Dry,Clear,Daylight,Straight,Grade,302.0,Veh'S Same Direction: Left Rear,Rear-end,S,0,0,0,2,2,2,0,0,0,0,0,0
366900,Hospitalisation,2018,May,Friday,13,Rear-end,Multi-Vehicle,153.361016931838,-27.9866124829764,Kamholtz Ct,Southport - Nerang Rd,Southport - Nerang Road,Molendinar,Gold Coast City,4214,Southport,Gold Coast,South Eastern,SEQ South,South Coast,Molendinar,Southport,Gold Coast,Major Cities,Southport,Moncrieff,State-controlled,Intersection - Cross,Operating traffic lights,70 km/h,Sealed - Dry,Clear,Daylight,Straight,Level,301.0,Veh'S Same Direction: Rear End,Rear-end,W,0,2,0,1,3,2,0,0,0,0,0,0
366901,Medical treatment,2018,May,Saturday,15,Fall from vehicle,Single Vehicle,153.412559929474,-27.9612424880247,Marine Pde,Unknown,Heart Of The City 1,Southport,Gold Coast City,4215,Southport,Gold Coast,South Eastern,SEQ South,South Coast,Southport - North,Southport,Gold Coast,Major Cities,Southport,Moncrieff,Locally-controlled,No Roadway Feature,No traffic control,80 - 90 km/h,Sealed - Dry,Clear,Daylight,Straight,Level,907.0,Pass & Misc: Vehicle Movements Not Known,Other,,0,0,1,0,1,0,1,0,0,0,0,0
366902,Medical treatment,2018,May,Saturday,17,Angle,Multi-Vehicle,153.39465693343,-27.9457754860793,Brown St,Unknown,,Labrador,Gold Coast City,4215,Southport,Gold Coast,South Eastern,SEQ South,South Coast,Labrador,Gold Coast - North,Gold Coast,Major Cities,Bonney,Fadden,Locally-controlled,No Roadway Feature,No traffic control,0 - 50 km/h,Sealed - Dry,Clear,Daylight,Straight,Level,406.0,Veh'S Manoeuvring: Leaving Driveway,Vehicle leaving driveway,S,0,0,1,0,1,2,0,0,0,0,0,0
366903,Hospitalisation,2018,May,Monday,15,Hit object,Single Vehicle,153.384722936135,-27.9332294849693,Brisbane Rd,Unknown,Gold Coast Highway (Helensvale - Southport),Biggera Waters,Gold Coast City,4216,Runaway Bay,Gold Coast,South Eastern,SEQ South,South Coast,Biggera Waters,Gold Coast - North,Gold Coast,Major Cities,Bonney,Fadden,State-controlled,No Roadway Feature,No traffic control,60 km/h,Sealed - Wet,Raining,Daylight,Straight,Level,708.0,Off Path-Straight: Mounts Traffic Island,Off carriageway on straight hit object,W,0,1,0,0,1,1,0,0,0,0,0,0
366904,Hospitalisation,2018,May,Tuesday,7,Angle,Multi-Vehicle,153.406803928437,-27.9741374875395,Eugaree St,Tweed St,,Southport,Gold Coast City,4215,Southport,Gold Coast,South Eastern,SEQ South,South Coast,Southport - South,Southport,Gold Coast,Major Cities,Southport,Moncrieff,Locally-controlled,Intersection - Cross,Stop sign,60 km/h,Sealed - Wet,Clear,Daylight,Straight,Level,202.0,Veh'S Opposite Approach: Thru-Right,Opposing vehicles turning,N,0,1,0,2,3,2,0,0,0,0,0,0
366905,Medical treatment,2018,May,Wednesday,18,Hit parked vehicle,Single Vehicle,153.385429929155,-27.9866814854612,Cotlew St,Unknown,,Ashmore,Gold Coast City,4214,Southport,Gold Coast,South Eastern,SEQ South,South Coast,Ashmore,Southport,Gold Coast,Major Cities,Southport,Moncrieff,Locally-controlled,No Roadway Feature,No traffic control,60 km/h,Sealed - Dry,Clear,Darkness - Lighted,Straight,Level,703.0,Off Path-Straight: Left Off Cway Hit Obj,Off carriageway on straight hit object,E,0,0,1,0,1,3,0,0,0,0,0,0
366906,Medical treatment,2018,May,Sunday,13,Rear-end,Multi-Vehicle,153.383745933561,-27.953992485033,Napper Rd,Olsen Av,Labrador - Carrara Road,Southport,Gold Coast City,4215,Southport,Gold Coast,South Eastern,SEQ South,South Coast,Southport - North,Southport,Gold Coast,Major Cities,Bonney,Fadden,State-controlled,Intersection - Cross,Operating traffic lights,60 km/h,Sealed - Dry,Clear,Daylight,Straight,Level,301.0,Veh'S Same Direction: Rear End,Rear-end,S,0,0,1,0,1,2,0,0,0,0,0,0
366907,Hospitalisation,2018,May,Tuesday,21,Angle,Multi-Vehicle,153.380877930935,-27.9767634849199,Olsen Av,Southport - Nerang Rd,Labrador - Carrara Road,Molendinar,Gold Coast City,4214,Southport,Gold Coast,South Eastern,SEQ South,South Coast,Molendinar,Southport,Gold Coast,Major Cities,Southport,Moncrieff,State-controlled,Intersection - Cross,Operating traffic lights,60 km/h,Sealed - Dry,Clear,Darkness - Lighted,Straight,Level,102.0,Veh'S Adjacent Approach: Right-Thru,Intersection from adjacent approaches,S,0,3,0,1,4,2,0,0,0,0,0,0
366908,Medical treatment,2018,May,Wednesday,9,Rear-end,Multi-Vehicle,153.391249929894,-27.9760354859701,Southport - Nerang Rd,Wardoo St,Southport - Nerang Road,Southport,Gold Coast City,4215,Southport,Gold Coast,South Eastern,SEQ South,South Coast,Southport - South,Southport,Gold Coast,Major Cities,Southport,Moncrieff,State-controlled,Intersection - Cross,Operating traffic lights,60 km/h,Sealed - Dry,Clear,Daylight,Curved - view open,Level,404.0,Veh'S Manoeuvring: Reversing,Hit parked vehicle,S,0,0,1,1,2,2,0,0,0,0,0,0
366909,Minor injury,2018,May,Thursday,10,Hit parked vehicle,Single Vehicle,153.413111928023,-27.9719964881655,Garden St,Unknown,,Southport,Gold Coast City,4215,Southport,Gold Coast,South Eastern,SEQ South,South Coast,Southport - North,Southport,Gold Coast,Major Cities,Southport,Moncrieff,Locally-controlled,No Roadway Feature,No traffic control,0 - 50 km/h,Sealed - Dry,Clear,Daylight,Straight,Grade,703.0,Off Path-Straight: Left Off Cway Hit Obj,Off carriageway on straight hit object,S,0,0,0,2,2,3,0,0,0,0,0,0
366910,Hospitalisation,2018,May,Thursday,9,Hit pedestrian,Hit pedestrian,153.412643928275,-27.9704471881056,Garden St,Unknown,,Southport,Gold Coast City,4215,Southport,Gold Coast,South Eastern,SEQ South,South Coast,Southport - North,Southport,Gold Coast,Major Cities,Southport,Moncrieff,Locally-controlled,No Roadway Feature,Pedestrian operated lights,0 - 50 km/h,Sealed - Dry,Clear,Daylight,Straight,Level,1.0,Ped'N: Near Side Vehicle Hit From Right,Pedestrian,S,0,1,0,0,1,1,0,0,0,0,1,0
366911,Minor injury,2018,May,Friday,8,Fall from vehicle,Single Vehicle,153.395080931232,-27.9624334862534,Kumbari Ave,Unknown,,Southport,Gold Coast City,4215,Southport,Gold Coast,South Eastern,SEQ South,South Coast,Southport - North,Southport,Gold Coast,Major Cities,Southport,Moncrieff,Locally-controlled,No Roadway Feature,No traffic control,60 km/h,Sealed - Dry,Clear,Daylight,Straight,Dip,400.0,Veh'S Manoeuvring: Other,Other,,0,0,0,1,1,1,0,0,0,1,0,0
366912,Hospitalisation,2018,May,Friday,14,Hit object,Single Vehicle,153.378762934691,-27.9494604844901,Napper Rd,Unknown,,Arundel,Gold Coast City,4214,Southport,Gold Coast,South Eastern,SEQ South,South Coast,Arundel,Gold Coast - North,Gold Coast,Major Cities,Bonney,Fadden,Locally-controlled,No Roadway Feature,No traffic control,70 km/h,Sealed - Dry,Clear,Daylight,Straight,Level,703.0,Off Path-Straight: Left Off Cway Hit Obj,Off carriageway on straight hit object,E,0,1,0,0,1,1,1,0,0,0,0,0
366913,Medical treatment,2018,May,Friday,23,Angle,Multi-Vehicle,153.40838993196,-27.9455314874764,Frank St,Whiting St,Gold Coast Highway (Helensvale - Southport),Labrador,Gold Coast City,4215,Southport,Gold Coast,South Eastern,SEQ South,South Coast,Labrador,Gold Coast - North,Gold Coast,Major Cities,Bonney,Fadden,State-controlled,Intersection - Cross,Operating traffic lights,60 km/h,Sealed - Dry,Clear,Darkness - Lighted,Straight,Level,907.0,Pass & Misc: Vehicle Movements Not Known,Other,S,0,0,1,0,1,2,0,0,0,0,0,0
366914,Hospitalisation,2018,May,Sunday,17,Angle,Multi-Vehicle,153.387725935183,-27.938062485313,Blanford St,Olsen Av,Labrador - Carrara Road,Arundel,Gold Coast City,4214,Southport,Gold Coast,South Eastern,SEQ South,South Coast,Arundel,Gold Coast - North,Gold Coast,Major Cities,Bonney,Fadden,State-controlled,Intersection - T-Junction,Give way sign,70 km/h,Sealed - Dry,Clear,Darkness - Not lighted,Curved - view open,Grade,107.0,Veh'S Adjacent Approach: Thru-Left,Intersection from adjacent approaches,N,0,1,0,0,1,1,1,0,0,0,0,0
366915,Hospitalisation,2018,May,Monday,1,Hit object,Single Vehicle,153.408766931642,-27.9476714875316,Frank St,Unknown,Gold Coast Highway (Helensvale - Southport),Labrador,Gold Coast City,4215,Southport,Gold Coast,South Eastern,SEQ South,South Coast,Labrador,Gold Coast - North,Gold Coast,Major Cities,Bonney,Fadden,State-controlled,No Roadway Feature,No traffic control,60 km/h,Sealed - Dry,Clear,Darkness - Lighted,Straight,Level,703.0,Off Path-Straight: Left Off Cway Hit Obj,Off carriageway on straight hit object,S,0,1,0,0,1,1,0,0,0,0,0,0
366916,Minor injury,2018,May,Monday,14,Rear-end,Multi-Vehicle,153.40838993196,-27.9455314874764,Frank St,Whiting St,Gold Coast Highway (Helensvale - Southport),Labrador,Gold Coast City,4215,Southport,Gold Coast,South Eastern,SEQ South,South Coast,Labrador,Gold Coast - North,Gold Coast,Major Cities,Bonney,Fadden,State-controlled,Intersection - Cross,Operating traffic lights,60 km/h,Sealed - Dry,Clear,Daylight,Straight,Grade,302.0,Veh'S Same Direction: Left Rear,Rear-end,S,0,0,0,1,1,2,0,0,0,0,0,0
366917,Medical treatment,2018,May,Tuesday,11,Angle,Multi-Vehicle,153.381922933911,-27.9528304848382,Napper Rd,Nina Pde,,Arundel,Gold Coast City,4214,Southport,Gold Coast,South Eastern,SEQ South,South Coast,Arundel,Gold Coast - North,Gold Coast,Major Cities,Bonney,Fadden,Locally-controlled,Intersection - T-Junction,Give way sign,70 km/h,Sealed - Dry,Clear,Daylight,Straight,Grade,408.0,Veh'S Manoeuvring: Entering From Footway,Vehicle leaving driveway,E,0,0,1,0,1,1,0,0,0,1,0,0
366918,Hospitalisation,2018,May,Tuesday,12,Rear-end,Multi-Vehicle,153.385686934185,-27.9475204851797,Olsen Av,Unknown,Labrador - Carrara Road,Arundel,Gold Coast City,4214,Southport,Gold Coast,South Eastern,SEQ South,South Coast,Arundel,Gold Coast - North,Gold Coast,Major Cities,Bonney,Fadden,State-controlled,No Roadway Feature,No traffic control,70 km/h,Sealed - Dry,Clear,Daylight,Straight,Level,301.0,Veh'S Same Direction: Rear End,Rear-end,N,0,1,0,0,1,4,0,0,0,0,0,0
366919,Minor injury,2018,May,Tuesday,20,Rear-end,Multi-Vehicle,153.376240932857,-27.9658074843619,Olsen Av,Smith St On Ramp,Labrador - Carrara Road,Molendinar,Gold Coast City,4214,Southport,Gold Coast,South Eastern,SEQ South,South Coast,Molendinar,Southport,Gold Coast,Major Cities,Southport,Moncrieff,State-controlled,Intersection - Interchange,Operating traffic lights,60 km/h,Sealed - Dry,Clear,Darkness - Lighted,Curved - view open,Level,302.0,Veh'S Same Direction: Left Rear,Rear-end,W,0,0,0,1,1,2,0,0,0,0,0,0
366920,Medical treatment,2018,May,Tuesday,21,Rear-end,Multi-Vehicle,153.410997927374,-27.9788034880035,Ferry Rd,Harvest Ct,Southport - Burleigh Road,Southport,Gold Coast City,4215,Southport,Gold Coast,South Eastern,SEQ South,South Coast,Southport - South,Southport,Gold Coast,Major Cities,Southport,Moncrieff,State-controlled,Intersection - Cross,Operating traffic lights,60 km/h,Sealed - Dry,Clear,Darkness - Lighted,Straight,Level,301.0,Veh'S Same Direction: Rear End,Rear-end,S,0,0,1,0,1,2,0,0,0,0,0,0
366921,Medical treatment,2018,May,Tuesday,10,Rear-end,Multi-Vehicle,153.380877930935,-27.9767634849199,Currumburra Rd,Olsen Av,Labrador - Carrara Road,Molendinar,Gold Coast City,4214,Southport,Gold Coast,South Eastern,SEQ South,South Coast,Molendinar,Southport,Gold Coast,Major Cities,Southport,Moncrieff,State-controlled,Intersection - Cross,Operating traffic lights,60 km/h,Sealed - Dry,Clear,Daylight,Curved - view open,Grade,301.0,Veh'S Same Direction: Rear End,Rear-end,N,0,0,1,0,1,2,0,0,0,0,0,0
366922,Medical treatment,2018,May,Wednesday,7,Rear-end,Multi-Vehicle,153.413769924645,-27.9975634884333,Slatyer Ave,Unknown,Southport - Burleigh Road,Southport,Gold Coast City,4215,Southport,Gold Coast,South Eastern,SEQ South,South Coast,Bundall,Surfers Paradise,Gold Coast,Major Cities,Southport,Moncrieff,State-controlled,No Roadway Feature,No traffic control,60 km/h,Sealed - Dry,Clear,Daylight,Straight,Level,301.0,Veh'S Same Direction: Rear End,Rear-end,E,0,0,2,0,2,2,0,0,0,0,0,0
366923,Minor injury,2018,May,Thursday,14,Rear-end,Multi-Vehicle,153.365395931558,-27.9850642834097,Ashmore Rd,Southport - Nerang Rd,Southport - Nerang Road,Molendinar,Gold Coast City,4214,Southport,Gold Coast,South Eastern,SEQ South,South Coast,Molendinar,Southport,Gold Coast,Major Cities,Southport,Moncrieff,State-controlled,Intersection - T-Junction,No traffic control,60 km/h,Sealed - Dry,Clear,Daylight,Straight,Level,302.0,Veh'S Same Direction: Left Rear,Rear-end,S,0,0,0,1,1,1,0,0,1,0,0,0
366924,Minor injury,2018,May,Monday,15,Angle,Multi-Vehicle,153.41329392789,-27.9728734881909,Garden St,Queen St,,Southport,Gold Coast City,4215,Southport,Gold Coast,South Eastern,SEQ South,South Coast,Southport - South,Southport,Gold Coast,Major Cities,Southport,Moncrieff,State-controlled,Intersection - Cross,Operating traffic lights,60 km/h,Sealed - Dry,Clear,Daylight,Straight,Grade,104.0,Veh'S Adjacent Approach: Thru-Right,Intersection from adjacent approaches,E,0,0,0,1,1,2,0,0,0,0,0,0
366925,Medical treatment,2018,May,Monday,13,Rear-end,Multi-Vehicle,153.393362930262,-27.9713954861488,Binstead Dr,Wardoo St,,Southport,Gold Coast City,4215,Southport,Gold Coast,South Eastern,SEQ South,South Coast,Southport - North,Southport,Gold Coast,Major Cities,Southport,Moncrieff,Locally-controlled,Intersection - T-Junction,No traffic control,60 km/h,Sealed - Dry,Clear,Darkness - Lighted,Curved - view open,Level,302.0,Veh'S Same Direction: Left Rear,Rear-end,W,0,0,1,1,2,2,0,0,0,0,0,0
366926,Minor injury,2018,May,Wednesday,11,Angle,Multi-Vehicle,153.395177932094,-27.9556724862102,Kumbari Ave,Musgrave Ave,,Southport,Gold Coast City,4215,Southport,Gold Coast,South Eastern,SEQ South,South Coast,Southport - North,Southport,Gold Coast,Major Cities,Bonney,Moncrieff,Locally-controlled,Intersection - Cross,Operating traffic lights,60 km/h,Sealed - Wet,Clear,Daylight,Straight,Grade,202.0,Veh'S Opposite Approach: Thru-Right,Opposing vehicles turning,N,0,0,0,1,1,2,0,0,0,0,0,0
366927,Minor injury,2018,June,Friday,17,Rear-end,Multi-Vehicle,153.410086928654,-27.969676487839,High St,Nerang St,Southport - Burleigh Road,Southport,Gold Coast City,4215,Southport,Gold Coast,South Eastern,SEQ South,South Coast,Southport - North,Southport,Gold Coast,Major Cities,Southport,Moncrieff,State-controlled,Intersection - Cross,Operating traffic lights,0 - 50 km/h,Sealed - Dry,Clear,Daylight,Straight,Level,303.0,Veh'S Same Direction: Right Rear,Rear-end,E,0,0,0,1,1,2,0,0,0,0,0,0
366928,Minor injury,2018,June,Sunday,11,Rear-end,Multi-Vehicle,153.393925930377,-27.9700284861954,Queen St,Wardoo St,Gold Coast Light Rail (Parklands - Broadbeach),Southport,Gold Coast City,4215,Southport,Gold Coast,South Eastern,SEQ South,South Coast,Southport - North,Southport,Gold Coast,Major Cities,Southport,Moncrieff,State-controlled,Intersection - Cross,Operating traffic lights,60 km/h,Sealed - Dry,Clear,Daylight,Straight,Level,302.0,Veh'S Same Direction: Left Rear,Rear-end,S,0,0,0,1,1,2,0,0,0,0,0,0
366929,Medical treatment,2018,June,Wednesday,19,Angle,Multi-Vehicle,153.391249929894,-27.9760354859701,Southport - Nerang Rd,Wardoo St,Southport - Nerang Road,Southport,Gold Coast City,4215,Southport,Gold Coast,South Eastern,SEQ South,South Coast,Southport - South,Southport,Gold Coast,Major Cities,Southport,Moncrieff,State-controlled,Intersection - Cross,Operating traffic lights,60 km/h,Sealed - Dry,Clear,Darkness - Lighted,Curved - view open,Level,102.0,Veh'S Adjacent Approach: Right-Thru,Intersection from adjacent approaches,S,0,0,1,0,1,2,0,0,0,0,0,0
366930,Hospitalisation,2018,June,Monday,17,Angle,Multi-Vehicle,153.412337925895,-27.989111988221,Ferry Rd,Unknown,Southport - Burleigh Road,Southport,Gold Coast City,4215,Southport,Gold Coast,South Eastern,SEQ South,South Coast,Southport - South,Southport,Gold Coast,Major Cities,Southport,Moncrieff,State-controlled,No Roadway Feature,No traffic control,60 km/h,Sealed - Dry,Clear,Darkness - Lighted,Straight,Level,400.0,Veh'S Manoeuvring: Other,Other,S,0,1,0,0,1,1,0,0,0,1,0,0
366931,Minor injury,2018,June,Tuesday,18,Rear-end,Multi-Vehicle,153.378672928294,-27.9990764848707,Ashmore Rd,Currumburra Rd,Labrador - Carrara Road,Ashmore,Gold Coast City,4214,Southport,Gold Coast,South Eastern,SEQ South,South Coast,Ashmore,Southport,Gold Coast,Major Cities,Southport,Moncrieff,State-controlled,Intersection - Cross,Operating traffic lights,60 km/h,Sealed - Dry,Clear,Darkness - Lighted,Curved - view open,Level,301.0,Veh'S Same Direction: Rear End,Rear-end,S,0,0,0,1,1,2,0,0,0,0,0,0
366932,Medical treatment,2018,June,Wednesday,17,Rear-end,Multi-Vehicle,153.413317929242,-27.962392488111,Marine Pde,Unknown,,Southport,Gold Coast City,4215,Southport,Gold Coast,South Eastern,SEQ South,South Coast,Southport - North,Southport,Gold Coast,Major Cities,Southport,Moncrieff,Locally-controlled,No Roadway Feature,No traffic control,60 km/h,Sealed - Dry,Clear,Dawn/Dusk,Straight,Level,301.0,Veh'S Same Direction: Rear End,Rear-end,N,0,0,1,0,1,4,0,0,0,0,0,0
366933,Medical treatment,2018,June,Wednesday,10,Angle,Multi-Vehicle,153.378656930651,-27.9808424847259,Cran St,Unknown,,Ashmore,Gold Coast City,4214,Southport,Gold Coast,South Eastern,SEQ South,South Coast,Ashmore,Southport,Gold Coast,Major Cities,Southport,Moncrieff,Locally-controlled,No Roadway Feature,No traffic control,0 - 50 km/h,Sealed - Dry,Clear,Daylight,Straight,Level,308.0,Veh'S Same Direction: Right Turn S/Swipe,Parallel lanes turning,S,0,0,1,0,1,2,0,0,0,0,0,0
366934,Hospitalisation,2018,June,Friday,14,Hit parked vehicle,Single Vehicle,153.384028935679,-27.937347684931,Ivan St,Unknown,,Arundel,Gold Coast City,4214,Southport,Gold Coast,South Eastern,SEQ South,South Coast,Arundel,Gold Coast - North,Gold Coast,Major Cities,Bonney,Fadden,Locally-controlled,No Roadway Feature,No traffic control,0 - 50 km/h,Sealed - Dry,Clear,Daylight,Straight,Level,0.0,Ped'N: Hit Other,Other,W,0,2,0,0,2,2,0,0,0,0,1,0
366935,Hospitalisation,2018,June,Tuesday,18,Angle,Multi-Vehicle,153.392764927079,-27.9965334862854,Benowa Rd,Heeb St,,Ashmore,Gold Coast City,4214,Broadbeach,Gold Coast,South Eastern,SEQ South,South Coast,Ashmore,Southport,Gold Coast,Major Cities,Southport,Moncrieff,Locally-controlled,Intersection - Cross,Operating traffic lights,60 km/h,Sealed - Dry,Clear,Darkness - Lighted,Straight,Level,202.0,Veh'S Opposite Approach: Thru-Right,Opposing vehicles turning,N,0,1,1,0,2,2,0,0,0,0,0,0
366936,Medical treatment,2018,June,Tuesday,15,Rear-end,Multi-Vehicle,153.364810931571,-27.9854644833533,Southport - Nerang Rd,Unknown,Southport - Nerang Road,Ashmore,Gold Coast City,4214,Southport,Gold Coast,South Eastern,SEQ South,South Coast,Ashmore,Southport,Gold Coast,Major Cities,Southport,Moncrieff,State-controlled,Intersection - T-Junction,No traffic control,60 km/h,Sealed - Dry,Clear,Daylight,Straight,Grade,302.0,Veh'S Same Direction: Left Rear,Rear-end,W,0,0,2,0,2,2,0,0,0,0,0,0
366937,Medical treatment,2018,June,Wednesday,0,Angle,Multi-Vehicle,153.38136293324,-27.9585024848258,Hollows Wy,Hospital Blvd,,Southport,Gold Coast City,4215,Southport,Gold Coast,South Eastern,SEQ South,South Coast,Southport - North,Southport,Gold Coast,Major Cities,Bonney,Moncrieff,Locally-controlled,Intersection - Cross,Operating traffic lights,0 - 50 km/h,Sealed - Dry,Clear,Darkness - Lighted,Straight,Level,104.0,Veh'S Adjacent Approach: Thru-Right,Intersection from adjacent approaches,N,0,0,1,0,1,2,0,0,0,0,0,0
366938,Minor injury,2018,June,Friday,15,Rear-end,Multi-Vehicle,153.416388160358,-27.9666327754573,Marine Pde,Unknown,,Southport,Gold Coast City,4215,Southport,Gold Coast,South Eastern,SEQ South,South Coast,Southport - North,Southport,Gold Coast,Major Cities,Southport,Moncrieff,Locally-controlled,No Roadway Feature,No traffic control,70 km/h,Sealed - Dry,Clear,Daylight,Straight,Level,301.0,Veh'S Same Direction: Rear End,Rear-end,,0,0,0,2,2,3,0,0,0,0,0,0
366939,Medical treatment,2018,June,Wednesday,14,Rear-end,Multi-Vehicle,153.397742966405,-27.9356075063137,Brisbane Rd,Unknown,Gold Coast Highway (Helensvale - Southport),Labrador,Gold Coast City,4215,Runaway Bay,Gold Coast,South Eastern,SEQ South,South Coast,Labrador,Gold Coast - North,Gold Coast,Major Cities,Bonney,Fadden,State-controlled,No Roadway Feature,No traffic control,60 km/h,Sealed - Wet,Raining,Daylight,Straight,Level,301.0,Veh'S Same Direction: Rear End,Rear-end,W,0,0,1,0,1,2,0,0,0,0,0,0
366940,Medical treatment,2018,June,Thursday,8,Rear-end,Multi-Vehicle,153.383550932144,-27.9651344851006,Smith St,Unknown,Smith Street Connection,Southport,Gold Coast City,4222,Southport,Gold Coast,South Eastern,SEQ South,South Coast,Southport - North,Southport,Gold Coast,Major Cities,Bonney,Moncrieff,State-controlled,No Roadway Feature,No traffic control,80 - 90 km/h,Sealed - Wet,Clear,Daylight,Straight,Level,301.0,Veh'S Same Direction: Rear End,Rear-end,E,0,0,1,1,2,5,0,0,0,0,0,0
366941,Minor injury,2018,June,Thursday,10,Rear-end,Multi-Vehicle,153.375086937404,-27.9315494839753,Brisbane Rd,Unknown,Gold Coast Highway (Helensvale - Southport),Arundel,Gold Coast City,4214,Runaway Bay,Gold Coast,South Eastern,SEQ South,South Coast,Biggera Waters,Gold Coast - North,Gold Coast,Major Cities,Bonney,Fadden,State-controlled,No Roadway Feature,No traffic control,70 km/h,Sealed - Wet,Raining,Daylight,Straight,Level,301.0,Veh'S Same Direction: Rear End,Rear-end,W,0,0,0,1,1,2,0,0,0,0,0,0
366942,Medical treatment,2018,June,Saturday,9,Angle,Multi-Vehicle,153.404086933576,-27.9366624869682,Brisbane Rd,Turpin Rd,Gold Coast Highway (Helensvale - Southport),Labrador,Gold Coast City,4215,Runaway Bay,Gold Coast,South Eastern,SEQ South,South Coast,Labrador,Gold Coast - North,Gold Coast,Major Cities,Bonney,Fadden,State-controlled,Intersection - T-Junction,Operating traffic lights,60 km/h,Sealed - Dry,Clear,Daylight,Straight,Level,202.0,Veh'S Opposite Approach: Thru-Right,Opposing vehicles turning,E,0,0,1,0,1,1,0,1,0,0,0,0
366943,Medical treatment,2018,July,Sunday,7,Rear-end,Multi-Vehicle,153.358787935203,-27.9624284825598,Smith St,Smith St,Smith Street Connection,Molendinar,Gold Coast City,4214,Southport,Gold Coast,South Eastern,SEQ South,South Coast,Molendinar,Southport,Gold Coast,Major Cities,Southport,Fadden,State-controlled,Intersection - Interchange,No traffic control,80 - 90 km/h,Sealed - Dry,Clear,Daylight,Straight,Grade,301.0,Veh'S Same Direction: Rear End,Rear-end,W,0,0,1,0,1,2,0,0,0,0,0,0
366944,Hospitalisation,2018,July,Monday,17,Rear-end,Multi-Vehicle,153.370812935987,-27.9461594836552,Captain Cook Dr,Unknown,,Arundel,Gold Coast City,4214,Southport,Gold Coast,South Eastern,SEQ South,South Coast,Arundel,Gold Coast - North,Gold Coast,Major Cities,Bonney,Fadden,Locally-controlled,No Roadway Feature,No traffic control,60 km/h,Sealed - Dry,Clear,Dawn/Dusk,Straight,Level,301.0,Veh'S Same Direction: Rear End,Rear-end,S,0,1,1,0,2,1,0,1,0,0,0,0
366945,Medical treatment,2018,July,Tuesday,15,Angle,Multi-Vehicle,153.403506932085,-27.9486994870037,Central St,Harris St,,Labrador,Gold Coast City,4215,Southport,Gold Coast,South Eastern,SEQ South,South Coast,Labrador,Gold Coast - North,Gold Coast,Major Cities,Bonney,Fadden,Locally-controlled,Intersection - Cross,Stop sign,60 km/h,Sealed - Dry,Clear,Daylight,Straight,Crest,101.0,Veh'S Adjacent Approach: Thru-Thru,Intersection from adjacent approaches,E,0,0,3,0,3,2,0,0,0,0,0,0
366946,Medical treatment,2018,July,Wednesday,9,Angle,Multi-Vehicle,153.41329392789,-27.9728734881909,Garden St,Queen St,,Southport,Gold Coast City,4215,Southport,Gold Coast,South Eastern,SEQ South,South Coast,Southport - South,Southport,Gold Coast,Major Cities,Southport,Moncrieff,State-controlled,Intersection - Cross,Operating traffic lights,0 - 50 km/h,Sealed - Dry,Clear,Daylight,Straight,Grade,101.0,Veh'S Adjacent Approach: Thru-Thru,Intersection from adjacent approaches,N,0,0,1,0,1,2,0,0,0,0,0,0