Crash_Ref_Number,Crash_Severity,Crash_Year,Crash_Month,Crash_Day_Of_Week,Crash_Hour,Crash_Nature,Crash_Type,Crash_Longitude,Crash_Latitude,Crash_Street,Crash_Street_Intersecting,State_Road_Name,Loc_Suburb,Loc_Local_Government_Area,Loc_Post_Code,Loc_Police_Division,Loc_Police_District,Loc_Police_Region,Loc_Queensland_Transport_Region,Loc_Main_Roads_Region,Loc_ABS_Statistical_Area_2,Loc_ABS_Statistical_Area_3,Loc_ABS_Statistical_Area_4,Loc_ABS_Remoteness,Loc_State_Electorate,Loc_Federal_Electorate,Crash_Controlling_Authority,Crash_Roadway_Feature,Crash_Traffic_Control,Crash_Speed_Limit,Crash_Road_Surface_Condition,Crash_Atmospheric_Condition,Crash_Lighting_Condition,Crash_Road_Horiz_Align,Crash_Road_Vert_Align,Crash_DCA_Code,Crash_DCA_Description,Crash_DCA_Group_Description,DCA_Key_Approach_Dir,Count_Casualty_Fatality,Count_Casualty_Hospitalised,Count_Casualty_MedicallyTreated,Count_Casualty_MinorInjury,Count_Casualty_Total,Count_Unit_Car,Count_Unit_Motorcycle_Moped,Count_Unit_Truck,Count_Unit_Bus,Count_Unit_Bicycle,Count_Unit_Pedestrian,Count_Unit_Other
366947,Medical treatment,2018,July,Friday,22,Hit object,Single Vehicle,153.392917928856,-27.9826504861919,Wardoo St,Unknown,,Southport,Gold Coast City,4215,Southport,Gold Coast,South Eastern,SEQ South,South Coast,Southport - South,Southport,Gold Coast,Major Cities,Southport,Moncrieff,Locally-controlled,No Roadway Feature,No traffic control,60 km/h,Sealed - Wet,Raining,Darkness - Lighted,Curved - view open,Level,808.0,Off Path-Curve: Mounts Traffic Island,Off carriageway on curve hit object,N,0,0,1,0,1,1,0,0,0,0,0,0
366948,Minor injury,2018,July,Monday,6,Rear-end,Multi-Vehicle,153.388444930097,-27.9768414856908,Bailey Cres,Southport - Nerang Rd,Southport - Nerang Road,Ashmore,Gold Coast City,4214,Southport,Gold Coast,South Eastern,SEQ South,South Coast,Ashmore,Southport,Gold Coast,Major Cities,Southport,Moncrieff,State-controlled,Intersection - Roundabout,Give way sign,60 km/h,Sealed - Dry,Clear,Daylight,Straight,Level,302.0,Veh'S Same Direction: Left Rear,Rear-end,W,0,0,0,1,1,2,0,0,0,0,0,0
366949,Medical treatment,2018,July,Tuesday,15,Rear-end,Multi-Vehicle,153.382381929519,-27.986448485149,Cotlew St,Currumburra Rd,Labrador - Carrara Road,Ashmore,Gold Coast City,4214,Southport,Gold Coast,South Eastern,SEQ South,South Coast,Ashmore,Southport,Gold Coast,Major Cities,Southport,Moncrieff,State-controlled,Intersection - Roundabout,Give way sign,0 - 50 km/h,Sealed - Dry,Clear,Daylight,Straight,Level,301.0,Veh'S Same Direction: Rear End,Rear-end,W,0,0,1,0,1,2,0,0,0,0,0,0
366950,Hospitalisation,2018,July,Wednesday,11,Sideswipe,Multi-Vehicle,153.411487927392,-27.9782514880491,Egerton St,Ferry Rd,Southport - Burleigh Road,Southport,Gold Coast City,4215,Southport,Gold Coast,South Eastern,SEQ South,South Coast,Southport - South,Southport,Gold Coast,Major Cities,Southport,Moncrieff,State-controlled,Intersection - T-Junction,No traffic control,60 km/h,Sealed - Dry,Clear,Daylight,Straight,Level,401.0,Veh'S Manoeuvring: Leaving Parking,Vehicle leaving driveway,S,0,1,0,0,1,1,1,0,0,0,0,0
366951,Minor injury,2018,July,Wednesday,18,Rear-end,Multi-Vehicle,153.410070929719,-27.9614494877727,North St,Scarborough St,Smith Street Connection,Southport,Gold Coast City,4215,Southport,Gold Coast,South Eastern,SEQ South,South Coast,Southport - North,Southport,Gold Coast,Major Cities,Southport,Moncrieff,State-controlled,Intersection - Cross,Operating traffic lights,60 km/h,Sealed - Dry,Clear,Darkness - Lighted,Straight,Level,303.0,Veh'S Same Direction: Right Rear,Rear-end,N,0,0,0,2,2,2,0,0,0,0,0,0
366952,Medical treatment,2018,July,Thursday,0,Hit object,Single Vehicle,153.40029192626,-27.9964898870516,Slatyer Ave,Unknown,,Southport,Gold Coast City,4215,Southport,Gold Coast,South Eastern,SEQ South,South Coast,Southport - South,Southport,Gold Coast,Major Cities,Southport,Moncrieff,Locally-controlled,No Roadway Feature,No traffic control,60 km/h,Sealed - Wet,Raining,Darkness - Lighted,Straight,Level,201.0,Veh'S Opposite Approach: Head On,Head-on,N,0,0,2,0,2,1,1,0,0,0,0,0
366953,Hospitalisation,2018,July,Thursday,7,Rear-end,Multi-Vehicle,153.400158147001,-27.9754012608724,Southport - Nerang Rd,Unknown,Southport - Burleigh Road,Southport,Gold Coast City,4215,Southport,Gold Coast,South Eastern,SEQ South,South Coast,Southport - South,Southport,Gold Coast,Major Cities,Southport,Moncrieff,State-controlled,Intersection - T-Junction,No traffic control,60 km/h,Sealed - Wet,Raining,Daylight,Straight,Dip,301.0,Veh'S Same Direction: Rear End,Rear-end,E,0,1,0,0,1,3,0,0,0,0,0,0
366954,Medical treatment,2018,July,Sunday,11,Rear-end,Multi-Vehicle,153.386064485945,-27.9335685771085,Brisbane Rd,Unknown,Gold Coast Highway (Helensvale - Southport),Arundel,Gold Coast City,4214,Runaway Bay,Gold Coast,South Eastern,SEQ South,South Coast,Arundel,Gold Coast - North,Gold Coast,Major Cities,Bonney,Fadden,State-controlled,No Roadway Feature,No traffic control,60 km/h,Sealed - Dry,Clear,Daylight,Straight,Level,301.0,Veh'S Same Direction: Rear End,Rear-end,W,0,0,1,0,1,2,0,0,0,0,0,0
366955,Hospitalisation,2018,July,Monday,2,Hit object,Single Vehicle,153.395066929498,-27.9758604863574,Southport - Nerang Rd,Unknown,Southport - Nerang Road,Southport,Gold Coast City,4215,Southport,Gold Coast,South Eastern,SEQ South,South Coast,Southport - South,Southport,Gold Coast,Major Cities,Southport,Moncrieff,State-controlled,No Roadway Feature,No traffic control,70 km/h,Sealed - Dry,Clear,Darkness - Lighted,Straight,Level,703.0,Off Path-Straight: Left Off Cway Hit Obj,Off carriageway on straight hit object,E,0,1,0,0,1,1,0,0,0,0,0,0
366956,Medical treatment,2018,July,Tuesday,8,Angle,Multi-Vehicle,153.399674927183,-27.9898714869368,Benowa Rd,Cotlew St,,Southport,Gold Coast City,4215,Southport,Gold Coast,South Eastern,SEQ South,South Coast,Southport - South,Southport,Gold Coast,Major Cities,Southport,Moncrieff,Locally-controlled,Intersection - Roundabout,Give way sign,60 km/h,Sealed - Dry,Clear,Daylight,Straight,Grade,101.0,Veh'S Adjacent Approach: Thru-Thru,Intersection from adjacent approaches,W,0,0,1,0,1,1,1,0,0,0,0,0
366957,Hospitalisation,2018,July,Tuesday,13,Angle,Multi-Vehicle,153.360133933288,-27.9761244828042,Ashmore Rd,Distribution Ave,,Molendinar,Gold Coast City,4214,Southport,Gold Coast,South Eastern,SEQ South,South Coast,Molendinar,Southport,Gold Coast,Major Cities,Southport,Moncrieff,Locally-controlled,Intersection - T-Junction,Stop sign,0 - 50 km/h,Sealed - Dry,Clear,Daylight,Straight,Grade,104.0,Veh'S Adjacent Approach: Thru-Right,Intersection from adjacent approaches,W,0,1,0,0,1,2,0,0,0,0,0,0
366958,Medical treatment,2018,July,Tuesday,14,Rear-end,Multi-Vehicle,153.364041931645,-27.9855414832757,Southport - Nerang Rd,Unknown,Southport - Nerang Road,Molendinar,Gold Coast City,4214,Southport,Gold Coast,South Eastern,SEQ South,South Coast,Molendinar,Southport,Gold Coast,Major Cities,Southport,Moncrieff,State-controlled,No Roadway Feature,No traffic control,70 km/h,Sealed - Dry,Clear,Daylight,Straight,Level,301.0,Veh'S Same Direction: Rear End,Rear-end,N,0,0,1,0,1,2,0,0,0,0,0,0
366959,Medical treatment,2018,July,Tuesday,12,Rear-end,Multi-Vehicle,153.384582930574,-27.9764144852943,Southport - Nerang Rd,Unknown,Southport - Nerang Road,Southport,Gold Coast City,4215,Southport,Gold Coast,South Eastern,SEQ South,South Coast,Southport - North,Southport,Gold Coast,Major Cities,Southport,Moncrieff,State-controlled,Intersection - T-Junction,No traffic control,0 - 50 km/h,Sealed - Dry,Clear,Daylight,Straight,Level,302.0,Veh'S Same Direction: Left Rear,Rear-end,E,0,0,1,0,1,2,0,0,0,0,0,0
366960,Hospitalisation,2018,July,Wednesday,16,Rear-end,Multi-Vehicle,153.391628929989,-27.9749794860004,Wardoo St,Unknown,,Southport,Gold Coast City,4215,Southport,Gold Coast,South Eastern,SEQ South,South Coast,Southport - North,Southport,Gold Coast,Major Cities,Southport,Moncrieff,Locally-controlled,No Roadway Feature,No traffic control,70 km/h,Sealed - Dry,Clear,Daylight,Straight,Grade,301.0,Veh'S Same Direction: Rear End,Rear-end,S,0,1,0,0,1,2,0,0,0,0,0,0
366961,Medical treatment,2018,July,Thursday,10,Rear-end,Multi-Vehicle,153.364976931621,-27.984933483366,Ashmore Rd,Southport - Nerang Rd,Southport - Nerang Road,Molendinar,Gold Coast City,4214,Southport,Gold Coast,South Eastern,SEQ South,South Coast,Molendinar,Southport,Gold Coast,Major Cities,Southport,Moncrieff,State-controlled,Intersection - T-Junction,Give way sign,60 km/h,Sealed - Dry,Clear,Daylight,Curved - view open,Level,302.0,Veh'S Same Direction: Left Rear,Rear-end,N,0,0,1,0,1,2,0,0,0,0,0,0
366962,Medical treatment,2018,July,Thursday,19,Angle,Multi-Vehicle,153.41329392789,-27.9728734881909,Garden St,Queen St,,Southport,Gold Coast City,4215,Southport,Gold Coast,South Eastern,SEQ South,South Coast,Southport - South,Southport,Gold Coast,Major Cities,Southport,Moncrieff,State-controlled,Intersection - Cross,Operating traffic lights,60 km/h,Sealed - Dry,Clear,Darkness - Lighted,Straight,Level,202.0,Veh'S Opposite Approach: Thru-Right,Opposing vehicles turning,W,0,0,1,0,1,2,0,0,0,0,0,0
366963,Medical treatment,2018,July,Friday,15,Angle,Multi-Vehicle,153.390303935196,-27.9357774855575,Jacob Dr,Olsen Av,Labrador - Carrara Road,Labrador,Gold Coast City,4215,Southport,Gold Coast,South Eastern,SEQ South,South Coast,Labrador,Gold Coast - North,Gold Coast,Major Cities,Bonney,Fadden,State-controlled,Intersection - T-Junction,Give way sign,60 km/h,Sealed - Dry,Clear,Daylight,Curved - view open,Level,107.0,Veh'S Adjacent Approach: Thru-Left,Intersection from adjacent approaches,S,0,0,1,0,1,2,0,0,0,0,0,0
366964,Medical treatment,2018,July,Saturday,19,Hit parked vehicle,Single Vehicle,153.41090292995,-27.958964487838,Marine Pde,Unknown,Gold Coast Highway (Helensvale - Southport),Southport,Gold Coast City,4215,Southport,Gold Coast,South Eastern,SEQ South,South Coast,Southport - North,Southport,Gold Coast,Major Cities,Bonney,Moncrieff,State-controlled,No Roadway Feature,No traffic control,60 km/h,Sealed - Dry,Clear,Darkness - Lighted,Straight,Level,703.0,Off Path-Straight: Left Off Cway Hit Obj,Off carriageway on straight hit object,N,0,0,1,0,1,2,0,0,0,0,0,0
366965,Medical treatment,2018,July,Saturday,17,Angle,Multi-Vehicle,153.41329392789,-27.9728734881909,Garden St,Queen St,,Southport,Gold Coast City,4215,Southport,Gold Coast,South Eastern,SEQ South,South Coast,Southport - South,Southport,Gold Coast,Major Cities,Southport,Moncrieff,State-controlled,Intersection - Cross,Operating traffic lights,60 km/h,Sealed - Dry,Clear,Daylight,Straight,Level,202.0,Veh'S Opposite Approach: Thru-Right,Opposing vehicles turning,W,0,0,1,0,1,2,0,0,0,0,0,0
366966,Minor injury,2018,July,Sunday,20,Rear-end,Multi-Vehicle,153.419852927257,-27.9722204888543,Ada Bell Way,Gold Coast Hwy,Heart Of The City 1,Southport,Gold Coast City,4215,Southport,Gold Coast,South Eastern,SEQ South,South Coast,Southport - North,Southport,Gold Coast,Major Cities,Southport,Moncrieff,Locally-controlled,Intersection - T-Junction,Operating traffic lights,70 km/h,Sealed - Dry,Clear,Darkness - Lighted,Straight,Level,301.0,Veh'S Same Direction: Rear End,Rear-end,S,0,0,0,1,1,2,0,0,0,0,0,0
366967,Hospitalisation,2018,July,Sunday,19,Hit pedestrian,Hit pedestrian,153.408092930981,-27.9533604875076,Frank St,Robert St,Gold Coast Highway (Helensvale - Southport),Labrador,Gold Coast City,4215,Southport,Gold Coast,South Eastern,SEQ South,South Coast,Labrador,Gold Coast - North,Gold Coast,Major Cities,Bonney,Fadden,State-controlled,Intersection - Cross,Operating traffic lights,60 km/h,Sealed - Dry,Clear,Darkness - Lighted,Straight,Level,3.0,Ped'N: Far Side Vehicle Hit From Left,Pedestrian,W,0,1,0,0,1,1,0,0,0,0,1,0
366968,Medical treatment,2018,July,Sunday,17,Hit pedestrian,Hit pedestrian,153.359609933584,-27.9742784827364,Macquarie Ave,Unknown,,Molendinar,Gold Coast City,4214,Southport,Gold Coast,South Eastern,SEQ South,South Coast,Molendinar,Southport,Gold Coast,Major Cities,Southport,Moncrieff,Locally-controlled,No Roadway Feature,No traffic control,60 km/h,Sealed - Dry,Clear,Daylight,Straight,Level,7.0,Ped'N: Hit By Vehicle Enter/Leave D'Way,Pedestrian,S,0,0,1,0,1,1,0,0,0,0,1,0
366969,Hospitalisation,2018,July,Monday,1,Hit object,Single Vehicle,153.400809931421,-27.9561204867873,Musgrave Ave,Turpin Rd,,Labrador,Gold Coast City,4215,Southport,Gold Coast,South Eastern,SEQ South,South Coast,Labrador,Gold Coast - North,Gold Coast,Major Cities,Bonney,Fadden,Locally-controlled,Intersection - Cross,Operating traffic lights,60 km/h,Sealed - Wet,Raining,Darkness - Lighted,Straight,Level,703.0,Off Path-Straight: Left Off Cway Hit Obj,Off carriageway on straight hit object,W,0,1,0,0,1,1,0,0,0,0,0,0
366970,Hospitalisation,2018,July,Monday,15,Rear-end,Multi-Vehicle,153.400342933489,-27.940500486617,Broad St,Unknown,,Labrador,Gold Coast City,4215,Southport,Gold Coast,South Eastern,SEQ South,South Coast,Labrador,Gold Coast - North,Gold Coast,Major Cities,Bonney,Fadden,Locally-controlled,No Roadway Feature,No traffic control,0 - 50 km/h,Sealed - Dry,Clear,Daylight,Straight,Level,301.0,Veh'S Same Direction: Rear End,Rear-end,E,0,1,0,0,1,2,0,0,0,0,0,0
366971,Medical treatment,2018,July,Tuesday,17,Angle,Multi-Vehicle,153.409705929249,-27.9653934877665,Nind St,Rawlins St,,Southport,Gold Coast City,4215,Southport,Gold Coast,South Eastern,SEQ South,South Coast,Southport - North,Southport,Gold Coast,Major Cities,Southport,Moncrieff,Locally-controlled,Intersection - T-Junction,No traffic control,60 km/h,Sealed - Dry,Clear,Dawn/Dusk,Straight,Level,202.0,Veh'S Opposite Approach: Thru-Right,Opposing vehicles turning,N,0,0,1,0,1,1,1,0,0,0,0,0
366972,Medical treatment,2018,August,Wednesday,2,Hit object,Single Vehicle,153.408056932169,-27.944199487432,Frank St,Imperial Pde,Gold Coast Highway (Helensvale - Southport),Labrador,Gold Coast City,4215,Southport,Gold Coast,South Eastern,SEQ South,South Coast,Labrador,Gold Coast - North,Gold Coast,Major Cities,Bonney,Fadden,State-controlled,Intersection - T-Junction,No traffic control,60 km/h,Sealed - Dry,Clear,Darkness - Lighted,Curved - view open,Level,803.0,Off Path-Curve: Off Cway Rt Bend Hit Obj,Off carriageway on curve hit object,N,0,0,1,0,1,1,0,0,0,0,0,0
366973,Minor injury,2018,August,Wednesday,11,Sideswipe,Multi-Vehicle,153.408139932481,-27.9417154874209,Frank St,Marine Pde,Gold Coast Highway (Helensvale - Southport),Labrador,Gold Coast City,4215,Southport,Gold Coast,South Eastern,SEQ South,South Coast,Labrador,Gold Coast - North,Gold Coast,Major Cities,Bonney,Fadden,State-controlled,Intersection - Cross,Operating traffic lights,60 km/h,Sealed - Dry,Clear,Daylight,Straight,Level,308.0,Veh'S Same Direction: Right Turn S/Swipe,Parallel lanes turning,W,0,0,0,1,1,1,0,0,0,1,0,0
366974,Hospitalisation,2018,August,Thursday,11,Fall from vehicle,Single Vehicle,153.370964643352,-27.9741930078908,Panache St,Unknown,,Molendinar,Gold Coast City,4214,Southport,Gold Coast,South Eastern,SEQ South,South Coast,Molendinar,Southport,Gold Coast,Major Cities,Southport,Moncrieff,Locally-controlled,No Roadway Feature,No traffic control,0 - 50 km/h,Sealed - Dry,Clear,Daylight,Straight,Level,705.0,Off Path-Straight:Out Of Control On Cway,Out of control on straight,N,0,1,0,0,1,0,1,0,0,0,0,0
366975,Hospitalisation,2018,August,Thursday,22,Rear-end,Multi-Vehicle,153.412027474627,-27.9605082669647,Marine Pde,Unknown,Smith Street Connection,Southport,Gold Coast City,4215,Southport,Gold Coast,South Eastern,SEQ South,South Coast,Southport - North,Southport,Gold Coast,Major Cities,Southport,Moncrieff,State-controlled,No Roadway Feature,No traffic control,60 km/h,Sealed - Dry,Clear,Darkness - Lighted,Straight,Level,301.0,Veh'S Same Direction: Rear End,Rear-end,N,0,1,0,0,1,1,1,0,0,0,0,0
366976,Medical treatment,2018,August,Monday,12,Rear-end,Multi-Vehicle,153.390366935354,-27.9345014855539,Brisbane Rd,Olsen Av,Labrador - Carrara Road,Arundel,Gold Coast City,4214,Runaway Bay,Gold Coast,South Eastern,SEQ South,South Coast,Arundel,Gold Coast - North,Gold Coast,Major Cities,Bonney,Fadden,State-controlled,Intersection - Cross,Operating traffic lights,60 km/h,Sealed - Dry,Clear,Daylight,Straight,Level,301.0,Veh'S Same Direction: Rear End,Rear-end,N,0,0,1,0,1,2,0,0,0,0,0,0
366977,Hospitalisation,2018,August,Wednesday,19,Angle,Multi-Vehicle,153.347034938271,-27.9486074812562,Greenacre Dr,Napper Rd,,Parkwood,Gold Coast City,4214,Southport,Gold Coast,South Eastern,SEQ South,South Coast,Parkwood,Southport,Gold Coast,Major Cities,Bonney,Fadden,Locally-controlled,Intersection - Roundabout,Give way sign,60 km/h,Sealed - Dry,Clear,Darkness - Lighted,Curved - view open,Level,202.0,Veh'S Opposite Approach: Thru-Right,Opposing vehicles turning,E,0,1,0,0,1,0,1,0,0,0,0,0
366978,Medical treatment,2018,August,Wednesday,8,Sideswipe,Multi-Vehicle,153.411023927318,-27.9792144880094,Ferry Rd,Unknown,Southport - Burleigh Road,Southport,Gold Coast City,4215,Southport,Gold Coast,South Eastern,SEQ South,South Coast,Southport - South,Southport,Gold Coast,Major Cities,Southport,Moncrieff,State-controlled,No Roadway Feature,No traffic control,60 km/h,Sealed - Dry,Clear,Daylight,Straight,Level,305.0,Veh'S Same Direction: Lane Side Swipe,Lane changes,S,0,0,1,0,1,2,0,0,0,0,0,0
366979,Medical treatment,2018,August,Friday,14,Angle,Multi-Vehicle,153.407969929943,-27.961492487559,High St,Unknown,Smith Street Connection,Southport,Gold Coast City,4215,Southport,Gold Coast,South Eastern,SEQ South,South Coast,Southport - North,Southport,Gold Coast,Major Cities,Bonney,Moncrieff,State-controlled,No Roadway Feature,No traffic control,60 km/h,Sealed - Dry,Clear,Daylight,Straight,Level,400.0,Veh'S Manoeuvring: Other,Other,N,0,0,1,0,1,1,1,0,0,0,0,0
366980,Medical treatment,2018,August,Monday,10,Rear-end,Multi-Vehicle,153.361755939421,-27.9272034825848,Arundel Dr,Gold Coast Hwy,Gold Coast Highway (Helensvale - Southport),Arundel,Gold Coast City,4214,Runaway Bay,Gold Coast,South Eastern,SEQ South,South Coast,Arundel,Gold Coast - North,Gold Coast,Major Cities,Bonney,Fadden,State-controlled,Intersection - Cross,Operating traffic lights,60 km/h,Sealed - Dry,Clear,Daylight,Straight,Level,301.0,Veh'S Same Direction: Rear End,Rear-end,E,0,0,1,0,1,2,0,0,0,0,0,0
366981,Minor injury,2018,August,Monday,5,Rear-end,Multi-Vehicle,153.371016938003,-27.9303594835518,Brisbane Rd,Computer St,Gold Coast Highway (Helensvale - Southport),Arundel,Gold Coast City,4214,Runaway Bay,Gold Coast,South Eastern,SEQ South,South Coast,Coombabah,Gold Coast - North,Gold Coast,Major Cities,Bonney,Fadden,State-controlled,Intersection - T-Junction,Operating traffic lights,60 km/h,Sealed - Dry,Clear,Dawn/Dusk,Straight,Level,301.0,Veh'S Same Direction: Rear End,Rear-end,E,0,0,0,1,1,2,0,0,0,0,0,0
366982,Hospitalisation,2018,August,Wednesday,17,Angle,Multi-Vehicle,153.410935926931,-27.9822834880245,Ferry Rd,Winchester St,Southport - Burleigh Road,Southport,Gold Coast City,4215,Southport,Gold Coast,South Eastern,SEQ South,South Coast,Southport - South,Southport,Gold Coast,Major Cities,Southport,Moncrieff,State-controlled,Intersection - T-Junction,Operating traffic lights,60 km/h,Sealed - Dry,Clear,Daylight,Straight,Crest,202.0,Veh'S Opposite Approach: Thru-Right,Opposing vehicles turning,N,0,1,0,1,2,2,0,0,0,0,0,0
366983,Medical treatment,2018,August,Wednesday,14,Angle,Multi-Vehicle,153.377941933542,-27.959059484482,Wintergreen Dr,Unknown,,Parkwood,Gold Coast City,4214,Southport,Gold Coast,South Eastern,SEQ South,South Coast,Parkwood,Southport,Gold Coast,Major Cities,Bonney,Fadden,Locally-controlled,No Roadway Feature,No traffic control,60 km/h,Sealed - Dry,Clear,Daylight,Straight,Grade,406.0,Veh'S Manoeuvring: Leaving Driveway,Vehicle leaving driveway,E,0,0,1,2,3,2,0,0,0,0,0,0
366984,Medical treatment,2018,August,Saturday,11,Rear-end,Multi-Vehicle,153.370055931264,-27.9833924838706,Cotlew St,Southport - Nerang Rd,Southport - Nerang Road,Ashmore,Gold Coast City,4214,Southport,Gold Coast,South Eastern,SEQ South,South Coast,Ashmore,Southport,Gold Coast,Major Cities,Southport,Moncrieff,State-controlled,Intersection - T-Junction,No traffic control,60 km/h,Sealed - Dry,Clear,Daylight,Straight,Level,302.0,Veh'S Same Direction: Left Rear,Rear-end,W,0,0,1,0,1,2,0,0,0,0,0,0
366985,Hospitalisation,2018,August,Monday,20,Angle,Multi-Vehicle,153.41505092802,-27.9703784883504,Lawson St,Scarborough St,,Southport,Gold Coast City,4215,Southport,Gold Coast,South Eastern,SEQ South,South Coast,Southport - North,Southport,Gold Coast,Major Cities,Southport,Moncrieff,Locally-controlled,Intersection - Cross,Operating traffic lights,0 - 50 km/h,Sealed - Dry,Clear,Darkness - Lighted,Straight,Level,903.0,Pass & Misc: Hit Train,Train,E,0,1,0,1,2,1,0,0,0,0,0,1
366986,Hospitalisation,2018,August,Wednesday,15,Angle,Multi-Vehicle,153.407829929819,-27.9625764875532,High St,North St,Smith Street Connection,Southport,Gold Coast City,4215,Southport,Gold Coast,South Eastern,SEQ South,South Coast,Southport - North,Southport,Gold Coast,Major Cities,Bonney,Moncrieff,State-controlled,Intersection - Cross,Operating traffic lights,60 km/h,Sealed - Dry,Clear,Daylight,Straight,Level,202.0,Veh'S Opposite Approach: Thru-Right,Opposing vehicles turning,E,0,1,0,0,1,1,1,0,0,0,0,0
366987,Hospitalisation,2018,August,Friday,12,Angle,Multi-Vehicle,153.400981928972,-27.9749214869525,Minnie St,Nerang St,Southport - Nerang Road,Southport,Gold Coast City,4215,Southport,Gold Coast,South Eastern,SEQ South,South Coast,Southport - South,Southport,Gold Coast,Major Cities,Southport,Moncrieff,State-controlled,Intersection - Cross,Operating traffic lights,60 km/h,Sealed - Dry,Clear,Daylight,Straight,Level,202.0,Veh'S Opposite Approach: Thru-Right,Opposing vehicles turning,N,0,1,0,0,1,2,0,0,0,0,0,0
366988,Minor injury,2018,August,Saturday,21,Hit parked vehicle,Single Vehicle,153.404428926844,-27.9884644874101,Golden Cres,Unknown,,Southport,Gold Coast City,4215,Southport,Gold Coast,South Eastern,SEQ South,South Coast,Southport - South,Southport,Gold Coast,Major Cities,Southport,Moncrieff,Locally-controlled,No Roadway Feature,No traffic control,0 - 50 km/h,Sealed - Dry,Clear,Darkness - Lighted,Curved - view open,Crest,200.0,Veh'S Opposite Approach: Other,Other,N,0,0,0,2,2,2,0,0,0,0,0,0
366989,Hospitalisation,2018,August,Sunday,20,Angle,Multi-Vehicle,153.364650931801,-27.9838174833241,Ashmore Rd,Harper St,,Molendinar,Gold Coast City,4214,Southport,Gold Coast,South Eastern,SEQ South,South Coast,Molendinar,Southport,Gold Coast,Major Cities,Southport,Moncrieff,Locally-controlled,Intersection - Cross,Stop sign,70 km/h,Sealed - Wet,Clear,Darkness - Lighted,Straight,Dip,101.0,Veh'S Adjacent Approach: Thru-Thru,Intersection from adjacent approaches,N,0,1,0,0,1,2,0,0,0,0,0,0
366990,Hospitalisation,2018,August,Monday,16,Hit parked vehicle,Single Vehicle,153.346985669088,-27.9500713982627,Greenacre Dr,Unknown,,Parkwood,Gold Coast City,4214,Southport,Gold Coast,South Eastern,SEQ South,South Coast,Parkwood,Southport,Gold Coast,Major Cities,Bonney,Fadden,Locally-controlled,No Roadway Feature,No traffic control,0 - 50 km/h,Sealed - Dry,Clear,Daylight,Curved - view open,Level,803.0,Off Path-Curve: Off Cway Rt Bend Hit Obj,Off carriageway on curve hit object,N,0,1,0,0,1,2,0,0,0,0,0,0
366991,Hospitalisation,2018,August,Thursday,15,Rear-end,Multi-Vehicle,153.376480932976,-27.9646824843775,Smith St,Smith St Connection Rd,Smith Street Connection,Southport,Gold Coast City,4222,Southport,Gold Coast,South Eastern,SEQ South,South Coast,Southport - North,Southport,Gold Coast,Major Cities,Bonney,Fadden,State-controlled,Intersection - Interchange,No traffic control,80 - 90 km/h,Sealed - Dry,Clear,Daylight,Straight,Level,301.0,Veh'S Same Direction: Rear End,Rear-end,W,0,3,0,1,4,4,0,0,0,0,0,0
366992,Medical treatment,2018,August,Thursday,15,Hit parked vehicle,Single Vehicle,153.411261929851,-27.9594234878782,Marine Pde,Unknown,Gold Coast Highway (Helensvale - Southport),Southport,Gold Coast City,4215,Southport,Gold Coast,South Eastern,SEQ South,South Coast,Southport - North,Southport,Gold Coast,Major Cities,Bonney,Moncrieff,State-controlled,No Roadway Feature,No traffic control,60 km/h,Sealed - Dry,Clear,Daylight,Straight,Level,703.0,Off Path-Straight: Left Off Cway Hit Obj,Off carriageway on straight hit object,W,0,0,1,0,1,2,0,0,0,0,0,0
366993,Medical treatment,2018,August,Friday,21,Hit object,Single Vehicle,153.346471937927,-27.9517494812236,Napper Rd,Smith St,Smith Street Connection,Arundel,Gold Coast City,4214,Southport,Gold Coast,South Eastern,SEQ South,South Coast,Parkwood,Southport,Gold Coast,Major Cities,Bonney,Fadden,State-controlled,Intersection - T-Junction,Operating traffic lights,60 km/h,Sealed - Dry,Clear,Darkness - Lighted,Curved - view open,Level,808.0,Off Path-Curve: Mounts Traffic Island,Off carriageway on curve hit object,W,0,0,1,0,1,1,0,0,0,0,0,0