Crash_Ref_Number,Crash_Severity,Crash_Year,Crash_Month,Crash_Day_Of_Week,Crash_Hour,Crash_Nature,Crash_Type,Crash_Longitude,Crash_Latitude,Crash_Street,Crash_Street_Intersecting,State_Road_Name,Loc_Suburb,Loc_Local_Government_Area,Loc_Post_Code,Loc_Police_Division,Loc_Police_District,Loc_Police_Region,Loc_Queensland_Transport_Region,Loc_Main_Roads_Region,Loc_ABS_Statistical_Area_2,Loc_ABS_Statistical_Area_3,Loc_ABS_Statistical_Area_4,Loc_ABS_Remoteness,Loc_State_Electorate,Loc_Federal_Electorate,Crash_Controlling_Authority,Crash_Roadway_Feature,Crash_Traffic_Control,Crash_Speed_Limit,Crash_Road_Surface_Condition,Crash_Atmospheric_Condition,Crash_Lighting_Condition,Crash_Road_Horiz_Align,Crash_Road_Vert_Align,Crash_DCA_Code,Crash_DCA_Description,Crash_DCA_Group_Description,DCA_Key_Approach_Dir,Count_Casualty_Fatality,Count_Casualty_Hospitalised,Count_Casualty_MedicallyTreated,Count_Casualty_MinorInjury,Count_Casualty_Total,Count_Unit_Car,Count_Unit_Motorcycle_Moped,Count_Unit_Truck,Count_Unit_Bus,Count_Unit_Bicycle,Count_Unit_Pedestrian,Count_Unit_Other
366994,Medical treatment,2018,January,Friday,6,Rear-end,Multi-Vehicle,153.097434006262,-27.629141453491,Railway Pde,Unknown,,Woodridge,Logan City,4114,Logan Central,Logan,South Eastern,SEQ South,South Coast,Woodridge,Springwood - Kingston,Logan - Beaudesert,Major Cities,Woodridge,Rankin,Locally-controlled,No Roadway Feature,No traffic control,60 km/h,Sealed - Dry,Clear,Dawn/Dusk,Curved - view open,Level,301.0,Veh'S Same Direction: Rear End,Rear-end,N,0,0,1,0,1,2,0,0,0,0,0,0
366995,Hospitalisation,2018,January,Saturday,11,Rear-end,Multi-Vehicle,153.107663003675,-27.6408194546131,Ewing Rd,Wembley Rd,Springwood Connection Road,Logan Central,Logan City,4114,Logan Central,Logan,South Eastern,SEQ South,South Coast,Logan Central,Springwood - Kingston,Logan - Beaudesert,Major Cities,Woodridge,Rankin,State-controlled,Intersection - T-Junction,Give way sign,60 km/h,Sealed - Dry,Clear,Daylight,Curved - view open,Level,302.0,Veh'S Same Direction: Left Rear,Rear-end,E,0,1,0,0,1,2,0,0,0,0,0,0
366996,Hospitalisation,2018,January,Saturday,17,Angle,Multi-Vehicle,153.112401006947,-27.6110144548552,Curban St,Kingston Rd,Brisbane - Beenleigh Road,Underwood,Logan City,4119,Logan Central,Logan,South Eastern,SEQ South,South Coast,Underwood,Springwood - Kingston,Logan - Beaudesert,Major Cities,Waterford,Rankin,State-controlled,Intersection - T-Junction,Operating traffic lights,70 km/h,Sealed - Dry,Clear,Daylight,Straight,Level,207.0,Veh'S Opposite Approach: U-Turn,U-turn,N,0,1,0,0,1,1,1,0,0,0,0,0
366997,Hospitalisation,2018,January,Sunday,23,Hit object,Single Vehicle,153.112794663501,-27.6378221171063,Toolooma St,Unknown,,Logan Central,Logan City,4114,Logan Central,Logan,South Eastern,SEQ South,South Coast,Logan Central,Springwood - Kingston,Logan - Beaudesert,Major Cities,Woodridge,Rankin,Locally-controlled,No Roadway Feature,No traffic control,0 - 50 km/h,Sealed - Dry,Raining,Darkness - Lighted,Straight,Level,703.0,Off Path-Straight: Left Off Cway Hit Obj,Off carriageway on straight hit object,S,0,1,0,1,2,1,0,0,0,0,0,0
366998,Minor injury,2018,January,Sunday,13,Angle,Multi-Vehicle,153.098604003287,-27.6515854537858,Ashton St,Bardon Rd,,Berrinba,Logan City,4117,Logan Central,Logan,South Eastern,SEQ South,South Coast,Logan Central,Springwood - Kingston,Logan - Beaudesert,Major Cities,Woodridge,Rankin,Locally-controlled,Intersection - T-Junction,No traffic control,60 km/h,Sealed - Dry,Clear,Daylight,Straight,Level,104.0,Veh'S Adjacent Approach: Thru-Right,Intersection from adjacent approaches,S,0,0,0,2,2,2,0,0,0,0,0,0
366999,Hospitalisation,2018,January,Monday,5,Angle,Multi-Vehicle,153.117650000133,-27.6601994557719,Juers St,Kingston Rd,Brisbane - Beenleigh Road,Kingston,Logan City,4114,Logan Central,Logan,South Eastern,SEQ South,South Coast,Kingston (qld.),Springwood - Kingston,Logan - Beaudesert,Major Cities,Woodridge,Rankin,State-controlled,Intersection - Cross,Operating traffic lights,60 km/h,Sealed - Dry,Clear,Darkness - Lighted,Straight,Level,104.0,Veh'S Adjacent Approach: Thru-Right,Intersection from adjacent approaches,N,0,1,0,1,2,2,0,0,0,0,0,0
367000,Medical treatment,2018,January,Monday,16,Rear-end,Multi-Vehicle,153.137167000676,-27.6393254575743,Pacific Hwy Service Rd,Paradise Rd,Springwood Connection Road,Slacks Creek,Logan City,4127,Springwood,Logan,South Eastern,SEQ South,South Coast,Slacks Creek,Springwood - Kingston,Logan - Beaudesert,Major Cities,Waterford,Rankin,State-controlled,Intersection - T-Junction,Give way sign,60 km/h,Sealed - Dry,Clear,Daylight,Curved - view obscured,Level,302.0,Veh'S Same Direction: Left Rear,Rear-end,W,0,0,2,0,2,2,0,0,0,0,0,0
367001,Minor injury,2018,January,Wednesday,11,Rear-end,Multi-Vehicle,153.121943482878,-27.6742838103156,Kingston Rd,Monash Rd,Brisbane - Beenleigh Road,Loganlea,Logan City,4131,Logan Central,Logan,South Eastern,SEQ South,South Coast,Loganlea,Loganlea - Carbrook,Logan - Beaudesert,Major Cities,Waterford,Forde,State-controlled,Intersection - Cross,Operating traffic lights,70 km/h,Sealed - Dry,Clear,Daylight,Straight,Level,301.0,Veh'S Same Direction: Rear End,Rear-end,S,0,0,0,2,2,2,0,0,0,0,0,0
367002,Medical treatment,2018,January,Wednesday,16,Rear-end,Multi-Vehicle,153.111787007307,-27.608699454775,Logan Rd,Unknown,Brisbane - Beenleigh Road,Underwood,Logan City,4119,Logan Central,Logan,South Eastern,SEQ South,South Coast,Underwood,Springwood - Kingston,Logan - Beaudesert,Major Cities,Waterford,Rankin,State-controlled,No Roadway Feature,No traffic control,60 km/h,Sealed - Dry,Clear,Daylight,Curved - view open,Level,302.0,Veh'S Same Direction: Left Rear,Rear-end,N,0,0,1,0,1,3,0,0,0,0,0,0
367003,Hospitalisation,2018,February,Wednesday,11,Hit object,Single Vehicle,153.124341000916,-27.6483484563527,King St,Unknown,,Slacks Creek,Logan City,4127,Logan Central,Logan,South Eastern,SEQ South,South Coast,Slacks Creek,Springwood - Kingston,Logan - Beaudesert,Major Cities,Waterford,Rankin,Locally-controlled,No Roadway Feature,No traffic control,0 - 50 km/h,Sealed - Dry,Clear,Daylight,Straight,Grade,703.0,Off Path-Straight: Left Off Cway Hit Obj,Off carriageway on straight hit object,N,0,1,0,0,1,1,0,0,0,0,0,0
367004,Hospitalisation,2018,February,Wednesday,19,Angle,Multi-Vehicle,153.112657006792,-27.6120134548888,Brookvale Dr,Ferguson St,Brisbane - Beenleigh Road,Underwood,Logan City,4119,Logan Central,Logan,South Eastern,SEQ South,South Coast,Underwood,Springwood - Kingston,Logan - Beaudesert,Major Cities,Waterford,Rankin,State-controlled,Intersection - Cross,Operating traffic lights,70 km/h,Sealed - Dry,Clear,Darkness - Lighted,Straight,Level,202.0,Veh'S Opposite Approach: Thru-Right,Opposing vehicles turning,S,0,2,0,0,2,2,0,0,0,0,0,0
367005,Hospitalisation,2018,February,Thursday,14,Rear-end,Multi-Vehicle,153.10527600387,-27.6413113543766,Railway Pde,Wembley Rd,Springwood Connection Road,Logan Central,Logan City,4114,Logan Central,Logan,South Eastern,SEQ South,South Coast,Logan Central,Springwood - Kingston,Logan - Beaudesert,Major Cities,Woodridge,Rankin,State-controlled,Intersection - T-Junction,Give way sign,60 km/h,Sealed - Dry,Clear,Daylight,Straight,Level,302.0,Veh'S Same Direction: Left Rear,Rear-end,N,0,1,0,0,1,2,0,0,0,0,0,0
367006,Hospitalisation,2018,February,Friday,21,Hit pedestrian,Hit pedestrian,153.11230000449,-27.6304544549984,Madison St,Unknown,,Woodridge,Logan City,4114,Logan Central,Logan,South Eastern,SEQ South,South Coast,Woodridge,Springwood - Kingston,Logan - Beaudesert,Major Cities,Woodridge,Rankin,Locally-controlled,No Roadway Feature,No traffic control,0 - 50 km/h,Sealed - Dry,Clear,Darkness - Lighted,Straight,Level,4.0,Ped'N: Play; Work; Stand; Lie On C'Way,Pedestrian,S,0,1,0,0,1,1,0,0,0,0,1,0
367007,Minor injury,2018,February,Monday,5,Hit object,Single Vehicle,153.122908005644,-27.6123454559242,Pacific Hwy,Unknown,Pacific Highway (Pacific Motorway),Underwood,Logan City,4119,Springwood,Logan,South Eastern,SEQ South,South Coast,Springwood,Springwood - Kingston,Logan - Beaudesert,Major Cities,Waterford,Rankin,State-controlled,Intersection - Interchange,No traffic control,60 km/h,Sealed - Dry,Clear,Daylight,Straight,Level,703.0,Off Path-Straight: Left Off Cway Hit Obj,Off carriageway on straight hit object,N,0,0,0,1,1,1,0,0,0,0,0,0
367008,Medical treatment,2018,February,Monday,15,Rear-end,Multi-Vehicle,153.137625995658,-27.6783994579288,Loganlea Rd,Webb Rd,,Loganlea,Logan City,4131,Logan Central,Logan,South Eastern,SEQ South,South Coast,Loganlea,Loganlea - Carbrook,Logan - Beaudesert,Major Cities,Waterford,Forde,Locally-controlled,Intersection - Cross,Operating traffic lights,60 km/h,Sealed - Dry,Clear,Daylight,Straight,Level,302.0,Veh'S Same Direction: Left Rear,Rear-end,E,0,0,1,0,1,2,0,0,0,0,0,0
367009,Minor injury,2018,February,Tuesday,7,Rear-end,Multi-Vehicle,153.120530005495,-27.6155394557098,Baker St,Compton Rd,,Slacks Creek,Logan City,4127,Logan Central,Logan,South Eastern,SEQ South,South Coast,Slacks Creek,Springwood - Kingston,Logan - Beaudesert,Major Cities,Waterford,Rankin,Locally-controlled,Intersection - Cross,Operating traffic lights,60 km/h,Sealed - Dry,Clear,Daylight,Straight,Level,301.0,Veh'S Same Direction: Rear End,Rear-end,,0,0,0,1,1,1,0,1,0,0,0,0
367010,Minor injury,2018,February,Wednesday,9,Rear-end,Multi-Vehicle,153.114952000475,-27.659803855497,Juers St,Unknown,,Kingston,Logan City,4114,Logan Central,Logan,South Eastern,SEQ South,South Coast,Kingston (qld.),Springwood - Kingston,Logan - Beaudesert,Major Cities,Woodridge,Rankin,Locally-controlled,No Roadway Feature,No traffic control,60 km/h,Sealed - Dry,Clear,Daylight,Straight,Level,301.0,Veh'S Same Direction: Rear End,Rear-end,E,0,0,0,3,3,3,0,0,0,0,0,0
367011,Minor injury,2018,February,Thursday,11,Rear-end,Multi-Vehicle,153.118359004079,-27.6285384555936,Kingston Rd,Park Rd,Brisbane - Beenleigh Road,Woodridge,Logan City,4114,Logan Central,Logan,South Eastern,SEQ South,South Coast,Woodridge,Springwood - Kingston,Logan - Beaudesert,Major Cities,Woodridge,Rankin,State-controlled,Intersection - T-Junction,Operating traffic lights,0 - 50 km/h,Sealed - Dry,Clear,Daylight,Straight,Level,301.0,Veh'S Same Direction: Rear End,Rear-end,W,0,0,0,1,1,1,0,0,0,0,0,1
367012,Hospitalisation,2018,February,Friday,13,Head-on,Multi-Vehicle,153.099448005352,-27.6345954537368,Station Rd,Unknown,,Woodridge,Logan City,4114,Logan Central,Logan,South Eastern,SEQ South,South Coast,Woodridge,Springwood - Kingston,Logan - Beaudesert,Major Cities,Woodridge,Rankin,Locally-controlled,No Roadway Feature,No traffic control,60 km/h,Sealed - Dry,Clear,Daylight,Straight,Level,501.0,Veh'S Overtaking: Head On,Head-on,,0,1,0,1,2,2,0,0,0,0,0,0
367013,Medical treatment,2018,February,Friday,10,Rear-end,Multi-Vehicle,153.142603997804,-27.6572924582643,Loganlea Rd,Queens Rd,,Slacks Creek,Logan City,4127,Logan Central,Logan,South Eastern,SEQ South,South Coast,Kingston (qld.),Springwood - Kingston,Logan - Beaudesert,Major Cities,Waterford,Rankin,Locally-controlled,Intersection - T-Junction,Operating traffic lights,60 km/h,Sealed - Dry,Clear,Daylight,Curved - view open,Level,102.0,Veh'S Adjacent Approach: Right-Thru,Intersection from adjacent approaches,E,0,0,1,0,1,1,1,0,0,0,0,0
367014,Medical treatment,2018,February,Friday,10,Rear-end,Multi-Vehicle,153.123519005208,-27.6152584560088,Pacific Hwy,South East Arterial Rd,Pacific Highway Connection Road,Underwood,Logan City,4119,Springwood,Logan,South Eastern,SEQ South,South Coast,Underwood,Springwood - Kingston,Logan - Beaudesert,Major Cities,Waterford,Rankin,State-controlled,Intersection - Interchange,Operating traffic lights,60 km/h,Sealed - Dry,Clear,Daylight,Curved - view open,Level,301.0,Veh'S Same Direction: Rear End,Rear-end,W,0,0,1,0,1,1,0,1,0,0,0,0
367015,Hospitalisation,2018,February,Saturday,10,Hit pedestrian,Hit pedestrian,153.104831004307,-27.6382464543076,Station Rd,Unknown,,Logan Central,Logan City,4114,Logan Central,Logan,South Eastern,SEQ South,South Coast,Logan Central,Springwood - Kingston,Logan - Beaudesert,Major Cities,Woodridge,Rankin,Locally-controlled,No Roadway Feature,No traffic control,0 - 50 km/h,Sealed - Dry,Clear,Daylight,Straight,Level,0.0,Ped'N: Hit Other,Other,W,0,1,0,0,1,1,0,0,0,0,1,0
367016,Hospitalisation,2018,February,Sunday,5,Hit object,Single Vehicle,153.100046296122,-27.6359036088074,Railway Pde,Unknown,,Woodridge,Logan City,4114,Logan Central,Logan,South Eastern,SEQ South,South Coast,Woodridge,Springwood - Kingston,Logan - Beaudesert,Major Cities,Woodridge,Rankin,Locally-controlled,No Roadway Feature,No traffic control,0 - 50 km/h,Sealed - Dry,Clear,Daylight,Straight,Level,703.0,Off Path-Straight: Left Off Cway Hit Obj,Off carriageway on straight hit object,N,0,2,0,0,2,0,0,0,0,0,0,1
367017,Medical treatment,2018,February,Sunday,11,Angle,Multi-Vehicle,153.13511399922,-27.6525254574715,Meakin Rd,Queens Rd,,Kingston,Logan City,4114,Logan Central,Logan,South Eastern,SEQ South,South Coast,Kingston (qld.),Springwood - Kingston,Logan - Beaudesert,Major Cities,Waterford,Rankin,Locally-controlled,Intersection - Cross,Stop sign,60 km/h,Sealed - Dry,Clear,Daylight,Straight,Level,101.0,Veh'S Adjacent Approach: Thru-Thru,Intersection from adjacent approaches,,0,0,1,0,1,2,0,0,0,0,0,0
367018,Medical treatment,2018,February,Monday,10,Angle,Multi-Vehicle,153.13511399922,-27.6525254574715,Meakin Rd,Queens Rd,,Kingston,Logan City,4114,Logan Central,Logan,South Eastern,SEQ South,South Coast,Kingston (qld.),Springwood - Kingston,Logan - Beaudesert,Major Cities,Waterford,Rankin,Locally-controlled,Intersection - Cross,No traffic control,60 km/h,Sealed - Dry,Clear,Daylight,Straight,Level,202.0,Veh'S Opposite Approach: Thru-Right,Opposing vehicles turning,W,0,0,1,0,1,2,0,0,0,0,0,0
367019,Medical treatment,2018,February,Friday,13,Rear-end,Multi-Vehicle,153.139640672823,-27.6675253080462,Loganlea Rd,Unknown,,Meadowbrook,Logan City,4131,Logan Central,Logan,South Eastern,SEQ South,South Coast,Loganlea,Loganlea - Carbrook,Logan - Beaudesert,Major Cities,Waterford,Forde,Locally-controlled,No Roadway Feature,No traffic control,60 km/h,Sealed - Dry,Raining,Daylight,Straight,Level,301.0,Veh'S Same Direction: Rear End,Rear-end,S,0,0,1,0,1,4,0,0,0,0,0,0
367020,Medical treatment,2018,February,Friday,9,Rear-end,Multi-Vehicle,153.119242999442,-27.6642774559646,Bega Rd,Kingston Rd,Brisbane - Beenleigh Road,Kingston,Logan City,4114,Logan Central,Logan,South Eastern,SEQ South,South Coast,Kingston (qld.),Springwood - Kingston,Logan - Beaudesert,Major Cities,Woodridge,Rankin,State-controlled,Intersection - Roundabout,Give way sign,70 km/h,Sealed - Wet,Raining,Daylight,Curved - view open,Grade,301.0,Veh'S Same Direction: Rear End,Rear-end,N,0,0,1,0,1,2,0,0,0,0,0,0
367021,Hospitalisation,2018,February,Sunday,8,Hit object,Single Vehicle,153.117172397507,-27.6576642317038,Kingston Rd,Unknown,Brisbane - Beenleigh Road,Kingston,Logan City,4114,Logan Central,Logan,South Eastern,SEQ South,South Coast,Kingston (qld.),Springwood - Kingston,Logan - Beaudesert,Major Cities,Woodridge,Rankin,State-controlled,No Roadway Feature,No traffic control,60 km/h,Sealed - Wet,Clear,Daylight,Straight,Level,704.0,Off Path-Straight:Right Off Cway Hit Obj,Off carriageway on straight hit object,N,0,1,0,0,1,1,0,0,0,0,0,0
367022,Medical treatment,2018,February,Monday,17,Hit pedestrian,Hit pedestrian,153.122878000245,-27.6548714562567,Adelaide St,Clare Rd,,Kingston,Logan City,4114,Logan Central,Logan,South Eastern,SEQ South,South Coast,Kingston (qld.),Springwood - Kingston,Logan - Beaudesert,Major Cities,Waterford,Rankin,Locally-controlled,Intersection - T-Junction,No traffic control,60 km/h,Sealed - Dry,Clear,Daylight,Straight,Level,6.0,Ped'N: Hit Facing Traffic,Pedestrian,E,0,0,1,0,1,1,0,0,0,0,1,0
367023,Hospitalisation,2018,February,Monday,19,Hit pedestrian,Hit pedestrian,153.124112002941,-27.6326024562054,Reserve Rd,Unknown,,Slacks Creek,Logan City,4127,Springwood,Logan,South Eastern,SEQ South,South Coast,Slacks Creek,Springwood - Kingston,Logan - Beaudesert,Major Cities,Waterford,Rankin,Locally-controlled,No Roadway Feature,No traffic control,0 - 50 km/h,Sealed - Dry,Raining,Darkness - Lighted,Straight,Level,2.0,Ped'N: Hit Emerging Behind Vehicle,Pedestrian,E,0,1,0,0,1,1,0,0,0,0,1,0
367024,Medical treatment,2018,February,Wednesday,16,Rear-end,Multi-Vehicle,153.104364008338,-27.6068894540132,Beenleigh Rd,Unknown,,Underwood,Logan City,4119,Logan Central,Logan,South Eastern,SEQ South,South Coast,Underwood,Springwood - Kingston,Logan - Beaudesert,Major Cities,Waterford,Rankin,Locally-controlled,No Roadway Feature,No traffic control,60 km/h,Sealed - Dry,Clear,Daylight,Straight,Grade,301.0,Veh'S Same Direction: Rear End,Rear-end,N,0,0,1,0,1,2,0,0,0,0,0,0
367025,Minor injury,2018,March,Thursday,16,Rear-end,Multi-Vehicle,153.115678005422,-27.620238455258,Compton Rd,Kingston Rd,Brisbane - Beenleigh Road,Underwood,Logan City,4119,Logan Central,Logan,South Eastern,SEQ South,South Coast,Underwood,Springwood - Kingston,Logan - Beaudesert,Major Cities,Woodridge,Rankin,State-controlled,No Roadway Feature,No traffic control,60 km/h,Sealed - Dry,Clear,Daylight,Straight,Level,301.0,Veh'S Same Direction: Rear End,Rear-end,N,0,0,0,2,2,2,0,0,0,0,0,0
367026,Hospitalisation,2018,March,Monday,15,Angle,Multi-Vehicle,153.103270008417,-27.6071954539054,Beenleigh Rd,Millers Rd,,Underwood,Logan City,4119,Logan Central,Logan,South Eastern,SEQ South,South Coast,Underwood,Springwood - Kingston,Logan - Beaudesert,Major Cities,Waterford,Rankin,Locally-controlled,Intersection - Cross,Operating traffic lights,60 km/h,Sealed - Dry,Clear,Daylight,Straight,Level,202.0,Veh'S Opposite Approach: Thru-Right,Opposing vehicles turning,W,0,1,1,0,2,2,0,0,0,0,0,0
367027,Medical treatment,2018,March,Tuesday,8,Rear-end,Multi-Vehicle,153.128101001596,-27.6397944566641,Paradise Rd,Unknown,Springwood Connection Road,Slacks Creek,Logan City,4127,Springwood,Logan,South Eastern,SEQ South,South Coast,Slacks Creek,Springwood - Kingston,Logan - Beaudesert,Major Cities,Waterford,Rankin,State-controlled,No Roadway Feature,No traffic control,0 - 50 km/h,Sealed - Wet,Raining,Daylight,Straight,Level,301.0,Veh'S Same Direction: Rear End,Rear-end,E,0,0,1,0,1,1,0,1,0,0,0,0
367028,Minor injury,2018,March,Tuesday,11,Angle,Multi-Vehicle,153.115520001904,-27.6480694554617,Alice St,Unknown,,Kingston,Logan City,4114,Logan Central,Logan,South Eastern,SEQ South,South Coast,Kingston (qld.),Springwood - Kingston,Logan - Beaudesert,Major Cities,Woodridge,Rankin,Locally-controlled,No Roadway Feature,No traffic control,0 - 50 km/h,Sealed - Dry,Clear,Daylight,Straight,Level,406.0,Veh'S Manoeuvring: Leaving Driveway,Vehicle leaving driveway,E,0,0,0,1,1,2,0,0,0,0,0,0
367029,Minor injury,2018,March,Thursday,9,Hit pedestrian,Hit pedestrian,153.107595003809,-27.6398164545983,Carmody St,Ewing Rd,,Logan Central,Logan City,4114,Logan Central,Logan,South Eastern,SEQ South,South Coast,Logan Central,Springwood - Kingston,Logan - Beaudesert,Major Cities,Woodridge,Rankin,Locally-controlled,Intersection - T-Junction,Operating traffic lights,60 km/h,Sealed - Dry,Clear,Daylight,Straight,Level,1.0,Ped'N: Near Side Vehicle Hit From Right,Pedestrian,N,0,0,0,1,1,1,0,0,0,0,1,0
367030,Minor injury,2018,March,Thursday,12,Rear-end,Multi-Vehicle,153.139651996823,-27.6675126580472,Loganlea Rd,Unknown,,Meadowbrook,Logan City,4131,Logan Central,Logan,South Eastern,SEQ South,South Coast,Loganlea,Loganlea - Carbrook,Logan - Beaudesert,Major Cities,Waterford,Forde,Locally-controlled,No Roadway Feature,No traffic control,60 km/h,Sealed - Dry,Clear,Daylight,Straight,Level,301.0,Veh'S Same Direction: Rear End,Rear-end,S,0,0,0,1,1,2,0,0,0,0,0,0
367031,Medical treatment,2018,March,Saturday,9,Angle,Multi-Vehicle,153.107474003685,-27.6408944545947,Ewing Rd,Wembley Rd,Springwood Connection Road,Logan Central,Logan City,4114,Logan Central,Logan,South Eastern,SEQ South,South Coast,Logan Central,Springwood - Kingston,Logan - Beaudesert,Major Cities,Woodridge,Rankin,State-controlled,Intersection - T-Junction,Operating traffic lights,60 km/h,Sealed - Dry,Clear,Daylight,Curved - view open,Dip,202.0,Veh'S Opposite Approach: Thru-Right,Opposing vehicles turning,W,0,0,2,0,2,2,0,0,0,0,0,0
367032,Minor injury,2018,March,Saturday,10,Head-on,Multi-Vehicle,153.118075004616,-27.6245490555335,Moss St,Unknown,,Slacks Creek,Logan City,4127,Springwood,Logan,South Eastern,SEQ South,South Coast,Slacks Creek,Springwood - Kingston,Logan - Beaudesert,Major Cities,Waterford,Rankin,Locally-controlled,No Roadway Feature,No traffic control,0 - 50 km/h,Sealed - Wet,Raining,Daylight,Straight,Grade,501.0,Veh'S Overtaking: Head On,Head-on,E,0,0,0,1,1,2,0,0,0,0,0,0
367033,Hospitalisation,2018,March,Saturday,16,Angle,Multi-Vehicle,153.115480002662,-27.6421364554109,Springwood Connection Rd,Wembley Rd,Springwood Connection Road,Logan Central,Logan City,4114,Logan Central,Logan,South Eastern,SEQ South,South Coast,Logan Central,Springwood - Kingston,Logan - Beaudesert,Major Cities,Woodridge,Rankin,State-controlled,No Roadway Feature,Operating traffic lights,60 km/h,Sealed - Dry,Clear,Daylight,Straight,Level,406.0,Veh'S Manoeuvring: Leaving Driveway,Vehicle leaving driveway,W,0,1,0,0,1,2,0,0,1,0,0,0
367034,Minor injury,2018,March,Sunday,11,Rear-end,Multi-Vehicle,153.115804005406,-27.6202604552709,Compton Rd,Kingston Rd,Brisbane - Beenleigh Road,Underwood,Logan City,4119,Logan Central,Logan,South Eastern,SEQ South,South Coast,Underwood,Springwood - Kingston,Logan - Beaudesert,Major Cities,Woodridge,Rankin,State-controlled,Intersection - Cross,Operating traffic lights,60 km/h,Sealed - Wet,Raining,Daylight,Straight,Grade,301.0,Veh'S Same Direction: Rear End,Rear-end,E,0,0,0,1,1,2,0,0,0,0,0,0
367035,Hospitalisation,2018,March,Monday,8,Hit pedestrian,Hit pedestrian,153.099697005204,-27.6355494537694,Railway Pde,Unknown,,Woodridge,Logan City,4114,Logan Central,Logan,South Eastern,SEQ South,South Coast,Woodridge,Springwood - Kingston,Logan - Beaudesert,Major Cities,Woodridge,Rankin,Locally-controlled,No Roadway Feature,No traffic control,60 km/h,Sealed - Dry,Clear,Daylight,Straight,Level,3.0,Ped'N: Far Side Vehicle Hit From Left,Pedestrian,W,0,1,0,0,1,1,0,0,0,0,2,0
367036,Hospitalisation,2018,March,Monday,15,Angle,Multi-Vehicle,153.107595003809,-27.6398164545983,Carmody St,Ewing Rd,,Logan Central,Logan City,4114,Logan Central,Logan,South Eastern,SEQ South,South Coast,Logan Central,Springwood - Kingston,Logan - Beaudesert,Major Cities,Woodridge,Rankin,Locally-controlled,Intersection - T-Junction,Operating traffic lights,60 km/h,Sealed - Dry,Clear,Daylight,Straight,Level,408.0,Veh'S Manoeuvring: Entering From Footway,Vehicle leaving driveway,N,0,1,0,0,1,1,0,0,0,1,0,0
367037,Hospitalisation,2018,March,Tuesday,1,Rear-end,Multi-Vehicle,153.123206004438,-27.6215854560272,Moss St,Unknown,,Slacks Creek,Logan City,4127,Springwood,Logan,South Eastern,SEQ South,South Coast,Slacks Creek,Springwood - Kingston,Logan - Beaudesert,Major Cities,Waterford,Rankin,Locally-controlled,No Roadway Feature,No traffic control,0 - 50 km/h,Sealed - Dry,Clear,Daylight,Straight,Level,302.0,Veh'S Same Direction: Left Rear,Rear-end,S,0,1,0,0,1,0,1,1,0,0,0,0
367038,Medical treatment,2018,March,Thursday,15,Rear-end,Multi-Vehicle,153.111924003109,-27.6416424550487,Wembley Rd,Wilbur St,Springwood Connection Road,Logan Central,Logan City,4114,Logan Central,Logan,South Eastern,SEQ South,South Coast,Logan Central,Springwood - Kingston,Logan - Beaudesert,Major Cities,Woodridge,Rankin,State-controlled,Intersection - T-Junction,Operating traffic lights,60 km/h,Sealed - Dry,Clear,Daylight,Straight,Grade,301.0,Veh'S Same Direction: Rear End,Rear-end,E,0,0,1,0,1,2,0,0,0,0,0,0
367039,Hospitalisation,2018,March,Friday,6,Angle,Multi-Vehicle,153.139149997384,-27.6635277579652,Ellerslie Rd,Unknown,,Meadowbrook,Logan City,4131,Logan Central,Logan,South Eastern,SEQ South,South Coast,Loganlea,Loganlea - Carbrook,Logan - Beaudesert,Major Cities,Waterford,Rankin,Locally-controlled,No Roadway Feature,No traffic control,60 km/h,Sealed - Dry,Clear,Daylight,Straight,Level,408.0,Veh'S Manoeuvring: Entering From Footway,Vehicle leaving driveway,W,0,1,0,0,1,1,1,0,0,0,0,0
367040,Medical treatment,2018,March,Saturday,16,Sideswipe,Multi-Vehicle,153.118744002664,-27.6393464557177,Kingston Rd,Unknown,Brisbane - Beenleigh Road,Slacks Creek,Logan City,4127,Logan Central,Logan,South Eastern,SEQ South,South Coast,Logan Central,Springwood - Kingston,Logan - Beaudesert,Major Cities,Waterford,Rankin,State-controlled,No Roadway Feature,No traffic control,70 km/h,Sealed - Dry,Clear,Dawn/Dusk,Straight,Level,305.0,Veh'S Same Direction: Lane Side Swipe,Lane changes,S,0,0,1,0,1,2,0,0,0,0,0,0
367041,Hospitalisation,2018,March,Tuesday,16,Rear-end,Multi-Vehicle,153.107661003675,-27.6408204546129,Ewing Rd,Wembley Rd,Springwood Connection Road,Logan Central,Logan City,4114,Logan Central,Logan,South Eastern,SEQ South,South Coast,Logan Central,Springwood - Kingston,Logan - Beaudesert,Major Cities,Woodridge,Rankin,State-controlled,Intersection - T-Junction,Give way sign,60 km/h,Sealed - Dry,Clear,Daylight,Curved - view open,Dip,302.0,Veh'S Same Direction: Left Rear,Rear-end,E,0,1,0,0,1,1,1,0,0,0,0,0