Crash_Ref_Number,Crash_Severity,Crash_Year,Crash_Month,Crash_Day_Of_Week,Crash_Hour,Crash_Nature,Crash_Type,Crash_Longitude,Crash_Latitude,Crash_Street,Crash_Street_Intersecting,State_Road_Name,Loc_Suburb,Loc_Local_Government_Area,Loc_Post_Code,Loc_Police_Division,Loc_Police_District,Loc_Police_Region,Loc_Queensland_Transport_Region,Loc_Main_Roads_Region,Loc_ABS_Statistical_Area_2,Loc_ABS_Statistical_Area_3,Loc_ABS_Statistical_Area_4,Loc_ABS_Remoteness,Loc_State_Electorate,Loc_Federal_Electorate,Crash_Controlling_Authority,Crash_Roadway_Feature,Crash_Traffic_Control,Crash_Speed_Limit,Crash_Road_Surface_Condition,Crash_Atmospheric_Condition,Crash_Lighting_Condition,Crash_Road_Horiz_Align,Crash_Road_Vert_Align,Crash_DCA_Code,Crash_DCA_Description,Crash_DCA_Group_Description,DCA_Key_Approach_Dir,Count_Casualty_Fatality,Count_Casualty_Hospitalised,Count_Casualty_MedicallyTreated,Count_Casualty_MinorInjury,Count_Casualty_Total,Count_Unit_Car,Count_Unit_Motorcycle_Moped,Count_Unit_Truck,Count_Unit_Bus,Count_Unit_Bicycle,Count_Unit_Pedestrian,Count_Unit_Other
367090,Minor injury,2018,June,Wednesday,10,Angle,Multi-Vehicle,153.112904004952,-27.6263004550264,Monash St,Unknown,,Woodridge,Logan City,4114,Logan Central,Logan,South Eastern,SEQ South,South Coast,Woodridge,Springwood - Kingston,Logan - Beaudesert,Major Cities,Woodridge,Rankin,Locally-controlled,No Roadway Feature,No traffic control,0 - 50 km/h,Sealed - Dry,Clear,Daylight,Straight,Level,401.0,Veh'S Manoeuvring: Leaving Parking,Vehicle leaving driveway,W,0,0,0,1,1,2,1,0,0,0,0,0
367091,Hospitalisation,2018,June,Thursday,16,Angle,Multi-Vehicle,153.136998994573,-27.6874534579369,Loganlea Rd,Short St,,Loganlea,Logan City,4131,Logan Central,Logan,South Eastern,SEQ South,South Coast,Loganlea,Loganlea - Carbrook,Logan - Beaudesert,Major Cities,Waterford,Forde,Locally-controlled,Intersection - Cross,Operating traffic lights,0 - 50 km/h,Sealed - Wet,Fog,Dawn/Dusk,Straight,Level,202.0,Veh'S Opposite Approach: Thru-Right,Opposing vehicles turning,E,0,1,0,0,1,1,1,0,0,0,0,0
367092,Medical treatment,2018,June,Thursday,15,Angle,Multi-Vehicle,153.12643899802,-27.6693404567296,Station Rd,Unknown,,Loganlea,Logan City,4131,Logan Central,Logan,South Eastern,SEQ South,South Coast,Loganlea,Loganlea - Carbrook,Logan - Beaudesert,Major Cities,Waterford,Forde,Locally-controlled,No Roadway Feature,No traffic control,60 km/h,Sealed - Dry,Clear,Daylight,Straight,Level,408.0,Veh'S Manoeuvring: Entering From Footway,Vehicle leaving driveway,E,0,0,1,0,1,2,0,0,0,0,0,0
367093,Medical treatment,2018,June,Friday,9,Sideswipe,Multi-Vehicle,153.103208005435,-27.630743454085,North Rd,Unknown,,Woodridge,Logan City,4114,Logan Central,Logan,South Eastern,SEQ South,South Coast,Woodridge,Springwood - Kingston,Logan - Beaudesert,Major Cities,Woodridge,Rankin,Locally-controlled,No Roadway Feature,No traffic control,60 km/h,Sealed - Wet,Clear,Daylight,Straight,Grade,506.0,Veh'S Overtaking: Overtake-Right Turn,Overtaking same direction,N,0,0,1,1,2,2,0,0,0,0,0,0
367094,Hospitalisation,2018,June,Friday,16,Angle,Multi-Vehicle,153.137505996395,-27.6727014578717,Carnival St,East Carnival St,,Loganlea,Logan City,4131,Logan Central,Logan,South Eastern,SEQ South,South Coast,Loganlea,Loganlea - Carbrook,Logan - Beaudesert,Major Cities,Waterford,Forde,Locally-controlled,Intersection - T-Junction,No traffic control,60 km/h,Sealed - Dry,Clear,Daylight,Straight,Level,101.0,Veh'S Adjacent Approach: Thru-Thru,Intersection from adjacent approaches,,0,1,0,0,1,1,0,0,0,0,0,1
367095,Medical treatment,2018,June,Friday,12,Hit object,Single Vehicle,153.125574997422,-27.6747794566854,Jellicoe St,Monash Rd,,Loganlea,Logan City,4131,Logan Central,Logan,South Eastern,SEQ South,South Coast,Loganlea,Loganlea - Carbrook,Logan - Beaudesert,Major Cities,Waterford,Forde,Locally-controlled,Intersection - T-Junction,No traffic control,60 km/h,Sealed - Dry,Clear,Daylight,Straight,Level,703.0,Off Path-Straight: Left Off Cway Hit Obj,Off carriageway on straight hit object,S,0,0,1,0,1,2,0,0,0,0,0,0
367096,Medical treatment,2018,June,Monday,8,Rear-end,Multi-Vehicle,153.137634324648,-27.6391528446201,Pacific Hwy,Unknown,Pacific Highway (Pacific Motorway),Slacks Creek,Logan City,4127,Springwood,Logan,South Eastern,SEQ South,South Coast,Slacks Creek,Springwood - Kingston,Logan - Beaudesert,Major Cities,Waterford,Rankin,State-controlled,Intersection - Roundabout,Give way sign,60 km/h,Sealed - Dry,Clear,Daylight,Straight,Level,301.0,Veh'S Same Direction: Rear End,Rear-end,W,0,0,1,0,1,2,0,0,0,0,0,0
367097,Hospitalisation,2018,June,Thursday,19,Rear-end,Multi-Vehicle,153.116632004782,-27.6244684553875,Kingston Rd,Unknown,Brisbane - Beenleigh Road,Slacks Creek,Logan City,4127,Logan Central,Logan,South Eastern,SEQ South,South Coast,Slacks Creek,Springwood - Kingston,Logan - Beaudesert,Major Cities,Waterford,Rankin,State-controlled,No Roadway Feature,No traffic control,70 km/h,Sealed - Dry,Clear,Darkness - Lighted,Straight,Level,301.0,Veh'S Same Direction: Rear End,Rear-end,S,0,2,1,0,3,2,0,0,0,0,0,0
367098,Hospitalisation,2018,June,Friday,17,Hit pedestrian,Hit pedestrian,153.104265535447,-27.6376282702458,Croydon Rd,Unknown,,Logan Central,Logan City,4114,Logan Central,Logan,South Eastern,SEQ South,South Coast,Logan Central,Springwood - Kingston,Logan - Beaudesert,Major Cities,Woodridge,Rankin,Locally-controlled,No Roadway Feature,No traffic control,0 - 50 km/h,Sealed - Dry,Clear,Dawn/Dusk,Straight,Crest,0.0,Ped'N: Hit Other,Other,W,0,1,0,0,1,1,0,0,0,0,1,0
367099,Medical treatment,2018,June,Friday,8,Rear-end,Multi-Vehicle,153.132007997319,-27.6701184572971,Haig Rd,Station Rd,,Loganlea,Logan City,4131,Logan Central,Logan,South Eastern,SEQ South,South Coast,Loganlea,Loganlea - Carbrook,Logan - Beaudesert,Major Cities,Waterford,Forde,Locally-controlled,Intersection - T-Junction,No traffic control,60 km/h,Sealed - Dry,Clear,Daylight,Straight,Level,303.0,Veh'S Same Direction: Right Rear,Rear-end,,0,0,1,1,2,1,0,0,0,0,0,1
367100,Hospitalisation,2018,June,Saturday,7,Fall from vehicle,Single Vehicle,153.099466007461,-27.6179664536074,Compton Rd,Unknown,,Woodridge,Logan City,4114,Logan Central,Logan,South Eastern,SEQ South,South Coast,Woodridge,Springwood - Kingston,Logan - Beaudesert,Major Cities,Woodridge,Moreton,Locally-controlled,No Roadway Feature,No traffic control,70 km/h,Sealed - Dry,Clear,Daylight,Straight,Level,705.0,Off Path-Straight:Out Of Control On Cway,Out of control on straight,W,0,1,0,0,1,0,1,0,0,0,0,0
367101,Medical treatment,2018,June,Saturday,16,Angle,Multi-Vehicle,153.101249004104,-27.6428984539836,Lennox Ct,Wembley Rd,Springwood Connection Road,Logan Central,Logan City,4114,Logan Central,Logan,South Eastern,SEQ South,South Coast,Logan Central,Springwood - Kingston,Logan - Beaudesert,Major Cities,Woodridge,Rankin,State-controlled,Intersection - T-Junction,Operating traffic lights,60 km/h,Sealed - Dry,Clear,Dawn/Dusk,Straight,Level,104.0,Veh'S Adjacent Approach: Thru-Right,Intersection from adjacent approaches,W,0,0,1,0,1,2,0,0,0,0,0,0
367102,Hospitalisation,2018,June,Saturday,0,Rear-end,Multi-Vehicle,153.114506002805,-27.6418464553104,Wembley Rd,Unknown,Springwood Connection Road,Logan Central,Logan City,4114,Logan Central,Logan,South Eastern,SEQ South,South Coast,Logan Central,Springwood - Kingston,Logan - Beaudesert,Major Cities,Woodridge,Rankin,State-controlled,No Roadway Feature,No traffic control,60 km/h,Sealed - Dry,Clear,Darkness - Lighted,Straight,Level,301.0,Veh'S Same Direction: Rear End,Rear-end,E,0,1,1,0,2,2,0,0,0,0,0,0
367103,Medical treatment,2018,June,Monday,14,Hit object,Single Vehicle,153.102102004768,-27.6369404540225,North Rd,Station Rd,,Logan Central,Logan City,4114,Logan Central,Logan,South Eastern,SEQ South,South Coast,Logan Central,Springwood - Kingston,Logan - Beaudesert,Major Cities,Woodridge,Rankin,Locally-controlled,Intersection - Roundabout,Give way sign,0 - 50 km/h,Sealed - Dry,Clear,Daylight,Straight,Level,708.0,Off Path-Straight: Mounts Traffic Island,Off carriageway on straight hit object,W,0,0,1,0,1,1,0,0,0,0,0,0
367104,Minor injury,2018,June,Tuesday,11,Rear-end,Multi-Vehicle,153.109614005018,-27.628579454713,Ewing Rd,Henty St,,Woodridge,Logan City,4114,Logan Central,Logan,South Eastern,SEQ South,South Coast,Woodridge,Springwood - Kingston,Logan - Beaudesert,Major Cities,Woodridge,Rankin,Locally-controlled,Intersection - T-Junction,No traffic control,60 km/h,Sealed - Dry,Clear,Daylight,Straight,Level,301.0,Veh'S Same Direction: Rear End,Rear-end,S,0,0,0,1,1,2,0,0,0,0,0,0
367105,Medical treatment,2018,June,Tuesday,18,Rear-end,Multi-Vehicle,153.103529004442,-27.6382934541769,Railway Pde,Unknown,,Logan Central,Logan City,4114,Logan Central,Logan,South Eastern,SEQ South,South Coast,Logan Central,Springwood - Kingston,Logan - Beaudesert,Major Cities,Woodridge,Rankin,Locally-controlled,No Roadway Feature,No traffic control,0 - 50 km/h,Sealed - Dry,Clear,Darkness - Lighted,Straight,Level,301.0,Veh'S Same Direction: Rear End,Rear-end,E,0,0,1,0,1,3,0,0,0,0,0,0
367106,Minor injury,2018,June,Friday,16,Rear-end,Multi-Vehicle,153.136376994117,-27.6915724579067,Loganlea Rd,Unknown,Brisbane - Beenleigh Road,Waterford West,Logan City,4133,Logan Central,Logan,South Eastern,SEQ South,South Coast,Waterford West,Loganlea - Carbrook,Logan - Beaudesert,Major Cities,Waterford,Forde,State-controlled,No Roadway Feature,Operating traffic lights,60 km/h,Sealed - Dry,Clear,Daylight,Straight,Level,301.0,Veh'S Same Direction: Rear End,Rear-end,S,0,0,0,1,1,4,0,0,0,0,0,0
367107,Medical treatment,2018,June,Friday,15,Rear-end,Multi-Vehicle,153.118604331833,-27.6302611736319,Kingston Rd,Smith Rd,Brisbane - Beenleigh Road,Slacks Creek,Logan City,4127,Logan Central,Logan,South Eastern,SEQ South,South Coast,Woodridge,Springwood - Kingston,Logan - Beaudesert,Major Cities,Woodridge,Rankin,State-controlled,No Roadway Feature,No traffic control,60 km/h,Sealed - Dry,Clear,Daylight,Straight,Level,301.0,Veh'S Same Direction: Rear End,Rear-end,U,0,0,1,0,1,2,0,0,0,0,0,0
367108,Minor injury,2018,June,Monday,17,Angle,Multi-Vehicle,153.136678994306,-27.6898244579233,Bompa Rd,Loganlea Rd,,Waterford West,Logan City,4133,Logan Central,Logan,South Eastern,SEQ South,South Coast,Waterford West,Loganlea - Carbrook,Logan - Beaudesert,Major Cities,Waterford,Forde,Locally-controlled,Intersection - T-Junction,No traffic control,60 km/h,Sealed - Dry,Clear,Dawn/Dusk,Straight,Level,101.0,Veh'S Adjacent Approach: Thru-Thru,Intersection from adjacent approaches,,0,0,0,1,1,1,1,0,0,0,0,0
367109,Hospitalisation,2018,June,Tuesday,16,Rear-end,Multi-Vehicle,153.131161996773,-27.6751294572513,Haig Rd,Sarah St,,Loganlea,Logan City,4131,Logan Central,Logan,South Eastern,SEQ South,South Coast,Loganlea,Loganlea - Carbrook,Logan - Beaudesert,Major Cities,Waterford,Forde,Locally-controlled,Intersection - T-Junction,Give way sign,0 - 50 km/h,Sealed - Dry,Clear,Daylight,Straight,Level,303.0,Veh'S Same Direction: Right Rear,Rear-end,N,0,1,0,0,1,2,0,0,0,0,0,0
367110,Medical treatment,2018,June,Wednesday,11,Sideswipe,Multi-Vehicle,153.105257003833,-27.6416154543771,Jacaranda Ave,Railway Pde,Springwood Connection Road,Logan Central,Logan City,4114,Logan Central,Logan,South Eastern,SEQ South,South Coast,Logan Central,Springwood - Kingston,Logan - Beaudesert,Major Cities,Woodridge,Rankin,State-controlled,Intersection - Cross,Operating traffic lights,60 km/h,Sealed - Dry,Clear,Daylight,Straight,Level,305.0,Veh'S Same Direction: Lane Side Swipe,Lane changes,N,0,0,1,0,1,2,0,0,0,0,0,0
367111,Medical treatment,2018,June,Wednesday,6,Rear-end,Multi-Vehicle,153.137111000724,-27.6389984575661,Pacific Hwy,Paradise Rd,Springwood Connection Road,Slacks Creek,Logan City,4127,Springwood,Logan,South Eastern,SEQ South,South Coast,Slacks Creek,Springwood - Kingston,Logan - Beaudesert,Major Cities,Waterford,Rankin,State-controlled,Intersection - Roundabout,Give way sign,60 km/h,Sealed - Dry,Clear,Daylight,Straight,Level,301.0,Veh'S Same Direction: Rear End,Rear-end,N,0,0,1,0,1,1,0,1,0,0,0,0
367112,Hospitalisation,2018,June,Wednesday,3,Rear-end,Multi-Vehicle,153.130206319758,-27.6288592277901,Pacific Hwy,Unknown,Pacific Highway (Pacific Motorway),Springwood,Logan City,4127,Springwood,Logan,South Eastern,SEQ South,South Coast,Springwood,Springwood - Kingston,Logan - Beaudesert,Major Cities,Springwood,Rankin,State-controlled,No Roadway Feature,No traffic control,100 - 110 km/h,Sealed - Dry,Clear,Daylight,Straight,Level,301.0,Veh'S Same Direction: Rear End,Rear-end,N,0,1,0,0,1,0,0,2,0,0,0,0
367113,Minor injury,2018,June,Friday,11,Rear-end,Multi-Vehicle,153.118507004068,-27.6284984556082,Brisbane - Beenleigh Rd,Park Rd,Brisbane - Beenleigh Road,Slacks Creek,Logan City,4127,Logan Central,Logan,South Eastern,SEQ South,South Coast,Woodridge,Springwood - Kingston,Logan - Beaudesert,Major Cities,Woodridge,Rankin,State-controlled,Intersection - T-Junction,No traffic control,60 km/h,Sealed - Dry,Clear,Daylight,Straight,Level,302.0,Veh'S Same Direction: Left Rear,Rear-end,W,0,0,0,1,1,2,0,0,0,0,0,0
367114,Medical treatment,2018,June,Saturday,8,Rear-end,Multi-Vehicle,153.128509001538,-27.6399084567061,Paradise Rd,Unknown,Springwood Connection Road,Slacks Creek,Logan City,4127,Springwood,Logan,South Eastern,SEQ South,South Coast,Slacks Creek,Springwood - Kingston,Logan - Beaudesert,Major Cities,Waterford,Rankin,State-controlled,No Roadway Feature,No traffic control,60 km/h,Sealed - Dry,Clear,Daylight,Straight,Level,301.0,Veh'S Same Direction: Rear End,Rear-end,W,0,0,1,0,1,2,0,0,0,0,0,0
367115,Hospitalisation,2017,November,Sunday,8,Head-on,Multi-Vehicle,152.904276057687,-27.3861031321996,Samford Rd,Unknown,Samford Road,Camp Mountain,Moreton Bay Region,4520,Ferny Grove,North Brisbane,Brisbane,SEQ North,North Coast,Samford Valley,The Hills District,Moreton Bay - South,Major Cities,Ferny Grove,Dickson,State-controlled,No Roadway Feature,No traffic control,70 km/h,Sealed - Wet,Clear,Daylight,Curved - view open,Level,201.0,Veh'S Opposite Approach: Head On,Head-on,E,0,2,0,0,2,3,0,0,0,0,0,0
367116,Medical treatment,2017,November,Thursday,16,Rear-end,Multi-Vehicle,152.952929048862,-27.4149124372929,Keperra St,Samford Rd,Samford Sub-Arterial Road,Keperra,Brisbane City,4054,Ferny Grove,North Brisbane,Brisbane,SEQ North,Metropolitan,Keperra,The Gap - Enoggera,Brisbane - West,Major Cities,Ferny Grove,Ryan,State-controlled,Intersection - T-Junction,No traffic control,60 km/h,Sealed - Dry,Clear,Daylight,Straight,Level,301.0,Veh'S Same Direction: Rear End,Rear-end,W,0,0,1,0,1,3,0,0,0,0,0,0
367117,Medical treatment,2017,November,Friday,12,Hit pedestrian,Hit pedestrian,152.887234061509,-27.3701464303713,Main St,Station St,Strathpine - Samford Road,Samford Village,Moreton Bay Region,4520,Ferny Grove,North Brisbane,Brisbane,SEQ North,North Coast,Samford Valley,The Hills District,Moreton Bay - South,Major Cities,Pine Rivers,Dickson,State-controlled,Intersection - T-Junction,No traffic control,0 - 50 km/h,Sealed - Dry,Clear,Daylight,Straight,Level,8.0,Ped'N: On Ftway Hit By Vehicle On Ftway,Pedestrian,N,0,0,1,0,1,1,0,0,0,0,1,0
367118,Medical treatment,2017,November,Friday,18,Angle,Multi-Vehicle,152.819986067743,-27.3778284237271,Kadanga Ct,Mount Glorious Rd,Samford - Mount Glorious Road,Highvale,Moreton Bay Region,4520,Ferny Grove,North Brisbane,Brisbane,SEQ North,North Coast,Samford Valley,The Hills District,Moreton Bay - South,Inner Regional,Pine Rivers,Dickson,State-controlled,Intersection - T-Junction,No traffic control,80 - 90 km/h,Sealed - Dry,Clear,Darkness - Not lighted,Curved - view open,Level,308.0,Veh'S Same Direction: Right Turn S/Swipe,Parallel lanes turning,W,0,0,2,0,2,2,0,0,0,0,0,0
367119,Minor injury,2017,November,Wednesday,15,Angle,Multi-Vehicle,152.942910050211,-27.4127164362728,Samford Rd,Upper Kedron Rd,Samford Sub-Arterial Road,Keperra,Brisbane City,4054,Ferny Grove,North Brisbane,Brisbane,SEQ North,Metropolitan,Keperra,The Gap - Enoggera,Brisbane - West,Major Cities,Ferny Grove,Ryan,State-controlled,Intersection - T-Junction,Operating traffic lights,60 km/h,Sealed - Wet,Raining,Daylight,Curved - view open,Level,202.0,Veh'S Opposite Approach: Thru-Right,Opposing vehicles turning,E,0,0,0,1,1,2,0,1,0,0,0,0
367120,Hospitalisation,2017,November,Wednesday,14,Hit object,Single Vehicle,152.858381064712,-27.369216127485,Mount Glorious Rd,Unknown,Samford - Mount Glorious Road,Samford Valley,Moreton Bay Region,4520,Ferny Grove,North Brisbane,Brisbane,SEQ North,North Coast,Samford Valley,The Hills District,Moreton Bay - South,Major Cities,Pine Rivers,Dickson,State-controlled,No Roadway Feature,No traffic control,80 - 90 km/h,Sealed - Wet,Raining,Daylight,Curved - view open,Level,803.0,Off Path-Curve: Off Cway Rt Bend Hit Obj,Off carriageway on curve hit object,E,0,1,0,0,1,1,0,0,0,0,0,0
367121,Minor injury,2017,November,Thursday,15,Fall from vehicle,Single Vehicle,152.977930200033,-27.4081682167433,Osborne Rd,Unknown,,Mitchelton,Brisbane City,4053,Ferny Grove,North Brisbane,Brisbane,SEQ North,Metropolitan,Mitchelton,The Gap - Enoggera,Brisbane - West,Major Cities,Everton,Ryan,Locally-controlled,No Roadway Feature,No traffic control,60 km/h,Sealed - Wet,Raining,Daylight,Straight,Level,705.0,Off Path-Straight:Out Of Control On Cway,Out of control on straight,E,0,0,0,1,1,1,1,0,0,0,0,0
367122,Medical treatment,2017,December,Saturday,14,Rear-end,Multi-Vehicle,152.961217048208,-27.4130510381079,Samford Rd,Unknown,Samford Sub-Arterial Road,Keperra,Brisbane City,4054,Ferny Grove,North Brisbane,Brisbane,SEQ North,Metropolitan,Keperra,The Gap - Enoggera,Brisbane - West,Major Cities,Ferny Grove,Ryan,State-controlled,No Roadway Feature,No traffic control,60 km/h,Sealed - Dry,Clear,Daylight,Straight,Level,307.0,Veh'S Same Direction: Lane Change Left,Lane changes,N,0,0,3,0,3,2,0,0,0,0,0,0
367123,Fatal,2017,December,Saturday,21,Hit object,Single Vehicle,152.840667065878,-27.3750434257652,Mount Glorious Rd,Unknown,Samford - Mount Glorious Road,Samford Valley,Moreton Bay Region,4520,Ferny Grove,North Brisbane,Brisbane,SEQ North,North Coast,Samford Valley,The Hills District,Moreton Bay - South,Major Cities,Pine Rivers,Dickson,State-controlled,No Roadway Feature,No traffic control,70 km/h,Sealed - Dry,Raining,Darkness - Not lighted,Curved - view open,Level,803.0,Off Path-Curve: Off Cway Rt Bend Hit Obj,Off carriageway on curve hit object,E,1,1,0,0,2,1,0,0,0,0,0,0
367124,Medical treatment,2017,December,Sunday,18,Angle,Multi-Vehicle,152.994807045348,-27.4071964414271,Mountridge St,Stafford Rd,East-West Arterial Road,Everton Park,Brisbane City,4053,Stafford,North Brisbane,Brisbane,SEQ North,Metropolitan,Everton Park,Bald Hills - Everton Park,Brisbane - North,Major Cities,Everton,Lilley,State-controlled,Intersection - T-Junction,Give way sign,0 - 50 km/h,Sealed - Wet,Raining,Darkness - Lighted,Straight,Level,107.0,Veh'S Adjacent Approach: Thru-Left,Intersection from adjacent approaches,E,0,0,1,0,1,1,0,0,1,0,0,0
367125,Medical treatment,2017,December,Monday,19,Angle,Multi-Vehicle,152.970794047356,-27.4116734390561,Ellworthy St,Samford Rd,Samford Sub-Arterial Road,Mitchelton,Brisbane City,4053,Ferny Grove,North Brisbane,Brisbane,SEQ North,Metropolitan,Mitchelton,The Gap - Enoggera,Brisbane - West,Major Cities,Ferny Grove,Ryan,State-controlled,Intersection - Cross,Operating traffic lights,60 km/h,Sealed - Dry,Clear,Darkness - Lighted,Straight,Grade,202.0,Veh'S Opposite Approach: Thru-Right,Opposing vehicles turning,W,0,0,1,0,1,2,0,0,0,0,0,0
367126,Minor injury,2017,December,Monday,12,Hit parked vehicle,Single Vehicle,152.986945047473,-27.3970024405583,Old Northern Rd,Unknown,Everton Park - Albany Creek Road,Everton Park,Brisbane City,4053,Ferny Grove,North Brisbane,Brisbane,SEQ North,Metropolitan,Everton Park,Bald Hills - Everton Park,Brisbane - North,Major Cities,Everton,Lilley,State-controlled,No Roadway Feature,No traffic control,60 km/h,Sealed - Dry,Clear,Daylight,Straight,Grade,301.0,Veh'S Same Direction: Rear End,Rear-end,W,0,0,0,1,1,1,0,0,1,0,0,0
367127,Hospitalisation,2017,December,Wednesday,21,Rear-end,Multi-Vehicle,153.006979040303,-27.4369094428828,Enoggera Rd,Newmarket Rd,,Newmarket,Brisbane City,4051,Stafford,North Brisbane,Brisbane,SEQ North,Metropolitan,Newmarket,Brisbane Inner - North,Brisbane Inner City,Major Cities,Stafford,Brisbane,Locally-controlled,Intersection - T-Junction,Operating traffic lights,70 km/h,Sealed - Dry,Clear,Darkness - Lighted,Straight,Level,301.0,Veh'S Same Direction: Rear End,Rear-end,N,0,1,0,1,2,3,0,0,0,0,0,0
367128,Hospitalisation,2017,December,Saturday,9,Angle,Multi-Vehicle,152.867024063406,-27.3722664283712,Mount Glorious Rd,Unknown,Samford - Mount Glorious Road,Samford Valley,Moreton Bay Region,4520,Ferny Grove,North Brisbane,Brisbane,SEQ North,North Coast,Samford Valley,The Hills District,Moreton Bay - South,Major Cities,Pine Rivers,Dickson,State-controlled,No Roadway Feature,No traffic control,80 - 90 km/h,Sealed - Dry,Clear,Daylight,Straight,Grade,406.0,Veh'S Manoeuvring: Leaving Driveway,Vehicle leaving driveway,W,0,1,0,0,1,1,1,0,0,0,0,0
367129,Medical treatment,2017,December,Monday,9,Angle,Multi-Vehicle,152.971634047212,-27.4121034391436,Glenholm St,Samford Rd,Samford Sub-Arterial Road,Mitchelton,Brisbane City,4053,Ferny Grove,North Brisbane,Brisbane,SEQ North,Metropolitan,Mitchelton,The Gap - Enoggera,Brisbane - West,Major Cities,Ferny Grove,Ryan,State-controlled,Intersection - T-Junction,Give way sign,60 km/h,Sealed - Dry,Clear,Daylight,Straight,Level,104.0,Veh'S Adjacent Approach: Thru-Right,Intersection from adjacent approaches,E,0,0,1,0,1,2,0,0,0,0,0,0
367130,Hospitalisation,2017,December,Wednesday,8,Angle,Multi-Vehicle,153.00610804067,-27.4347374427783,Enoggera Rd,Wickham St,,Newmarket,Brisbane City,4051,Stafford,North Brisbane,Brisbane,SEQ North,Metropolitan,Newmarket,Brisbane Inner - North,Brisbane Inner City,Major Cities,Stafford,Brisbane,Locally-controlled,Intersection - Cross,No traffic control,60 km/h,Sealed - Dry,Clear,Daylight,Straight,Level,202.0,Veh'S Opposite Approach: Thru-Right,Opposing vehicles turning,N,0,1,0,0,1,2,0,0,0,0,0,0
367131,Medical treatment,2017,December,Friday,20,Rear-end,Multi-Vehicle,152.854677064995,-27.3701224271228,Mount Glorious Rd,Mt O'Reilly Rd,Samford - Mount Glorious Road,Samford Valley,Moreton Bay Region,4520,Ferny Grove,North Brisbane,Brisbane,SEQ North,North Coast,Samford Valley,The Hills District,Moreton Bay - South,Major Cities,Pine Rivers,Dickson,State-controlled,Intersection - T-Junction,No traffic control,60 km/h,Sealed - Wet,Raining,Darkness - Not lighted,Straight,Level,303.0,Veh'S Same Direction: Right Rear,Rear-end,W,0,0,2,0,2,2,0,0,0,0,0,0
367132,Hospitalisation,2017,December,Wednesday,15,Angle,Multi-Vehicle,152.85549606231,-27.3908774273687,Wights Mountain Rd,Unknown,,Wights Mountain,Moreton Bay Region,4520,Ferny Grove,North Brisbane,Brisbane,SEQ North,North Coast,Samford Valley,The Hills District,Moreton Bay - South,Inner Regional,Pine Rivers,Dickson,Locally-controlled,No Roadway Feature,No traffic control,80 - 90 km/h,Sealed - Dry,Clear,Dawn/Dusk,Straight,Crest,309.0,Veh'S Same Direction: Left Turn S/Swipe,Parallel lanes turning,S,0,1,1,0,2,2,0,0,0,0,0,0
367133,Medical treatment,2018,January,Monday,9,Rear-end,Multi-Vehicle,153.000545032568,-27.4243984321386,Alderley Ave,South Pine Rd,,Alderley,Brisbane City,4051,Stafford,North Brisbane,Brisbane,SEQ North,Metropolitan,Alderley,Brisbane Inner - North,Brisbane Inner City,Major Cities,Stafford,Brisbane,Locally-controlled,Intersection - T-Junction,No traffic control,60 km/h,Sealed - Dry,Clear,Daylight,Straight,Level,301.0,Veh'S Same Direction: Rear End,Rear-end,E,0,0,1,0,1,4,0,0,0,0,0,0
367134,Medical treatment,2018,January,Thursday,7,Angle,Multi-Vehicle,152.992043044139,-27.4191514412446,Pickering St,Western Art Rd On/Off Ramp,Western Arterial Road (Toowong - Everton Park),Enoggera,Brisbane City,4051,Ferny Grove,North Brisbane,Brisbane,SEQ North,Metropolitan,Enoggera,The Gap - Enoggera,Brisbane - West,Major Cities,Everton,Brisbane,State-controlled,Intersection - Interchange,Stop sign,60 km/h,Sealed - Dry,Clear,Daylight,Straight,Level,104.0,Veh'S Adjacent Approach: Thru-Right,Intersection from adjacent approaches,E,0,0,1,0,1,2,0,0,0,0,0,0
367135,Hospitalisation,2018,January,Sunday,15,Hit object,Single Vehicle,153.000108042738,-27.423419442087,Railway Pl,South Pine Rd,,Alderley,Brisbane City,4051,Stafford,North Brisbane,Brisbane,SEQ North,Metropolitan,Alderley,Brisbane Inner - North,Brisbane Inner City,Major Cities,Ferny Grove,Brisbane,Locally-controlled,Intersection - T-Junction,Operating traffic lights,60 km/h,Sealed - Dry,Clear,Daylight,Straight,Level,704.0,Off Path-Straight:Right Off Cway Hit Obj,Off carriageway on straight hit object,N,0,1,0,0,1,1,0,0,0,0,0,0
367136,Medical treatment,2018,January,Tuesday,5,Rear-end,Multi-Vehicle,152.948172049448,-27.4142974368119,Samford Rd,Unknown,Samford Sub-Arterial Road,Keperra,Brisbane City,4054,Ferny Grove,North Brisbane,Brisbane,SEQ North,Metropolitan,Keperra,The Gap - Enoggera,Brisbane - West,Major Cities,Ferny Grove,Ryan,State-controlled,No Roadway Feature,No traffic control,70 km/h,Sealed - Dry,Clear,Daylight,Straight,Grade,303.0,Veh'S Same Direction: Right Rear,Rear-end,E,0,0,1,0,1,2,0,0,0,0,0,0