Crash_Ref_Number,Crash_Severity,Crash_Year,Crash_Month,Crash_Day_Of_Week,Crash_Hour,Crash_Nature,Crash_Type,Crash_Longitude,Crash_Latitude,Crash_Street,Crash_Street_Intersecting,State_Road_Name,Loc_Suburb,Loc_Local_Government_Area,Loc_Post_Code,Loc_Police_Division,Loc_Police_District,Loc_Police_Region,Loc_Queensland_Transport_Region,Loc_Main_Roads_Region,Loc_ABS_Statistical_Area_2,Loc_ABS_Statistical_Area_3,Loc_ABS_Statistical_Area_4,Loc_ABS_Remoteness,Loc_State_Electorate,Loc_Federal_Electorate,Crash_Controlling_Authority,Crash_Roadway_Feature,Crash_Traffic_Control,Crash_Speed_Limit,Crash_Road_Surface_Condition,Crash_Atmospheric_Condition,Crash_Lighting_Condition,Crash_Road_Horiz_Align,Crash_Road_Vert_Align,Crash_DCA_Code,Crash_DCA_Description,Crash_DCA_Group_Description,DCA_Key_Approach_Dir,Count_Casualty_Fatality,Count_Casualty_Hospitalised,Count_Casualty_MedicallyTreated,Count_Casualty_MinorInjury,Count_Casualty_Total,Count_Unit_Car,Count_Unit_Motorcycle_Moped,Count_Unit_Truck,Count_Unit_Bus,Count_Unit_Bicycle,Count_Unit_Pedestrian,Count_Unit_Other
367137,Medical treatment,2018,January,Tuesday,12,Rear-end,Multi-Vehicle,152.98174804549,-27.4171804401971,Burdekin St,Samford Rd,Samford Sub-Arterial Road,Gaythorne,Brisbane City,4051,Ferny Grove,North Brisbane,Brisbane,SEQ North,Metropolitan,Enoggera,The Gap - Enoggera,Brisbane - West,Major Cities,Ferny Grove,Ryan,State-controlled,Intersection - T-Junction,No traffic control,60 km/h,Sealed - Dry,Clear,Daylight,Straight,Grade,303.0,Veh'S Same Direction: Right Rear,Rear-end,W,0,0,2,0,2,2,0,0,0,0,0,0
367138,Medical treatment,2018,January,Wednesday,7,Rear-end,Multi-Vehicle,152.961614049471,-27.4026694380655,Dawson Pde,Unknown,,Keperra,Brisbane City,4054,Ferny Grove,North Brisbane,Brisbane,SEQ North,Metropolitan,Keperra,The Gap - Enoggera,Brisbane - West,Major Cities,Everton,Ryan,Locally-controlled,No Roadway Feature,No traffic control,60 km/h,Sealed - Dry,Clear,Daylight,Straight,Crest,301.0,Veh'S Same Direction: Rear End,Rear-end,S,0,0,2,0,2,3,0,0,0,0,0,0
367139,Medical treatment,2018,January,Wednesday,16,Angle,Multi-Vehicle,152.993680045739,-27.4050514412971,Cutbush Rd,Sim St,,Everton Park,Brisbane City,4053,Stafford,North Brisbane,Brisbane,SEQ North,Metropolitan,Everton Park,Bald Hills - Everton Park,Brisbane - North,Major Cities,Everton,Lilley,Locally-controlled,Intersection - T-Junction,Give way sign,0 - 50 km/h,Sealed - Dry,Clear,Daylight,Straight,Level,107.0,Veh'S Adjacent Approach: Thru-Left,Intersection from adjacent approaches,S,0,0,1,0,1,3,0,0,0,0,0,0
367140,Medical treatment,2018,January,Thursday,10,Angle,Multi-Vehicle,152.997217042994,-27.4238474418005,Gardiner St,Samford Rd,,Alderley,Brisbane City,4051,Stafford,North Brisbane,Brisbane,SEQ North,Metropolitan,Alderley,Brisbane Inner - North,Brisbane Inner City,Major Cities,Ferny Grove,Brisbane,Locally-controlled,Intersection - T-Junction,No traffic control,60 km/h,Sealed - Dry,Clear,Daylight,Straight,Grade,104.0,Veh'S Adjacent Approach: Thru-Right,Intersection from adjacent approaches,E,0,0,1,0,1,2,0,0,0,0,0,0
367141,Hospitalisation,2018,January,Sunday,9,Sideswipe,Multi-Vehicle,152.991763044377,-27.4175032412035,Wardell St,Unknown,Western Arterial Road (Toowong - Everton Park),Enoggera,Brisbane City,4051,Ferny Grove,North Brisbane,Brisbane,SEQ North,Metropolitan,Enoggera,The Gap - Enoggera,Brisbane - West,Major Cities,Everton,Brisbane,State-controlled,No Roadway Feature,No traffic control,60 km/h,Sealed - Dry,Clear,Daylight,Straight,Level,305.0,Veh'S Same Direction: Lane Side Swipe,Lane changes,S,0,1,0,0,1,0,0,0,0,1,0,1
367142,Hospitalisation,2018,January,Friday,16,Fall from vehicle,Single Vehicle,152.915851052664,-27.4162634335949,Minnie St,Unknown,,Upper Kedron,Brisbane City,4055,Ferny Grove,North Brisbane,Brisbane,SEQ North,Metropolitan,Upper Kedron - Ferny Grove,The Gap - Enoggera,Brisbane - West,Major Cities,Ferny Grove,Ryan,Locally-controlled,No Roadway Feature,No traffic control,60 km/h,Sealed - Dry,Clear,Daylight,Straight,Grade,705.0,Off Path-Straight:Out Of Control On Cway,Out of control on straight,S,0,1,0,0,1,0,1,0,0,0,0,0
367143,Medical treatment,2018,January,Wednesday,9,Rear-end,Multi-Vehicle,152.969744047536,-27.4111364389467,Samford Rd,Unknown,Samford Sub-Arterial Road,Mitchelton,Brisbane City,4053,Ferny Grove,North Brisbane,Brisbane,SEQ North,Metropolitan,Mitchelton,The Gap - Enoggera,Brisbane - West,Major Cities,Ferny Grove,Ryan,State-controlled,No Roadway Feature,No traffic control,60 km/h,Sealed - Dry,Clear,Daylight,Straight,Dip,301.0,Veh'S Same Direction: Rear End,Rear-end,E,0,0,1,0,1,2,0,0,0,0,0,0
367144,Hospitalisation,2018,February,Monday,11,Hit pedestrian,Hit pedestrian,152.977467046501,-27.4127877397334,Osborne Rd,Unknown,,Mitchelton,Brisbane City,4053,Ferny Grove,North Brisbane,Brisbane,SEQ North,Metropolitan,Mitchelton,The Gap - Enoggera,Brisbane - West,Major Cities,Ferny Grove,Ryan,Locally-controlled,No Roadway Feature,No traffic control,60 km/h,Sealed - Dry,Clear,Daylight,Straight,Level,7.0,Ped'N: Hit By Vehicle Enter/Leave D'Way,Pedestrian,W,0,1,0,0,1,1,0,0,0,0,1,0
367145,Hospitalisation,2018,February,Monday,14,Hit object,Single Vehicle,152.953170051649,-27.3925244371399,Plucks Rd,Unknown,,Arana Hills,Moreton Bay Region,4054,Ferny Grove,North Brisbane,Brisbane,SEQ North,North Coast,The Hills District,The Hills District,Moreton Bay - South,Major Cities,Ferny Grove,Dickson,Locally-controlled,No Roadway Feature,No traffic control,60 km/h,Sealed - Dry,Clear,Daylight,Curved - view open,Grade,803.0,Off Path-Curve: Off Cway Rt Bend Hit Obj,Off carriageway on curve hit object,S,0,1,0,0,1,1,0,0,0,0,0,0
367146,Medical treatment,2018,February,Wednesday,15,Rear-end,Multi-Vehicle,152.989383043073,-27.4298864410629,Peters St,Wardell St,Western Arterial Road (Toowong - Everton Park),Enoggera,Brisbane City,4051,Ferny Grove,North Brisbane,Brisbane,SEQ North,Metropolitan,Enoggera,The Gap - Enoggera,Brisbane - West,Major Cities,Ferny Grove,Brisbane,State-controlled,Intersection - T-Junction,Operating traffic lights,60 km/h,Sealed - Wet,Clear,Daylight,Straight,Level,301.0,Veh'S Same Direction: Rear End,Rear-end,N,0,0,1,0,1,2,0,0,0,0,0,0
367147,Medical treatment,2018,February,Wednesday,14,Rear-end,Multi-Vehicle,152.973310049632,-27.391433839148,South Pine Rd,Unknown,,Everton Hills,Moreton Bay Region,4053,Ferny Grove,North Brisbane,Brisbane,SEQ North,North Coast,The Hills District,The Hills District,Moreton Bay - South,Major Cities,Everton,Dickson,Locally-controlled,No Roadway Feature,No traffic control,60 km/h,Sealed - Dry,Clear,Daylight,Straight,Level,301.0,Veh'S Same Direction: Rear End,Rear-end,E,0,0,1,0,1,2,0,0,0,0,0,0
367148,Medical treatment,2018,February,Thursday,8,Rear-end,Multi-Vehicle,152.99761604582,-27.4010614416602,Felstead St,Trouts Rd,,Everton Park,Brisbane City,4053,Stafford,North Brisbane,Brisbane,SEQ North,Metropolitan,Everton Park,Bald Hills - Everton Park,Brisbane - North,Major Cities,Everton,Lilley,Locally-controlled,Intersection - Roundabout,Give way sign,0 - 50 km/h,Sealed - Dry,Clear,Daylight,Straight,Level,301.0,Veh'S Same Direction: Rear End,Rear-end,N,0,0,1,0,1,2,0,0,0,0,0,0
367149,Hospitalisation,2018,February,Thursday,20,Angle,Multi-Vehicle,152.876083061918,-27.3764064293078,Mount Glorious Rd,Wights Mountain Rd,Samford - Mount Glorious Road,Samford Valley,Moreton Bay Region,4520,Ferny Grove,North Brisbane,Brisbane,SEQ North,North Coast,Samford Valley,The Hills District,Moreton Bay - South,Major Cities,Pine Rivers,Dickson,State-controlled,Intersection - T-Junction,Stop sign,60 km/h,Sealed - Dry,Clear,Darkness - Lighted,Curved - view obscured,Grade,104.0,Veh'S Adjacent Approach: Thru-Right,Intersection from adjacent approaches,W,0,2,0,0,2,2,0,0,0,0,0,0
367150,Medical treatment,2018,February,Sunday,20,Hit object,Single Vehicle,152.956055048606,-27.4142834376008,Blackbutt St,Samford Rd,Samford Sub-Arterial Road,Keperra,Brisbane City,4054,Ferny Grove,North Brisbane,Brisbane,SEQ North,Metropolitan,Keperra,The Gap - Enoggera,Brisbane - West,Major Cities,Ferny Grove,Ryan,State-controlled,Intersection - T-Junction,No traffic control,60 km/h,Sealed - Dry,Clear,Darkness - Lighted,Straight,Grade,703.0,Off Path-Straight: Left Off Cway Hit Obj,Off carriageway on straight hit object,E,0,0,1,0,1,1,0,0,0,0,0,0
367151,Medical treatment,2018,February,Thursday,16,Angle,Multi-Vehicle,152.961539049542,-27.402165438054,Dawson Pde,Madsen St,,Keperra,Brisbane City,4054,Ferny Grove,North Brisbane,Brisbane,SEQ North,Metropolitan,Keperra,The Gap - Enoggera,Brisbane - West,Major Cities,Ferny Grove,Ryan,Locally-controlled,Intersection - T-Junction,No traffic control,60 km/h,Sealed - Dry,Clear,Daylight,Straight,Dip,408.0,Veh'S Manoeuvring: Entering From Footway,Vehicle leaving driveway,N,0,0,1,0,1,1,0,0,0,1,0,0
367152,Minor injury,2018,February,Saturday,8,Fall from vehicle,Single Vehicle,152.990858045736,-27.4074754410334,Griffith St,South Pine Rd,Western Arterial Road (Toowong - Everton Park),Everton Park,Brisbane City,4053,Ferny Grove,North Brisbane,Brisbane,SEQ North,Metropolitan,Everton Park,Bald Hills - Everton Park,Brisbane - North,Major Cities,Everton,Lilley,State-controlled,Intersection - Cross,No traffic control,0 - 50 km/h,Sealed - Wet,Clear,Daylight,Curved - view open,Level,706.0,Off Path-Straight: Left Turn,Off carriageway on straight,N,0,0,0,1,1,0,1,0,0,0,0,0
367153,Hospitalisation,2018,February,Sunday,18,Angle,Multi-Vehicle,152.992786043491,-27.4236699413548,Bond St,Unknown,,Enoggera,Brisbane City,4051,Stafford,North Brisbane,Brisbane,SEQ North,Metropolitan,Enoggera,The Gap - Enoggera,Brisbane - West,Major Cities,Ferny Grove,Brisbane,Locally-controlled,No Roadway Feature,No traffic control,0 - 50 km/h,Sealed - Dry,Clear,Darkness - Lighted,Straight,Level,308.0,Veh'S Same Direction: Right Turn S/Swipe,Parallel lanes turning,S,0,1,0,0,1,1,1,0,0,0,0,0
367154,Medical treatment,2018,February,Tuesday,16,Hit object,Single Vehicle,152.973245048925,-27.3971074391864,Camelia Ave,Unknown,,Everton Hills,Moreton Bay Region,4053,Ferny Grove,North Brisbane,Brisbane,SEQ North,North Coast,The Hills District,The Hills District,Moreton Bay - South,Major Cities,Everton,Dickson,Locally-controlled,No Roadway Feature,No traffic control,60 km/h,Sealed - Dry,Clear,Daylight,Curved - view open,Grade,803.0,Off Path-Curve: Off Cway Rt Bend Hit Obj,Off carriageway on curve hit object,W,0,0,1,0,1,1,0,0,0,0,0,0
367155,Hospitalisation,2018,February,Wednesday,17,Rear-end,Multi-Vehicle,152.999497043217,-27.4201404419998,Pickering St,Raymont Rd,,Alderley,Brisbane City,4051,Stafford,North Brisbane,Brisbane,SEQ North,Metropolitan,Alderley,Brisbane Inner - North,Brisbane Inner City,Major Cities,Stafford,Brisbane,Locally-controlled,Intersection - Cross,Operating traffic lights,60 km/h,Sealed - Dry,Clear,Daylight,Straight,Level,301.0,Veh'S Same Direction: Rear End,Rear-end,E,0,1,0,0,1,1,1,0,0,0,0,0
367156,Minor injury,2018,March,Saturday,9,Angle,Multi-Vehicle,152.93888405218,-27.4004654357731,Ferny Way,Unknown,,Ferny Hills,Moreton Bay Region,4055,Ferny Grove,North Brisbane,Brisbane,SEQ North,North Coast,The Hills District,The Hills District,Moreton Bay - South,Major Cities,Ferny Grove,Dickson,Locally-controlled,No Roadway Feature,No traffic control,60 km/h,Sealed - Dry,Clear,Daylight,Straight,Grade,406.0,Veh'S Manoeuvring: Leaving Driveway,Vehicle leaving driveway,S,0,0,0,1,1,1,1,0,0,0,0,0
367157,Medical treatment,2018,March,Wednesday,19,Sideswipe,Multi-Vehicle,152.994427043351,-27.4233884415171,Samford Rd,Unknown,,Enoggera,Brisbane City,4051,Stafford,North Brisbane,Brisbane,SEQ North,Metropolitan,Enoggera,The Gap - Enoggera,Brisbane - West,Major Cities,Ferny Grove,Brisbane,Locally-controlled,No Roadway Feature,No traffic control,60 km/h,Sealed - Dry,Clear,Darkness - Lighted,Straight,Level,201.0,Veh'S Opposite Approach: Head On,Head-on,W,0,0,2,1,3,3,0,0,0,0,0,0
367158,Medical treatment,2018,March,Tuesday,13,Rear-end,Multi-Vehicle,152.962501157192,-27.4120845772288,Samford Rd,Unknown,Samford Sub-Arterial Road,Mitchelton,Brisbane City,4053,Ferny Grove,North Brisbane,Brisbane,SEQ North,Metropolitan,Mitchelton,The Gap - Enoggera,Brisbane - West,Major Cities,Ferny Grove,Ryan,State-controlled,No Roadway Feature,No traffic control,60 km/h,Sealed - Dry,Clear,Daylight,Curved - view open,Crest,301.0,Veh'S Same Direction: Rear End,Rear-end,N,0,0,1,0,1,2,0,0,0,0,0,0
367159,Hospitalisation,2018,March,Thursday,5,Angle,Multi-Vehicle,152.998950042724,-27.4245214419796,Samford Rd,Unknown,,Alderley,Brisbane City,4051,Stafford,North Brisbane,Brisbane,SEQ North,Metropolitan,Alderley,Brisbane Inner - North,Brisbane Inner City,Major Cities,Ferny Grove,Brisbane,Locally-controlled,No Roadway Feature,No traffic control,60 km/h,Sealed - Dry,Clear,Daylight,Straight,Level,308.0,Veh'S Same Direction: Right Turn S/Swipe,Parallel lanes turning,E,0,1,0,0,1,1,1,0,0,0,0,0
367160,Hospitalisation,2018,March,Thursday,17,Fall from vehicle,Single Vehicle,152.999797042583,-27.4249164420677,Lorne St,Samford Rd,,Alderley,Brisbane City,4051,Stafford,North Brisbane,Brisbane,SEQ North,Metropolitan,Alderley,Brisbane Inner - North,Brisbane Inner City,Major Cities,Ferny Grove,Brisbane,Locally-controlled,Intersection - T-Junction,No traffic control,0 - 50 km/h,Sealed - Dry,Clear,Daylight,Straight,Level,705.0,Off Path-Straight:Out Of Control On Cway,Out of control on straight,E,0,1,0,0,1,1,1,0,0,0,0,0
367161,Minor injury,2018,March,Friday,1,Hit object,Single Vehicle,152.986966046803,-27.4023044406024,South Pine Rd,Unknown,Everton Park - Albany Creek Road,Everton Park,Brisbane City,4053,Ferny Grove,North Brisbane,Brisbane,SEQ North,Metropolitan,Everton Park,Bald Hills - Everton Park,Brisbane - North,Major Cities,Everton,Lilley,State-controlled,No Roadway Feature,No traffic control,0 - 50 km/h,Sealed - Dry,Clear,Darkness - Lighted,Curved - view open,Grade,803.0,Off Path-Curve: Off Cway Rt Bend Hit Obj,Off carriageway on curve hit object,N,0,0,0,1,1,1,0,0,0,0,0,0
367162,Hospitalisation,2018,March,Saturday,7,Fall from vehicle,Single Vehicle,152.814783065404,-27.4010124233925,Mount Nebo Rd,Unknown,,Jollys Lookout,Moreton Bay Region,4520,Ferny Grove,North Brisbane,Brisbane,SEQ North,North Coast,Samford Valley,The Hills District,Moreton Bay - South,Inner Regional,Pine Rivers,Dickson,Locally-controlled,No Roadway Feature,No traffic control,70 km/h,Sealed - Dry,Clear,Daylight,Curved - view obscured,Crest,801.0,Off Path-Curve: Off Cway Right Bend,Off carriageway on curve,W,0,1,0,0,1,0,1,0,0,0,0,0
367163,Hospitalisation,2018,March,Saturday,14,Angle,Multi-Vehicle,152.990403043711,-27.4239484411181,Audrey St,Wardell St,Western Arterial Road (Toowong - Everton Park),Enoggera,Brisbane City,4051,Ferny Grove,North Brisbane,Brisbane,SEQ North,Metropolitan,Enoggera,The Gap - Enoggera,Brisbane - West,Major Cities,Ferny Grove,Ryan,State-controlled,Intersection - T-Junction,No traffic control,60 km/h,Sealed - Dry,Clear,Daylight,Straight,Grade,202.0,Veh'S Opposite Approach: Thru-Right,Opposing vehicles turning,S,0,1,0,1,2,2,0,0,0,0,0,0
367164,Hospitalisation,2018,March,Saturday,15,Hit object,Single Vehicle,152.896075057794,-27.392249431429,Camp Mountain Rd,Unknown,,Camp Mountain,Moreton Bay Region,4520,Ferny Grove,North Brisbane,Brisbane,SEQ North,North Coast,Samford Valley,The Hills District,Moreton Bay - South,Major Cities,Pine Rivers,Dickson,Locally-controlled,No Roadway Feature,No traffic control,70 km/h,Sealed - Dry,Clear,Daylight,Curved - view open,Dip,803.0,Off Path-Curve: Off Cway Rt Bend Hit Obj,Off carriageway on curve hit object,W,0,1,0,0,1,1,0,0,0,0,0,0
367165,Medical treatment,2018,March,Tuesday,7,Angle,Multi-Vehicle,152.991769044423,-27.4171324412011,South Pine Rd,Wardell St,Western Arterial Road (Toowong - Everton Park),Enoggera,Brisbane City,4051,Ferny Grove,North Brisbane,Brisbane,SEQ North,Metropolitan,Enoggera,The Gap - Enoggera,Brisbane - West,Major Cities,Everton,Ryan,State-controlled,Intersection - Cross,Operating traffic lights,60 km/h,Sealed - Dry,Clear,Daylight,Straight,Level,408.0,Veh'S Manoeuvring: Entering From Footway,Vehicle leaving driveway,S,0,0,1,0,1,1,0,0,0,1,0,0
367166,Hospitalisation,2018,March,Wednesday,19,Angle,Multi-Vehicle,152.970794047356,-27.4116734390561,Ellworthy St,Samford Rd,Samford Sub-Arterial Road,Mitchelton,Brisbane City,4053,Ferny Grove,North Brisbane,Brisbane,SEQ North,Metropolitan,Mitchelton,The Gap - Enoggera,Brisbane - West,Major Cities,Ferny Grove,Ryan,State-controlled,Intersection - Cross,Operating traffic lights,60 km/h,Sealed - Dry,Clear,Darkness - Lighted,Straight,Grade,101.0,Veh'S Adjacent Approach: Thru-Thru,Intersection from adjacent approaches,S,0,1,0,0,1,2,0,0,0,0,0,0
367167,Medical treatment,2018,March,Friday,8,Rear-end,Multi-Vehicle,152.990977045747,-27.4072884410439,South Pine Rd,Stafford Rd,Everton Park - Albany Creek Road,Everton Park,Brisbane City,4053,Ferny Grove,North Brisbane,Brisbane,SEQ North,Metropolitan,Everton Park,Bald Hills - Everton Park,Brisbane - North,Major Cities,Everton,Brisbane,State-controlled,Intersection - Cross,Operating traffic lights,60 km/h,Sealed - Dry,Clear,Daylight,Straight,Level,303.0,Veh'S Same Direction: Right Rear,Rear-end,W,0,0,1,0,1,2,0,0,0,0,0,0
367168,Medical treatment,2018,March,Tuesday,11,Angle,Multi-Vehicle,152.942910050211,-27.4127164362728,Samford Rd,Upper Kedron Rd,Samford Sub-Arterial Road,Keperra,Brisbane City,4054,Ferny Grove,North Brisbane,Brisbane,SEQ North,Metropolitan,Keperra,The Gap - Enoggera,Brisbane - West,Major Cities,Ferny Grove,Ryan,State-controlled,Intersection - T-Junction,Operating traffic lights,60 km/h,Sealed - Wet,Raining,Daylight,Curved - view open,Grade,202.0,Veh'S Opposite Approach: Thru-Right,Opposing vehicles turning,S,0,0,1,0,1,2,0,0,0,0,0,0
367169,Medical treatment,2018,March,Wednesday,5,Fall from vehicle,Single Vehicle,152.940377051301,-27.4061994359678,Samford Rd,Tramway St,Samford Sub-Arterial Road,Ferny Grove,Brisbane City,4055,Ferny Grove,North Brisbane,Brisbane,SEQ North,Metropolitan,Keperra,The Gap - Enoggera,Brisbane - West,Major Cities,Ferny Grove,Ryan,State-controlled,Intersection - T-Junction,Operating traffic lights,60 km/h,Sealed - Wet,Clear,Daylight,Straight,Level,706.0,Off Path-Straight: Left Turn,Off carriageway on straight,W,0,0,1,0,1,0,1,0,0,0,0,0
367170,Medical treatment,2018,March,Wednesday,15,Rear-end,Multi-Vehicle,152.954234048763,-27.4145844374209,Samford Rd,Unknown,Samford Sub-Arterial Road,Keperra,Brisbane City,4054,Ferny Grove,North Brisbane,Brisbane,SEQ North,Metropolitan,Keperra,The Gap - Enoggera,Brisbane - West,Major Cities,Ferny Grove,Ryan,State-controlled,No Roadway Feature,No traffic control,70 km/h,Sealed - Dry,Clear,Daylight,Straight,Level,301.0,Veh'S Same Direction: Rear End,Rear-end,N,0,0,3,0,3,2,0,0,0,0,0,0
367171,Hospitalisation,2018,March,Friday,23,Hit pedestrian,Hit pedestrian,152.942219051867,-27.400120436104,Loombah Cres,Unknown,,Ferny Hills,Moreton Bay Region,4055,Ferny Grove,North Brisbane,Brisbane,SEQ North,North Coast,The Hills District,The Hills District,Moreton Bay - South,Major Cities,Ferny Grove,Dickson,Locally-controlled,No Roadway Feature,No traffic control,0 - 50 km/h,Sealed - Dry,Clear,Darkness - Lighted,Straight,Grade,5.0,Ped'N: Hit Walking With Traffic,Pedestrian,N,0,1,0,0,1,1,0,0,0,0,1,0
367172,Medical treatment,2018,April,Sunday,13,Angle,Multi-Vehicle,153.01173903999,-27.435346443348,Newmarket Rd,Wilston Rd,,Newmarket,Brisbane City,4051,Stafford,North Brisbane,Brisbane,SEQ North,Metropolitan,Newmarket,Brisbane Inner - North,Brisbane Inner City,Major Cities,Stafford,Brisbane,Locally-controlled,Intersection - T-Junction,Operating traffic lights,60 km/h,Sealed - Dry,Clear,Daylight,Curved - view open,Level,202.0,Veh'S Opposite Approach: Thru-Right,Opposing vehicles turning,W,0,0,2,0,2,2,0,0,0,0,0,0
367173,Medical treatment,2018,April,Tuesday,15,Sideswipe,Multi-Vehicle,152.99167204439,-27.4174804411942,Wardell St,Unknown,Western Arterial Road (Toowong - Everton Park),Enoggera,Brisbane City,4051,Ferny Grove,North Brisbane,Brisbane,SEQ North,Metropolitan,Enoggera,The Gap - Enoggera,Brisbane - West,Major Cities,Everton,Ryan,State-controlled,No Roadway Feature,No traffic control,60 km/h,Sealed - Dry,Clear,Daylight,Straight,Level,306.0,Veh'S Same Direction: Lane Change Right,Lane changes,N,0,0,1,0,1,2,0,0,0,0,0,0
367174,Medical treatment,2018,April,Wednesday,15,Angle,Multi-Vehicle,152.938780052957,-27.3943724357145,Caesar Rd,Patricks Rd,,Ferny Hills,Moreton Bay Region,4055,Ferny Grove,North Brisbane,Brisbane,SEQ North,North Coast,The Hills District,The Hills District,Moreton Bay - South,Major Cities,Ferny Grove,Dickson,Locally-controlled,Intersection - T-Junction,Operating traffic lights,60 km/h,Sealed - Dry,Clear,Daylight,Straight,Crest,202.0,Veh'S Opposite Approach: Thru-Right,Opposing vehicles turning,W,0,0,2,1,3,2,0,0,0,0,0,0
367175,Hospitalisation,2018,April,Friday,7,Angle,Multi-Vehicle,152.986139042864,-27.4343054407727,Tweed St,Victoria St,,Ashgrove,Brisbane City,4060,The Gap,North Brisbane,Brisbane,SEQ North,Metropolitan,Ashgrove,Brisbane Inner - West,Brisbane Inner City,Major Cities,Ferny Grove,Ryan,Locally-controlled,Intersection - T-Junction,Give way sign,0 - 50 km/h,Sealed - Dry,Clear,Daylight,Straight,Level,103.0,Veh'S Adjacent Approach: Left-Thru,Intersection from adjacent approaches,N,0,1,0,0,1,1,0,0,0,1,0,0
367176,Medical treatment,2018,April,Friday,13,Rear-end,Multi-Vehicle,152.938018052908,-27.3954114356465,Gordon Rd,Pindari Ave,,Ferny Hills,Moreton Bay Region,4055,Ferny Grove,North Brisbane,Brisbane,SEQ North,North Coast,The Hills District,The Hills District,Moreton Bay - South,Major Cities,Ferny Grove,Dickson,Locally-controlled,Intersection - T-Junction,No traffic control,60 km/h,Sealed - Dry,Clear,Daylight,Straight,Dip,303.0,Veh'S Same Direction: Right Rear,Rear-end,S,0,0,1,0,1,2,0,0,0,0,0,0
367177,Hospitalisation,2018,April,Wednesday,5,Rear-end,Multi-Vehicle,152.992132044619,-27.4152644412228,Orchid St,South Pine Rd,Western Arterial Road (Toowong - Everton Park),Enoggera,Brisbane City,4051,Ferny Grove,North Brisbane,Brisbane,SEQ North,Metropolitan,Enoggera,The Gap - Enoggera,Brisbane - West,Major Cities,Everton,Brisbane,State-controlled,Intersection - T-Junction,No traffic control,60 km/h,Sealed - Dry,Clear,Daylight,Straight,Level,301.0,Veh'S Same Direction: Rear End,Rear-end,S,0,1,0,2,3,3,0,0,0,0,0,0
367178,Medical treatment,2018,April,Thursday,16,Rear-end,Multi-Vehicle,152.990301043926,-27.4223304410951,Samford Rd,Unknown,Samford Sub-Arterial Road,Enoggera,Brisbane City,4051,Ferny Grove,North Brisbane,Brisbane,SEQ North,Metropolitan,Enoggera,The Gap - Enoggera,Brisbane - West,Major Cities,Ferny Grove,Ryan,State-controlled,No Roadway Feature,No traffic control,60 km/h,Sealed - Dry,Clear,Daylight,Straight,Level,301.0,Veh'S Same Direction: Rear End,Rear-end,E,0,0,1,0,1,2,0,0,1,0,0,0
367179,Medical treatment,2018,April,Saturday,10,Rear-end,Multi-Vehicle,152.948772049265,-27.4152454368794,Settlement Rd,Unknown,Samford Sub-Arterial Road,Keperra,Brisbane City,4054,Ferny Grove,North Brisbane,Brisbane,SEQ North,Metropolitan,Keperra,The Gap - Enoggera,Brisbane - West,Major Cities,Ferny Grove,Ryan,State-controlled,No Roadway Feature,No traffic control,60 km/h,Sealed - Dry,Clear,Daylight,Straight,Grade,301.0,Veh'S Same Direction: Rear End,Rear-end,N,0,0,1,0,1,2,0,0,0,0,0,0
367180,Hospitalisation,2018,April,Sunday,12,Hit object,Single Vehicle,152.948975371301,-27.4147878858962,Samford Rd,Settlement Rd,Samford Sub-Arterial Road,Keperra,Brisbane City,4054,Ferny Grove,North Brisbane,Brisbane,SEQ North,Metropolitan,Keperra,The Gap - Enoggera,Brisbane - West,Major Cities,Ferny Grove,Ryan,State-controlled,Intersection - T-Junction,Operating traffic lights,0 - 50 km/h,Sealed - Dry,Clear,Daylight,Straight,Level,703.0,Off Path-Straight: Left Off Cway Hit Obj,Off carriageway on straight hit object,E,0,1,0,0,1,0,1,0,0,0,0,0
367181,Minor injury,2018,April,Monday,8,Rear-end,Multi-Vehicle,153.00806404023,-27.436566342989,Newmarket Rd,Unknown,,Newmarket,Brisbane City,4051,Stafford,North Brisbane,Brisbane,SEQ North,Metropolitan,Newmarket,Brisbane Inner - North,Brisbane Inner City,Major Cities,Stafford,Brisbane,Locally-controlled,No Roadway Feature,Operating traffic lights,0 - 50 km/h,Sealed - Dry,Clear,Daylight,Straight,Dip,303.0,Veh'S Same Direction: Right Rear,Rear-end,E,0,0,0,1,1,2,0,0,0,0,0,0
367182,Medical treatment,2018,April,Tuesday,10,Rear-end,Multi-Vehicle,153.006979040303,-27.4369094428828,Enoggera Rd,Newmarket Rd,,Newmarket,Brisbane City,4051,Stafford,North Brisbane,Brisbane,SEQ North,Metropolitan,Newmarket,Brisbane Inner - North,Brisbane Inner City,Major Cities,Stafford,Brisbane,Locally-controlled,Intersection - T-Junction,Operating traffic lights,60 km/h,Sealed - Dry,Clear,Daylight,Straight,Level,301.0,Veh'S Same Direction: Rear End,Rear-end,S,0,0,1,0,1,2,0,0,0,0,0,0
367183,Hospitalisation,2018,April,Wednesday,8,Angle,Multi-Vehicle,153.00066504224,-27.4269024421704,Elgin St,Lloyd St,,Alderley,Brisbane City,4051,Stafford,North Brisbane,Brisbane,SEQ North,Metropolitan,Alderley,Brisbane Inner - North,Brisbane Inner City,Major Cities,Ferny Grove,Brisbane,Locally-controlled,Intersection - T-Junction,Give way sign,0 - 50 km/h,Sealed - Wet,Raining,Daylight,Straight,Grade,104.0,Veh'S Adjacent Approach: Thru-Right,Intersection from adjacent approaches,E,0,1,0,0,1,1,1,0,0,0,0,0