Crash_Ref_Number,Crash_Severity,Crash_Year,Crash_Month,Crash_Day_Of_Week,Crash_Hour,Crash_Nature,Crash_Type,Crash_Longitude,Crash_Latitude,Crash_Street,Crash_Street_Intersecting,State_Road_Name,Loc_Suburb,Loc_Local_Government_Area,Loc_Post_Code,Loc_Police_Division,Loc_Police_District,Loc_Police_Region,Loc_Queensland_Transport_Region,Loc_Main_Roads_Region,Loc_ABS_Statistical_Area_2,Loc_ABS_Statistical_Area_3,Loc_ABS_Statistical_Area_4,Loc_ABS_Remoteness,Loc_State_Electorate,Loc_Federal_Electorate,Crash_Controlling_Authority,Crash_Roadway_Feature,Crash_Traffic_Control,Crash_Speed_Limit,Crash_Road_Surface_Condition,Crash_Atmospheric_Condition,Crash_Lighting_Condition,Crash_Road_Horiz_Align,Crash_Road_Vert_Align,Crash_DCA_Code,Crash_DCA_Description,Crash_DCA_Group_Description,DCA_Key_Approach_Dir,Count_Casualty_Fatality,Count_Casualty_Hospitalised,Count_Casualty_MedicallyTreated,Count_Casualty_MinorInjury,Count_Casualty_Total,Count_Unit_Car,Count_Unit_Motorcycle_Moped,Count_Unit_Truck,Count_Unit_Bus,Count_Unit_Bicycle,Count_Unit_Pedestrian,Count_Unit_Other
367184,Hospitalisation,2018,April,Wednesday,14,Angle,Multi-Vehicle,152.999894042818,-27.422966442062,Railway St,South Pine Rd,,Alderley,Brisbane City,4051,Stafford,North Brisbane,Brisbane,SEQ North,Metropolitan,Alderley,Brisbane Inner - North,Brisbane Inner City,Major Cities,Stafford,Brisbane,Locally-controlled,Intersection - T-Junction,No traffic control,60 km/h,Sealed - Dry,Clear,Daylight,Straight,Level,202.0,Veh'S Opposite Approach: Thru-Right,Opposing vehicles turning,S,0,1,0,0,1,1,1,0,0,0,0,0
367185,Medical treatment,2018,April,Thursday,14,Sideswipe,Multi-Vehicle,152.999894042818,-27.422966442062,Railway St,South Pine Rd,,Alderley,Brisbane City,4051,Stafford,North Brisbane,Brisbane,SEQ North,Metropolitan,Alderley,Brisbane Inner - North,Brisbane Inner City,Major Cities,Stafford,Brisbane,Locally-controlled,Intersection - T-Junction,No traffic control,60 km/h,Sealed - Dry,Clear,Daylight,Straight,Level,305.0,Veh'S Same Direction: Lane Side Swipe,Lane changes,S,0,0,1,0,1,2,0,0,0,0,0,0
367186,Hospitalisation,2018,April,Friday,11,Hit parked vehicle,Single Vehicle,152.93777105279,-27.3965634356309,Gordon Rd,Unknown,,Ferny Hills,Moreton Bay Region,4055,Ferny Grove,North Brisbane,Brisbane,SEQ North,North Coast,The Hills District,The Hills District,Moreton Bay - South,Major Cities,Ferny Grove,Dickson,Locally-controlled,No Roadway Feature,No traffic control,60 km/h,Sealed - Wet,Raining,Darkness - Lighted,Straight,Grade,704.0,Off Path-Straight:Right Off Cway Hit Obj,Off carriageway on straight hit object,S,0,1,0,0,1,3,0,0,0,0,0,0
367187,Minor injury,2018,April,Friday,11,Sideswipe,Multi-Vehicle,153.002927041857,-27.4280174424061,Enoggera Rd,Unknown,,Alderley,Brisbane City,4051,Stafford,North Brisbane,Brisbane,SEQ North,Metropolitan,Alderley,Brisbane Inner - North,Brisbane Inner City,Major Cities,Ferny Grove,Brisbane,Locally-controlled,No Roadway Feature,No traffic control,60 km/h,Sealed - Dry,Clear,Daylight,Curved - view obscured,Level,307.0,Veh'S Same Direction: Lane Change Left,Lane changes,W,0,0,0,1,1,1,0,1,0,0,0,0
367188,Hospitalisation,2018,April,Saturday,12,Fall from vehicle,Single Vehicle,152.769258076506,-27.3511114184696,Mount Glorious Rd,Mount Nebo Rd,Mount Glorious Road,Banks Creek,Brisbane City,4306,Ferny Grove,North Brisbane,Brisbane,SEQ North,Metropolitan,Lake Manchester - England Creek,Ipswich Hinterland,Ipswich,Inner Regional,Pine Rivers,Ryan,State-controlled,Intersection - T-Junction,No traffic control,70 km/h,Sealed - Wet,Raining,Daylight,Curved - view obscured,Grade,805.0,Off Path-Curve: Out Of Control On Cway,Out of control on curve,N,0,1,0,0,1,0,1,0,0,0,0,0
367189,Medical treatment,2018,April,Thursday,13,Rear-end,Multi-Vehicle,152.996149043125,-27.4237135416923,Samford Rd,Unknown,,Alderley,Brisbane City,4051,Stafford,North Brisbane,Brisbane,SEQ North,Metropolitan,Alderley,Brisbane Inner - North,Brisbane Inner City,Major Cities,Ferny Grove,Brisbane,Locally-controlled,No Roadway Feature,No traffic control,60 km/h,Sealed - Dry,Clear,Daylight,Straight,Level,301.0,Veh'S Same Direction: Rear End,Rear-end,W,0,0,1,0,1,2,0,1,0,0,0,0
367190,Hospitalisation,2018,April,Friday,17,Angle,Multi-Vehicle,152.961635049404,-27.4031804380716,Dawson Pde,Unknown,,Keperra,Brisbane City,4054,Ferny Grove,North Brisbane,Brisbane,SEQ North,Metropolitan,Keperra,The Gap - Enoggera,Brisbane - West,Major Cities,Ferny Grove,Ryan,Locally-controlled,No Roadway Feature,No traffic control,60 km/h,Sealed - Dry,Clear,Daylight,Straight,Crest,408.0,Veh'S Manoeuvring: Entering From Footway,Vehicle leaving driveway,N,0,2,2,0,4,2,0,0,0,0,0,0
367191,Hospitalisation,2018,April,Friday,6,Rear-end,Multi-Vehicle,152.986565252613,-27.396213362514,Old Northern Rd,Unknown,Everton Park - Albany Creek Road,Everton Park,Brisbane City,4053,Ferny Grove,North Brisbane,Brisbane,SEQ North,Metropolitan,Everton Park,Bald Hills - Everton Park,Brisbane - North,Major Cities,Everton,Lilley,State-controlled,No Roadway Feature,No traffic control,60 km/h,Sealed - Dry,Clear,Daylight,Straight,Level,301.0,Veh'S Same Direction: Rear End,Rear-end,E,0,1,1,0,2,2,1,0,0,0,0,0
367192,Medical treatment,2018,April,Sunday,1,Hit pedestrian,Hit pedestrian,152.9934860432,-27.4253884414386,Girton St,Unknown,,Alderley,Brisbane City,4051,Stafford,North Brisbane,Brisbane,SEQ North,Metropolitan,Enoggera,The Gap - Enoggera,Brisbane - West,Major Cities,Ferny Grove,Brisbane,Locally-controlled,No Roadway Feature,No traffic control,0 - 50 km/h,Sealed - Dry,Clear,Darkness - Lighted,Straight,Level,9.0,Ped'N: Hit While Boarding/Alighting,Pedestrian,U,0,0,1,0,1,1,0,0,0,0,1,0
367193,Medical treatment,2018,April,Sunday,15,Angle,Multi-Vehicle,152.932131053644,-27.3945664350509,England Rd,Samford Rd,Samford Road,Ferny Hills,Moreton Bay Region,4055,Ferny Grove,North Brisbane,Brisbane,SEQ North,North Coast,The Hills District,The Hills District,Moreton Bay - South,Major Cities,Ferny Grove,Dickson,State-controlled,Intersection - T-Junction,Give way sign,60 km/h,Sealed - Dry,Clear,Daylight,Curved - view open,Level,104.0,Veh'S Adjacent Approach: Thru-Right,Intersection from adjacent approaches,S,0,0,3,0,3,2,0,0,0,0,0,0
367194,Medical treatment,2018,May,Friday,15,Angle,Multi-Vehicle,152.992173430668,-27.4069012421607,Stafford Rd,Unknown,East-West Arterial Road,Everton Park,Brisbane City,4053,Stafford,North Brisbane,Brisbane,SEQ North,Metropolitan,Everton Park,Bald Hills - Everton Park,Brisbane - North,Major Cities,Everton,Lilley,State-controlled,No Roadway Feature,No traffic control,60 km/h,Sealed - Dry,Clear,Daylight,Curved - view open,Level,406.0,Veh'S Manoeuvring: Leaving Driveway,Vehicle leaving driveway,E,0,0,1,0,1,2,0,0,0,0,0,0
367195,Hospitalisation,2018,May,Saturday,13,Hit object,Single Vehicle,152.937087054532,-27.3832684354573,Fleetwood Ct,Unknown,,Ferny Hills,Moreton Bay Region,4055,Ferny Grove,North Brisbane,Brisbane,SEQ North,North Coast,The Hills District,The Hills District,Moreton Bay - South,Major Cities,Ferny Grove,Dickson,Locally-controlled,No Roadway Feature,No traffic control,0 - 50 km/h,Sealed - Dry,Clear,Daylight,Curved - view obscured,Crest,803.0,Off Path-Curve: Off Cway Rt Bend Hit Obj,Off carriageway on curve hit object,E,0,1,0,0,1,1,0,0,0,0,0,0
367196,Minor injury,2018,May,Thursday,16,Angle,Multi-Vehicle,152.959711050328,-27.3974674378338,Nepean Ave,Patricks Rd,,Arana Hills,Moreton Bay Region,4054,Ferny Grove,North Brisbane,Brisbane,SEQ North,North Coast,The Hills District,The Hills District,Moreton Bay - South,Major Cities,Ferny Grove,Dickson,Locally-controlled,No Roadway Feature,Operating traffic lights,60 km/h,Sealed - Dry,Clear,Darkness - Lighted,Straight,Level,202.0,Veh'S Opposite Approach: Thru-Right,Opposing vehicles turning,E,0,0,0,1,1,2,0,0,0,0,0,0
367197,Medical treatment,2018,May,Monday,10,Head-on,Multi-Vehicle,152.941981051006,-27.4071804361361,Avington St,Unknown,,Keperra,Brisbane City,4054,Ferny Grove,North Brisbane,Brisbane,SEQ North,Metropolitan,Keperra,The Gap - Enoggera,Brisbane - West,Major Cities,Ferny Grove,Ryan,Locally-controlled,No Roadway Feature,No traffic control,0 - 50 km/h,Sealed - Dry,Clear,Daylight,Straight,Level,406.0,Veh'S Manoeuvring: Leaving Driveway,Vehicle leaving driveway,W,0,0,1,0,1,2,0,0,0,0,0,0
367198,Hospitalisation,2018,May,Tuesday,6,Angle,Multi-Vehicle,152.997986898395,-27.4200082548473,Pickering St,Unknown,,Enoggera,Brisbane City,4051,Stafford,North Brisbane,Brisbane,SEQ North,Metropolitan,Enoggera,The Gap - Enoggera,Brisbane - West,Major Cities,Everton,Brisbane,Locally-controlled,No Roadway Feature,No traffic control,60 km/h,Sealed - Dry,Clear,Daylight,Straight,Level,202.0,Veh'S Opposite Approach: Thru-Right,Opposing vehicles turning,E,0,1,0,0,1,1,1,0,0,0,0,0
367199,Minor injury,2018,May,Tuesday,7,Rear-end,Multi-Vehicle,152.948268047728,-27.4279074369291,Settlement Rd,Yarrabee Rd,,The Gap,Brisbane City,4061,Ferny Grove,North Brisbane,Brisbane,SEQ North,Metropolitan,Keperra,The Gap - Enoggera,Brisbane - West,Major Cities,Ferny Grove,Ryan,Locally-controlled,Intersection - T-Junction,No traffic control,70 km/h,Sealed - Dry,Clear,Daylight,Curved - view open,Level,301.0,Veh'S Same Direction: Rear End,Rear-end,S,0,0,0,1,1,2,0,0,0,0,0,0
367200,Medical treatment,2018,May,Thursday,16,Angle,Multi-Vehicle,153.008036040044,-27.438066842998,Edmondstone St,Unknown,,Newmarket,Brisbane City,4051,Stafford,North Brisbane,Brisbane,SEQ North,Metropolitan,Newmarket,Brisbane Inner - North,Brisbane Inner City,Major Cities,Stafford,Brisbane,Locally-controlled,No Roadway Feature,No traffic control,60 km/h,Sealed - Dry,Clear,Daylight,Straight,Level,202.0,Veh'S Opposite Approach: Thru-Right,Opposing vehicles turning,W,0,0,1,0,1,2,0,0,0,0,0,0
367201,Minor injury,2018,May,Tuesday,20,Sideswipe,Multi-Vehicle,152.992889043555,-27.4230734413604,Bond St,Samford Rd,,Enoggera,Brisbane City,4051,Stafford,North Brisbane,Brisbane,SEQ North,Metropolitan,Enoggera,The Gap - Enoggera,Brisbane - West,Major Cities,Ferny Grove,Brisbane,Locally-controlled,Intersection - Cross,No traffic control,60 km/h,Sealed - Dry,Clear,Darkness - Lighted,Straight,Level,202.0,Veh'S Opposite Approach: Thru-Right,Opposing vehicles turning,W,0,0,0,1,1,2,0,0,0,0,0,0
367202,Medical treatment,2018,May,Saturday,15,Hit parked vehicle,Single Vehicle,152.945204905086,-27.4037900314318,Kolora Cres,Unknown,,Ferny Hills,Moreton Bay Region,4055,Ferny Grove,North Brisbane,Brisbane,SEQ North,North Coast,The Hills District,The Hills District,Moreton Bay - South,Major Cities,Ferny Grove,Dickson,Locally-controlled,No Roadway Feature,No traffic control,0 - 50 km/h,Sealed - Wet,Clear,Daylight,Straight,Level,601.0,Veh'S On Path: Parked,Hit parked vehicle,W,0,0,1,0,1,2,0,0,0,0,0,0
367203,Hospitalisation,2018,May,Tuesday,17,Hit pedestrian,Hit pedestrian,153.00789004005,-27.438145442984,Edmondstone St,Unknown,,Newmarket,Brisbane City,4051,Stafford,North Brisbane,Brisbane,SEQ North,Metropolitan,Newmarket,Brisbane Inner - North,Brisbane Inner City,Major Cities,Stafford,Brisbane,Locally-controlled,No Roadway Feature,No traffic control,0 - 50 km/h,Sealed - Dry,Clear,Darkness - Lighted,Straight,Level,3.0,Ped'N: Far Side Vehicle Hit From Left,Pedestrian,S,0,1,0,0,1,0,0,0,0,1,0,0
367204,Minor injury,2018,May,Wednesday,15,Rear-end,Multi-Vehicle,152.962726048186,-27.4119414382502,Dawson Pde,Samford Rd,Samford Sub-Arterial Road,Keperra,Brisbane City,4054,Ferny Grove,North Brisbane,Brisbane,SEQ North,Metropolitan,Keperra,The Gap - Enoggera,Brisbane - West,Major Cities,Ferny Grove,Ryan,State-controlled,Intersection - T-Junction,Operating traffic lights,60 km/h,Sealed - Dry,Clear,Daylight,Straight,Crest,301.0,Veh'S Same Direction: Rear End,Rear-end,S,0,0,0,1,1,2,0,0,0,0,0,0
367205,Medical treatment,2018,May,Thursday,15,Rear-end,Multi-Vehicle,152.938048052248,-27.4006394356909,Ferny Way,Mawarra Cres,,Ferny Hills,Moreton Bay Region,4055,Ferny Grove,North Brisbane,Brisbane,SEQ North,North Coast,The Hills District,The Hills District,Moreton Bay - South,Major Cities,Ferny Grove,Dickson,Locally-controlled,No Roadway Feature,No traffic control,60 km/h,Sealed - Dry,Clear,Daylight,Straight,Grade,303.0,Veh'S Same Direction: Right Rear,Rear-end,E,0,0,1,0,1,2,0,0,0,0,0,0
367206,Hospitalisation,2018,June,Saturday,7,Angle,Multi-Vehicle,153.010946040948,-27.4284144432136,Primrose St,Wilston Rd,,Newmarket,Brisbane City,4051,Stafford,North Brisbane,Brisbane,SEQ North,Metropolitan,Newmarket,Brisbane Inner - North,Brisbane Inner City,Major Cities,Stafford,Brisbane,Locally-controlled,Intersection - T-Junction,No traffic control,0 - 50 km/h,Sealed - Dry,Clear,Daylight,Straight,Crest,202.0,Veh'S Opposite Approach: Thru-Right,Opposing vehicles turning,N,0,1,1,0,2,2,0,0,0,0,0,0
367207,Hospitalisation,2018,June,Saturday,23,Angle,Multi-Vehicle,152.942910050211,-27.4127164362728,Samford Rd,Upper Kedron Rd,Samford Sub-Arterial Road,Keperra,Brisbane City,4054,Ferny Grove,North Brisbane,Brisbane,SEQ North,Metropolitan,Keperra,The Gap - Enoggera,Brisbane - West,Major Cities,Ferny Grove,Ryan,State-controlled,Intersection - T-Junction,Operating traffic lights,70 km/h,Sealed - Dry,Clear,Darkness - Lighted,Curved - view open,Level,301.0,Veh'S Same Direction: Rear End,Rear-end,E,0,1,0,0,1,2,0,0,0,0,0,0
367208,Hospitalisation,2018,June,Tuesday,16,Hit object,Single Vehicle,152.966535049932,-27.3948074384961,Pimelea St,Unknown,,Everton Hills,Moreton Bay Region,4053,Ferny Grove,North Brisbane,Brisbane,SEQ North,North Coast,The Hills District,The Hills District,Moreton Bay - South,Major Cities,Everton,Dickson,Locally-controlled,No Roadway Feature,No traffic control,60 km/h,Sealed - Dry,Clear,Daylight,Curved - view open,Grade,803.0,Off Path-Curve: Off Cway Rt Bend Hit Obj,Off carriageway on curve hit object,W,0,1,0,0,1,1,0,0,0,0,0,0
367209,Medical treatment,2018,June,Wednesday,15,Rear-end,Multi-Vehicle,152.942365054036,-27.382722435981,Bunya Rd,Unknown,,Ferny Hills,Moreton Bay Region,4055,Ferny Grove,North Brisbane,Brisbane,SEQ North,North Coast,The Hills District,The Hills District,Moreton Bay - South,Major Cities,Ferny Grove,Dickson,Locally-controlled,Intersection - T-Junction,No traffic control,0 - 50 km/h,Sealed - Dry,Clear,Daylight,Curved - view open,Level,302.0,Veh'S Same Direction: Left Rear,Rear-end,N,0,0,1,0,1,2,0,0,0,0,0,0
367210,Medical treatment,2018,June,Thursday,13,Angle,Multi-Vehicle,152.958603050458,-27.3973764377221,Grove Ave,Patricks Rd,,Arana Hills,Moreton Bay Region,4054,Ferny Grove,North Brisbane,Brisbane,SEQ North,North Coast,The Hills District,The Hills District,Moreton Bay - South,Major Cities,Ferny Grove,Dickson,Locally-controlled,Intersection - Cross,Operating traffic lights,0 - 50 km/h,Sealed - Wet,Raining,Daylight,Straight,Level,202.0,Veh'S Opposite Approach: Thru-Right,Opposing vehicles turning,E,0,0,1,0,1,2,0,0,0,0,0,0
367211,Minor injury,2018,June,Thursday,8,Rear-end,Multi-Vehicle,152.969979048436,-27.403774438912,Marshall St,Unknown,,Mitchelton,Brisbane City,4053,Ferny Grove,North Brisbane,Brisbane,SEQ North,Metropolitan,Mitchelton,The Gap - Enoggera,Brisbane - West,Major Cities,Everton,Ryan,Locally-controlled,No Roadway Feature,No traffic control,0 - 50 km/h,Sealed - Wet,Raining,Dawn/Dusk,Straight,Level,303.0,Veh'S Same Direction: Right Rear,Rear-end,N,0,0,0,1,1,2,0,0,0,0,0,0
367212,Medical treatment,2018,June,Thursday,18,Rear-end,Multi-Vehicle,152.967820047862,-27.4101784387464,Church Rd,Samford Rd,Samford Sub-Arterial Road,Mitchelton,Brisbane City,4053,Ferny Grove,North Brisbane,Brisbane,SEQ North,Metropolitan,Mitchelton,The Gap - Enoggera,Brisbane - West,Major Cities,Ferny Grove,Ryan,State-controlled,Intersection - Cross,No traffic control,60 km/h,Sealed - Dry,Clear,Dawn/Dusk,Straight,Level,303.0,Veh'S Same Direction: Right Rear,Rear-end,W,0,0,1,0,1,2,0,0,0,0,0,0
367213,Medical treatment,2018,June,Saturday,6,Angle,Multi-Vehicle,153.006979040303,-27.4369094428828,Enoggera Rd,Newmarket Rd,,Newmarket,Brisbane City,4051,Stafford,North Brisbane,Brisbane,SEQ North,Metropolitan,Newmarket,Brisbane Inner - North,Brisbane Inner City,Major Cities,Stafford,Brisbane,Locally-controlled,Intersection - T-Junction,Operating traffic lights,60 km/h,Sealed - Dry,Clear,Daylight,Straight,Level,202.0,Veh'S Opposite Approach: Thru-Right,Opposing vehicles turning,N,0,0,1,0,1,2,0,0,0,0,0,0
367214,Hospitalisation,2018,June,Monday,3,Hit parked vehicle,Single Vehicle,152.958015499891,-27.4103454387659,Barber St,Unknown,,Keperra,Brisbane City,4054,Ferny Grove,North Brisbane,Brisbane,SEQ North,Metropolitan,Keperra,The Gap - Enoggera,Brisbane - West,Major Cities,Ferny Grove,Ryan,Locally-controlled,No Roadway Feature,No traffic control,0 - 50 km/h,Sealed - Dry,Clear,Darkness - Not lighted,Straight,Level,200.0,Veh'S Opposite Approach: Other,Other,N,0,1,0,0,1,2,0,0,0,0,0,0
367215,Hospitalisation,2018,June,Tuesday,18,Fall from vehicle,Single Vehicle,153.006792039696,-27.4418834429034,Enoggera Rd,Thurlow St,,Newmarket,Brisbane City,4051,Stafford,North Brisbane,Brisbane,SEQ North,Metropolitan,Newmarket,Brisbane Inner - North,Brisbane Inner City,Major Cities,Cooper,Brisbane,Locally-controlled,Intersection - T-Junction,No traffic control,60 km/h,Sealed - Dry,Clear,Dawn/Dusk,Straight,Level,705.0,Off Path-Straight:Out Of Control On Cway,Out of control on straight,N,0,1,0,0,1,0,1,0,0,0,0,0
367216,Hospitalisation,2018,June,Friday,15,Rear-end,Multi-Vehicle,152.937548052307,-27.4005994356405,Ferny Way,Unknown,,Ferny Hills,Moreton Bay Region,4055,Ferny Grove,North Brisbane,Brisbane,SEQ North,North Coast,The Hills District,The Hills District,Moreton Bay - South,Major Cities,Ferny Grove,Dickson,Locally-controlled,No Roadway Feature,Pedestrian crossing sign,60 km/h,Sealed - Dry,Clear,Daylight,Straight,Grade,301.0,Veh'S Same Direction: Rear End,Rear-end,E,0,1,0,0,1,2,0,0,0,0,0,0
367217,Medical treatment,2018,July,Wednesday,8,Rear-end,Multi-Vehicle,152.980488045705,-27.4165424400658,Samford Rd,Unknown,Samford Sub-Arterial Road,Gaythorne,Brisbane City,4051,Ferny Grove,North Brisbane,Brisbane,SEQ North,Metropolitan,Enoggera,The Gap - Enoggera,Brisbane - West,Major Cities,Ferny Grove,Ryan,State-controlled,No Roadway Feature,No traffic control,60 km/h,Sealed - Wet,Clear,Daylight,Straight,Level,301.0,Veh'S Same Direction: Rear End,Rear-end,W,0,0,1,0,1,4,0,0,0,0,0,0
367218,Hospitalisation,2018,July,Wednesday,6,Angle,Multi-Vehicle,152.990870045896,-27.4061944410245,Sizer St,South Pine Rd,Everton Park - Albany Creek Road,Everton Park,Brisbane City,4053,Ferny Grove,North Brisbane,Brisbane,SEQ North,Metropolitan,Everton Park,Bald Hills - Everton Park,Brisbane - North,Major Cities,Everton,Lilley,State-controlled,Intersection - T-Junction,Give way sign,60 km/h,Sealed - Dry,Clear,Daylight,Straight,Level,104.0,Veh'S Adjacent Approach: Thru-Right,Intersection from adjacent approaches,S,0,1,0,0,1,1,1,0,0,0,0,0
367219,Hospitalisation,2018,July,Friday,10,Angle,Multi-Vehicle,152.944984052183,-27.3952434363421,Park Rd,Patricks Rd,,Arana Hills,Moreton Bay Region,4054,Ferny Grove,North Brisbane,Brisbane,SEQ North,North Coast,The Hills District,The Hills District,Moreton Bay - South,Major Cities,Ferny Grove,Dickson,Locally-controlled,Intersection - T-Junction,Stop sign,60 km/h,Sealed - Dry,Clear,Daylight,Straight,Crest,104.0,Veh'S Adjacent Approach: Thru-Right,Intersection from adjacent approaches,E,0,1,0,0,1,1,1,0,0,0,0,0
367220,Hospitalisation,2018,July,Saturday,13,Head-on,Multi-Vehicle,152.784880070259,-27.3877854203126,Mount Nebo Rd,Unknown,,Mount Nebo,Moreton Bay Region,4520,Ferny Grove,North Brisbane,Brisbane,SEQ North,North Coast,Samford Valley,The Hills District,Moreton Bay - South,Inner Regional,Pine Rivers,Dickson,Locally-controlled,No Roadway Feature,Operating traffic lights,0 - 50 km/h,Sealed - Dry,Clear,Daylight,Curved - view obscured,Grade,201.0,Veh'S Opposite Approach: Head On,Head-on,N,0,1,0,0,1,1,1,0,0,0,0,0
367221,Medical treatment,2018,July,Wednesday,16,Rear-end,Multi-Vehicle,152.985003048381,-27.3914364403196,Keona Rd,Old Northern Rd,Everton Park - Albany Creek Road,Everton Park,Brisbane City,4053,Albany Creek,North Brisbane,Brisbane,SEQ North,Metropolitan,Mcdowall,Bald Hills - Everton Park,Brisbane - North,Major Cities,Everton,Lilley,State-controlled,Intersection - T-Junction,No traffic control,60 km/h,Sealed - Dry,Clear,Daylight,Straight,Level,303.0,Veh'S Same Direction: Right Rear,Rear-end,N,0,0,1,0,1,2,0,0,0,0,0,0
367222,Medical treatment,2018,July,Sunday,7,Angle,Multi-Vehicle,152.961466048571,-27.4099504381083,Callan St,Crampton St,,Keperra,Brisbane City,4054,Ferny Grove,North Brisbane,Brisbane,SEQ North,Metropolitan,Keperra,The Gap - Enoggera,Brisbane - West,Major Cities,Ferny Grove,Ryan,Locally-controlled,Intersection - Cross,Give way sign,0 - 50 km/h,Sealed - Dry,Clear,Daylight,Straight,Level,101.0,Veh'S Adjacent Approach: Thru-Thru,Intersection from adjacent approaches,S,0,0,1,1,2,2,0,0,0,0,0,0
367223,Medical treatment,2018,July,Sunday,6,Rear-end,Multi-Vehicle,152.881676064767,-27.3488774296481,Mt Samson Rd,Unknown,Strathpine - Samford Road,Yugar,Moreton Bay Region,4520,Albany Creek,North Brisbane,Brisbane,SEQ North,North Coast,Samford Valley,The Hills District,Moreton Bay - South,Inner Regional,Pine Rivers,Dickson,State-controlled,No Roadway Feature,No traffic control,70 km/h,Sealed - Dry,Clear,Daylight,Curved - view obscured,Grade,301.0,Veh'S Same Direction: Rear End,Rear-end,N,0,0,1,1,2,0,2,0,0,0,0,0
367224,Medical treatment,2018,July,Thursday,10,Hit object,Single Vehicle,153.004448041519,-27.4294094425697,Enoggera Rd,Unknown,,Alderley,Brisbane City,4051,Stafford,North Brisbane,Brisbane,SEQ North,Metropolitan,Alderley,Brisbane Inner - North,Brisbane Inner City,Major Cities,Ferny Grove,Brisbane,Locally-controlled,No Roadway Feature,No traffic control,60 km/h,Sealed - Dry,Clear,Daylight,Straight,Level,703.0,Off Path-Straight: Left Off Cway Hit Obj,Off carriageway on straight hit object,W,0,0,1,0,1,1,0,0,0,0,0,0
367225,Medical treatment,2018,July,Friday,8,Rear-end,Multi-Vehicle,152.978876049363,-27.3888384396851,Queens Rd,Unknown,,Everton Park,Brisbane City,4053,Ferny Grove,North Brisbane,Brisbane,SEQ North,Metropolitan,Everton Park,Bald Hills - Everton Park,Brisbane - North,Major Cities,Everton,Lilley,Locally-controlled,No Roadway Feature,No traffic control,0 - 50 km/h,Sealed - Dry,Clear,Daylight,Curved - view open,Dip,301.0,Veh'S Same Direction: Rear End,Rear-end,W,0,0,1,0,1,3,0,0,0,0,0,0
367226,Medical treatment,2018,July,Friday,9,Rear-end,Multi-Vehicle,153.007314040105,-27.4381934429266,Ashgrove Ave,Edmondstone St,,Newmarket,Brisbane City,4051,Stafford,North Brisbane,Brisbane,SEQ North,Metropolitan,Newmarket,Brisbane Inner - North,Brisbane Inner City,Major Cities,Stafford,Brisbane,Locally-controlled,Intersection - Cross,Operating traffic lights,60 km/h,Sealed - Dry,Clear,Daylight,Straight,Level,301.0,Veh'S Same Direction: Rear End,Rear-end,S,0,0,1,0,1,1,1,0,0,0,0,0
367227,Medical treatment,2018,July,Saturday,16,Angle,Multi-Vehicle,152.997975042877,-27.4241324418788,Railway St,Samford Rd,,Alderley,Brisbane City,4051,Stafford,North Brisbane,Brisbane,SEQ North,Metropolitan,Alderley,Brisbane Inner - North,Brisbane Inner City,Major Cities,Ferny Grove,Brisbane,Locally-controlled,Intersection - T-Junction,Operating traffic lights,60 km/h,Sealed - Dry,Clear,Daylight,Straight,Grade,105.0,Veh'S Adjacent Approach: Right-Right,Intersection from adjacent approaches,S,0,0,1,0,1,2,0,0,0,0,0,0
367228,Hospitalisation,2018,July,Monday,19,Hit pedestrian,Hit pedestrian,153.00692103983,-27.4407134429071,Davidson St,Enoggera Rd,,Newmarket,Brisbane City,4051,Stafford,North Brisbane,Brisbane,SEQ North,Metropolitan,Newmarket,Brisbane Inner - North,Brisbane Inner City,Major Cities,Stafford,Brisbane,Locally-controlled,Intersection - T-Junction,Operating traffic lights,60 km/h,Sealed - Dry,Clear,Dawn/Dusk,Straight,Level,1.0,Ped'N: Near Side Vehicle Hit From Right,Pedestrian,N,0,1,0,0,1,1,0,0,0,0,1,0
367229,Medical treatment,2018,July,Tuesday,8,Angle,Multi-Vehicle,152.874980061911,-27.3774064292057,Coonan Rd,Wights Mountain Rd,,Samford Valley,Moreton Bay Region,4520,Ferny Grove,North Brisbane,Brisbane,SEQ North,North Coast,Samford Valley,The Hills District,Moreton Bay - South,Major Cities,Pine Rivers,Dickson,Locally-controlled,Intersection - T-Junction,No traffic control,80 - 90 km/h,Sealed - Dry,Clear,Daylight,Straight,Level,308.0,Veh'S Same Direction: Right Turn S/Swipe,Parallel lanes turning,S,0,0,1,0,1,2,0,0,0,0,0,0
367230,Medical treatment,2018,July,Monday,2,Hit object,Single Vehicle,152.907544056435,-27.393295432583,Samford Rd,Unknown,Samford Road,Ferny Hills,Moreton Bay Region,4055,Ferny Grove,North Brisbane,Brisbane,SEQ North,North Coast,The Hills District,The Hills District,Moreton Bay - South,Major Cities,Ferny Grove,Dickson,State-controlled,No Roadway Feature,No traffic control,70 km/h,Sealed - Wet,Clear,Darkness - Not lighted,Curved - view obscured,Crest,804.0,Off Path-Curve: Off Cway Lt Bend Hit Obj,Off carriageway on curve hit object,E,0,0,1,0,1,1,0,0,0,0,0,0